s..................../prj/corp/airesearch/lasvegas/vol22-scratch/users/tanngo/PhD/fix_torch_compile/prwork/envcu130/lib/python3.12/site-packages/torch/_inductor/lowering.py:2633: UserWarning: Torchinductor does not support code generation for complex operators. Performance may be worse than eager.
  warnings.warn(
../tmp/t213/test/inductor/test_torchinductor.py:1662: UserWarning: ComplexHalf support is experimental and many operators don't support it yet. (Triggered internally at /__w/pytorch/pytorch/aten/src/ATen/EmptyTensor.cpp:54.)
  x = torch.tensor(
....................sss.....W0826 20:15:08.609000 13840 torch/_export/__init__.py:71] +============================+
W0826 20:15:08.611000 13840 torch/_export/__init__.py:72] |     !!!   WARNING   !!!    |
W0826 20:15:08.611000 13840 torch/_export/__init__.py:73] +============================+
W0826 20:15:08.611000 13840 torch/_export/__init__.py:74] torch._export.aot_compile()/torch._export.aot_load() is being deprecated, please switch to directly calling torch._inductor.aoti_compile_and_package(torch.export.export())/torch._inductor.aoti_load_package() instead.
/usr2/tanngo/.local/share/uv/python/cpython-3.12.14-linux-x86_64-gnu/lib/python3.12/copyreg.py:99: FutureWarning: `isinstance(treespec, LeafSpec)` is deprecated, use `isinstance(treespec, TreeSpec) and treespec.is_leaf()` instead.
  return cls.__new__(cls, *args)
./usr2/tanngo/.local/share/uv/python/cpython-3.12.14-linux-x86_64-gnu/lib/python3.12/copyreg.py:99: FutureWarning: `isinstance(treespec, LeafSpec)` is deprecated, use `isinstance(treespec, TreeSpec) and treespec.is_leaf()` instead.
  return cls.__new__(cls, *args)
./usr2/tanngo/.local/share/uv/python/cpython-3.12.14-linux-x86_64-gnu/lib/python3.12/copyreg.py:99: FutureWarning: `isinstance(treespec, LeafSpec)` is deprecated, use `isinstance(treespec, TreeSpec) and treespec.is_leaf()` instead.
  return cls.__new__(cls, *args)
/usr2/tanngo/.local/share/uv/python/cpython-3.12.14-linux-x86_64-gnu/lib/python3.12/copyreg.py:99: FutureWarning: `isinstance(treespec, LeafSpec)` is deprecated, use `isinstance(treespec, TreeSpec) and treespec.is_leaf()` instead.
  return cls.__new__(cls, *args)
/usr2/tanngo/.local/share/uv/python/cpython-3.12.14-linux-x86_64-gnu/lib/python3.12/copyreg.py:99: FutureWarning: `isinstance(treespec, LeafSpec)` is deprecated, use `isinstance(treespec, TreeSpec) and treespec.is_leaf()` instead.
  return cls.__new__(cls, *args)
/usr2/tanngo/.local/share/uv/python/cpython-3.12.14-linux-x86_64-gnu/lib/python3.12/copyreg.py:99: FutureWarning: `isinstance(treespec, LeafSpec)` is deprecated, use `isinstance(treespec, TreeSpec) and treespec.is_leaf()` instead.
  return cls.__new__(cls, *args)
./usr2/tanngo/.local/share/uv/python/cpython-3.12.14-linux-x86_64-gnu/lib/python3.12/copyreg.py:99: FutureWarning: `isinstance(treespec, LeafSpec)` is deprecated, use `isinstance(treespec, TreeSpec) and treespec.is_leaf()` instead.
  return cls.__new__(cls, *args)
./usr2/tanngo/.local/share/uv/python/cpython-3.12.14-linux-x86_64-gnu/lib/python3.12/copyreg.py:99: FutureWarning: `isinstance(treespec, LeafSpec)` is deprecated, use `isinstance(treespec, TreeSpec) and treespec.is_leaf()` instead.
  return cls.__new__(cls, *args)
/usr2/tanngo/.local/share/uv/python/cpython-3.12.14-linux-x86_64-gnu/lib/python3.12/copyreg.py:99: FutureWarning: `isinstance(treespec, LeafSpec)` is deprecated, use `isinstance(treespec, TreeSpec) and treespec.is_leaf()` instead.
  return cls.__new__(cls, *args)
./usr2/tanngo/.local/share/uv/python/cpython-3.12.14-linux-x86_64-gnu/lib/python3.12/copyreg.py:99: FutureWarning: `isinstance(treespec, LeafSpec)` is deprecated, use `isinstance(treespec, TreeSpec) and treespec.is_leaf()` instead.
  return cls.__new__(cls, *args)
./usr2/tanngo/.local/share/uv/python/cpython-3.12.14-linux-x86_64-gnu/lib/python3.12/copyreg.py:99: FutureWarning: `isinstance(treespec, LeafSpec)` is deprecated, use `isinstance(treespec, TreeSpec) and treespec.is_leaf()` instead.
  return cls.__new__(cls, *args)
/usr2/tanngo/.local/share/uv/python/cpython-3.12.14-linux-x86_64-gnu/lib/python3.12/copyreg.py:99: FutureWarning: `isinstance(treespec, LeafSpec)` is deprecated, use `isinstance(treespec, TreeSpec) and treespec.is_leaf()` instead.
  return cls.__new__(cls, *args)
/usr2/tanngo/.local/share/uv/python/cpython-3.12.14-linux-x86_64-gnu/lib/python3.12/copyreg.py:99: FutureWarning: `isinstance(treespec, LeafSpec)` is deprecated, use `isinstance(treespec, TreeSpec) and treespec.is_leaf()` instead.
  return cls.__new__(cls, *args)
/usr2/tanngo/.local/share/uv/python/cpython-3.12.14-linux-x86_64-gnu/lib/python3.12/copyreg.py:99: FutureWarning: `isinstance(treespec, LeafSpec)` is deprecated, use `isinstance(treespec, TreeSpec) and treespec.is_leaf()` instead.
  return cls.__new__(cls, *args)
/usr2/tanngo/.local/share/uv/python/cpython-3.12.14-linux-x86_64-gnu/lib/python3.12/copyreg.py:99: FutureWarning: `isinstance(treespec, LeafSpec)` is deprecated, use `isinstance(treespec, TreeSpec) and treespec.is_leaf()` instead.
  return cls.__new__(cls, *args)
........................................E0826 20:19:35.688000 13840 torch/_subclasses/fake_tensor.py:3090] [0/0] failed while attempting to run meta for aten.avg_pool2d.default
E0826 20:19:35.688000 13840 torch/_subclasses/fake_tensor.py:3090] [0/0] Traceback (most recent call last):
E0826 20:19:35.688000 13840 torch/_subclasses/fake_tensor.py:3090] [0/0]   File "/prj/corp/airesearch/lasvegas/vol22-scratch/users/tanngo/PhD/fix_torch_compile/prwork/envcu130/lib/python3.12/site-packages/torch/_subclasses/fake_tensor.py", line 3086, in _dispatch_impl
E0826 20:19:35.688000 13840 torch/_subclasses/fake_tensor.py:3090] [0/0]     r = func(*args, **kwargs)
E0826 20:19:35.688000 13840 torch/_subclasses/fake_tensor.py:3090] [0/0]         ^^^^^^^^^^^^^^^^^^^^^
E0826 20:19:35.688000 13840 torch/_subclasses/fake_tensor.py:3090] [0/0]   File "/prj/corp/airesearch/lasvegas/vol22-scratch/users/tanngo/PhD/fix_torch_compile/prwork/envcu130/lib/python3.12/site-packages/torch/_ops.py", line 875, in __call__
E0826 20:19:35.688000 13840 torch/_subclasses/fake_tensor.py:3090] [0/0]     return self._op(*args, **kwargs)
E0826 20:19:35.688000 13840 torch/_subclasses/fake_tensor.py:3090] [0/0]            ^^^^^^^^^^^^^^^^^^^^^^^^^
E0826 20:19:35.688000 13840 torch/_subclasses/fake_tensor.py:3090] [0/0]   File "/prj/corp/airesearch/lasvegas/vol22-scratch/users/tanngo/PhD/fix_torch_compile/prwork/envcu130/lib/python3.12/site-packages/torch/_meta_registrations.py", line 3149, in meta_avg_pool2d
E0826 20:19:35.688000 13840 torch/_subclasses/fake_tensor.py:3090] [0/0]     torch._check(
E0826 20:19:35.688000 13840 torch/_subclasses/fake_tensor.py:3090] [0/0]   File "/prj/corp/airesearch/lasvegas/vol22-scratch/users/tanngo/PhD/fix_torch_compile/prwork/envcu130/lib/python3.12/site-packages/torch/__init__.py", line 1768, in _check
E0826 20:19:35.688000 13840 torch/_subclasses/fake_tensor.py:3090] [0/0]     _check_with(RuntimeError, cond, message)  # pyrefly: ignore [bad-argument-type]
E0826 20:19:35.688000 13840 torch/_subclasses/fake_tensor.py:3090] [0/0]     ^^^^^^^^^^^^^^^^^^^^^^^^^^^^^^^^^^^^^^^^
E0826 20:19:35.688000 13840 torch/_subclasses/fake_tensor.py:3090] [0/0]   File "/prj/corp/airesearch/lasvegas/vol22-scratch/users/tanngo/PhD/fix_torch_compile/prwork/envcu130/lib/python3.12/site-packages/torch/__init__.py", line 1750, in _check_with
E0826 20:19:35.688000 13840 torch/_subclasses/fake_tensor.py:3090] [0/0]     raise error_type(message_evaluated)
E0826 20:19:35.688000 13840 torch/_subclasses/fake_tensor.py:3090] [0/0] RuntimeError: "avg_pool2d" not implemented for 'torch.uint8'
E0826 20:19:35.764000 13840 torch/_subclasses/fake_tensor.py:3090] [0/1] failed while attempting to run meta for aten.avg_pool2d.default
E0826 20:19:35.764000 13840 torch/_subclasses/fake_tensor.py:3090] [0/1] Traceback (most recent call last):
E0826 20:19:35.764000 13840 torch/_subclasses/fake_tensor.py:3090] [0/1]   File "/prj/corp/airesearch/lasvegas/vol22-scratch/users/tanngo/PhD/fix_torch_compile/prwork/envcu130/lib/python3.12/site-packages/torch/_subclasses/fake_tensor.py", line 3086, in _dispatch_impl
E0826 20:19:35.764000 13840 torch/_subclasses/fake_tensor.py:3090] [0/1]     r = func(*args, **kwargs)
E0826 20:19:35.764000 13840 torch/_subclasses/fake_tensor.py:3090] [0/1]         ^^^^^^^^^^^^^^^^^^^^^
E0826 20:19:35.764000 13840 torch/_subclasses/fake_tensor.py:3090] [0/1]   File "/prj/corp/airesearch/lasvegas/vol22-scratch/users/tanngo/PhD/fix_torch_compile/prwork/envcu130/lib/python3.12/site-packages/torch/_ops.py", line 875, in __call__
E0826 20:19:35.764000 13840 torch/_subclasses/fake_tensor.py:3090] [0/1]     return self._op(*args, **kwargs)
E0826 20:19:35.764000 13840 torch/_subclasses/fake_tensor.py:3090] [0/1]            ^^^^^^^^^^^^^^^^^^^^^^^^^
E0826 20:19:35.764000 13840 torch/_subclasses/fake_tensor.py:3090] [0/1]   File "/prj/corp/airesearch/lasvegas/vol22-scratch/users/tanngo/PhD/fix_torch_compile/prwork/envcu130/lib/python3.12/site-packages/torch/_meta_registrations.py", line 3149, in meta_avg_pool2d
E0826 20:19:35.764000 13840 torch/_subclasses/fake_tensor.py:3090] [0/1]     torch._check(
E0826 20:19:35.764000 13840 torch/_subclasses/fake_tensor.py:3090] [0/1]   File "/prj/corp/airesearch/lasvegas/vol22-scratch/users/tanngo/PhD/fix_torch_compile/prwork/envcu130/lib/python3.12/site-packages/torch/__init__.py", line 1768, in _check
E0826 20:19:35.764000 13840 torch/_subclasses/fake_tensor.py:3090] [0/1]     _check_with(RuntimeError, cond, message)  # pyrefly: ignore [bad-argument-type]
E0826 20:19:35.764000 13840 torch/_subclasses/fake_tensor.py:3090] [0/1]     ^^^^^^^^^^^^^^^^^^^^^^^^^^^^^^^^^^^^^^^^
E0826 20:19:35.764000 13840 torch/_subclasses/fake_tensor.py:3090] [0/1]   File "/prj/corp/airesearch/lasvegas/vol22-scratch/users/tanngo/PhD/fix_torch_compile/prwork/envcu130/lib/python3.12/site-packages/torch/__init__.py", line 1750, in _check_with
E0826 20:19:35.764000 13840 torch/_subclasses/fake_tensor.py:3090] [0/1]     raise error_type(message_evaluated)
E0826 20:19:35.764000 13840 torch/_subclasses/fake_tensor.py:3090] [0/1] RuntimeError: "avg_pool2d" not implemented for 'torch.uint16'
E0826 20:19:35.803000 13840 torch/_subclasses/fake_tensor.py:3090] [0/2] failed while attempting to run meta for aten.avg_pool2d.default
E0826 20:19:35.803000 13840 torch/_subclasses/fake_tensor.py:3090] [0/2] Traceback (most recent call last):
E0826 20:19:35.803000 13840 torch/_subclasses/fake_tensor.py:3090] [0/2]   File "/prj/corp/airesearch/lasvegas/vol22-scratch/users/tanngo/PhD/fix_torch_compile/prwork/envcu130/lib/python3.12/site-packages/torch/_subclasses/fake_tensor.py", line 3086, in _dispatch_impl
E0826 20:19:35.803000 13840 torch/_subclasses/fake_tensor.py:3090] [0/2]     r = func(*args, **kwargs)
E0826 20:19:35.803000 13840 torch/_subclasses/fake_tensor.py:3090] [0/2]         ^^^^^^^^^^^^^^^^^^^^^
E0826 20:19:35.803000 13840 torch/_subclasses/fake_tensor.py:3090] [0/2]   File "/prj/corp/airesearch/lasvegas/vol22-scratch/users/tanngo/PhD/fix_torch_compile/prwork/envcu130/lib/python3.12/site-packages/torch/_ops.py", line 875, in __call__
E0826 20:19:35.803000 13840 torch/_subclasses/fake_tensor.py:3090] [0/2]     return self._op(*args, **kwargs)
E0826 20:19:35.803000 13840 torch/_subclasses/fake_tensor.py:3090] [0/2]            ^^^^^^^^^^^^^^^^^^^^^^^^^
E0826 20:19:35.803000 13840 torch/_subclasses/fake_tensor.py:3090] [0/2]   File "/prj/corp/airesearch/lasvegas/vol22-scratch/users/tanngo/PhD/fix_torch_compile/prwork/envcu130/lib/python3.12/site-packages/torch/_meta_registrations.py", line 3149, in meta_avg_pool2d
E0826 20:19:35.803000 13840 torch/_subclasses/fake_tensor.py:3090] [0/2]     torch._check(
E0826 20:19:35.803000 13840 torch/_subclasses/fake_tensor.py:3090] [0/2]   File "/prj/corp/airesearch/lasvegas/vol22-scratch/users/tanngo/PhD/fix_torch_compile/prwork/envcu130/lib/python3.12/site-packages/torch/__init__.py", line 1768, in _check
E0826 20:19:35.803000 13840 torch/_subclasses/fake_tensor.py:3090] [0/2]     _check_with(RuntimeError, cond, message)  # pyrefly: ignore [bad-argument-type]
E0826 20:19:35.803000 13840 torch/_subclasses/fake_tensor.py:3090] [0/2]     ^^^^^^^^^^^^^^^^^^^^^^^^^^^^^^^^^^^^^^^^
E0826 20:19:35.803000 13840 torch/_subclasses/fake_tensor.py:3090] [0/2]   File "/prj/corp/airesearch/lasvegas/vol22-scratch/users/tanngo/PhD/fix_torch_compile/prwork/envcu130/lib/python3.12/site-packages/torch/__init__.py", line 1750, in _check_with
E0826 20:19:35.803000 13840 torch/_subclasses/fake_tensor.py:3090] [0/2]     raise error_type(message_evaluated)
E0826 20:19:35.803000 13840 torch/_subclasses/fake_tensor.py:3090] [0/2] RuntimeError: "avg_pool2d" not implemented for 'torch.uint32'
E0826 20:19:35.842000 13840 torch/_subclasses/fake_tensor.py:3090] [0/3] failed while attempting to run meta for aten.avg_pool2d.default
E0826 20:19:35.842000 13840 torch/_subclasses/fake_tensor.py:3090] [0/3] Traceback (most recent call last):
E0826 20:19:35.842000 13840 torch/_subclasses/fake_tensor.py:3090] [0/3]   File "/prj/corp/airesearch/lasvegas/vol22-scratch/users/tanngo/PhD/fix_torch_compile/prwork/envcu130/lib/python3.12/site-packages/torch/_subclasses/fake_tensor.py", line 3086, in _dispatch_impl
E0826 20:19:35.842000 13840 torch/_subclasses/fake_tensor.py:3090] [0/3]     r = func(*args, **kwargs)
E0826 20:19:35.842000 13840 torch/_subclasses/fake_tensor.py:3090] [0/3]         ^^^^^^^^^^^^^^^^^^^^^
E0826 20:19:35.842000 13840 torch/_subclasses/fake_tensor.py:3090] [0/3]   File "/prj/corp/airesearch/lasvegas/vol22-scratch/users/tanngo/PhD/fix_torch_compile/prwork/envcu130/lib/python3.12/site-packages/torch/_ops.py", line 875, in __call__
E0826 20:19:35.842000 13840 torch/_subclasses/fake_tensor.py:3090] [0/3]     return self._op(*args, **kwargs)
E0826 20:19:35.842000 13840 torch/_subclasses/fake_tensor.py:3090] [0/3]            ^^^^^^^^^^^^^^^^^^^^^^^^^
E0826 20:19:35.842000 13840 torch/_subclasses/fake_tensor.py:3090] [0/3]   File "/prj/corp/airesearch/lasvegas/vol22-scratch/users/tanngo/PhD/fix_torch_compile/prwork/envcu130/lib/python3.12/site-packages/torch/_meta_registrations.py", line 3149, in meta_avg_pool2d
E0826 20:19:35.842000 13840 torch/_subclasses/fake_tensor.py:3090] [0/3]     torch._check(
E0826 20:19:35.842000 13840 torch/_subclasses/fake_tensor.py:3090] [0/3]   File "/prj/corp/airesearch/lasvegas/vol22-scratch/users/tanngo/PhD/fix_torch_compile/prwork/envcu130/lib/python3.12/site-packages/torch/__init__.py", line 1768, in _check
E0826 20:19:35.842000 13840 torch/_subclasses/fake_tensor.py:3090] [0/3]     _check_with(RuntimeError, cond, message)  # pyrefly: ignore [bad-argument-type]
E0826 20:19:35.842000 13840 torch/_subclasses/fake_tensor.py:3090] [0/3]     ^^^^^^^^^^^^^^^^^^^^^^^^^^^^^^^^^^^^^^^^
E0826 20:19:35.842000 13840 torch/_subclasses/fake_tensor.py:3090] [0/3]   File "/prj/corp/airesearch/lasvegas/vol22-scratch/users/tanngo/PhD/fix_torch_compile/prwork/envcu130/lib/python3.12/site-packages/torch/__init__.py", line 1750, in _check_with
E0826 20:19:35.842000 13840 torch/_subclasses/fake_tensor.py:3090] [0/3]     raise error_type(message_evaluated)
E0826 20:19:35.842000 13840 torch/_subclasses/fake_tensor.py:3090] [0/3] RuntimeError: "avg_pool2d" not implemented for 'torch.uint64'
E0826 20:19:35.882000 13840 torch/_subclasses/fake_tensor.py:3090] [0/4] failed while attempting to run meta for aten.avg_pool2d.default
E0826 20:19:35.882000 13840 torch/_subclasses/fake_tensor.py:3090] [0/4] Traceback (most recent call last):
E0826 20:19:35.882000 13840 torch/_subclasses/fake_tensor.py:3090] [0/4]   File "/prj/corp/airesearch/lasvegas/vol22-scratch/users/tanngo/PhD/fix_torch_compile/prwork/envcu130/lib/python3.12/site-packages/torch/_subclasses/fake_tensor.py", line 3086, in _dispatch_impl
E0826 20:19:35.882000 13840 torch/_subclasses/fake_tensor.py:3090] [0/4]     r = func(*args, **kwargs)
E0826 20:19:35.882000 13840 torch/_subclasses/fake_tensor.py:3090] [0/4]         ^^^^^^^^^^^^^^^^^^^^^
E0826 20:19:35.882000 13840 torch/_subclasses/fake_tensor.py:3090] [0/4]   File "/prj/corp/airesearch/lasvegas/vol22-scratch/users/tanngo/PhD/fix_torch_compile/prwork/envcu130/lib/python3.12/site-packages/torch/_ops.py", line 875, in __call__
E0826 20:19:35.882000 13840 torch/_subclasses/fake_tensor.py:3090] [0/4]     return self._op(*args, **kwargs)
E0826 20:19:35.882000 13840 torch/_subclasses/fake_tensor.py:3090] [0/4]            ^^^^^^^^^^^^^^^^^^^^^^^^^
E0826 20:19:35.882000 13840 torch/_subclasses/fake_tensor.py:3090] [0/4]   File "/prj/corp/airesearch/lasvegas/vol22-scratch/users/tanngo/PhD/fix_torch_compile/prwork/envcu130/lib/python3.12/site-packages/torch/_meta_registrations.py", line 3149, in meta_avg_pool2d
E0826 20:19:35.882000 13840 torch/_subclasses/fake_tensor.py:3090] [0/4]     torch._check(
E0826 20:19:35.882000 13840 torch/_subclasses/fake_tensor.py:3090] [0/4]   File "/prj/corp/airesearch/lasvegas/vol22-scratch/users/tanngo/PhD/fix_torch_compile/prwork/envcu130/lib/python3.12/site-packages/torch/__init__.py", line 1768, in _check
E0826 20:19:35.882000 13840 torch/_subclasses/fake_tensor.py:3090] [0/4]     _check_with(RuntimeError, cond, message)  # pyrefly: ignore [bad-argument-type]
E0826 20:19:35.882000 13840 torch/_subclasses/fake_tensor.py:3090] [0/4]     ^^^^^^^^^^^^^^^^^^^^^^^^^^^^^^^^^^^^^^^^
E0826 20:19:35.882000 13840 torch/_subclasses/fake_tensor.py:3090] [0/4]   File "/prj/corp/airesearch/lasvegas/vol22-scratch/users/tanngo/PhD/fix_torch_compile/prwork/envcu130/lib/python3.12/site-packages/torch/__init__.py", line 1750, in _check_with
E0826 20:19:35.882000 13840 torch/_subclasses/fake_tensor.py:3090] [0/4]     raise error_type(message_evaluated)
E0826 20:19:35.882000 13840 torch/_subclasses/fake_tensor.py:3090] [0/4] RuntimeError: "avg_pool2d" not implemented for 'torch.uint8'
E0826 20:19:35.911000 13840 torch/_subclasses/fake_tensor.py:3090] [0/5] failed while attempting to run meta for aten.avg_pool2d.default
E0826 20:19:35.911000 13840 torch/_subclasses/fake_tensor.py:3090] [0/5] Traceback (most recent call last):
E0826 20:19:35.911000 13840 torch/_subclasses/fake_tensor.py:3090] [0/5]   File "/prj/corp/airesearch/lasvegas/vol22-scratch/users/tanngo/PhD/fix_torch_compile/prwork/envcu130/lib/python3.12/site-packages/torch/_subclasses/fake_tensor.py", line 3086, in _dispatch_impl
E0826 20:19:35.911000 13840 torch/_subclasses/fake_tensor.py:3090] [0/5]     r = func(*args, **kwargs)
E0826 20:19:35.911000 13840 torch/_subclasses/fake_tensor.py:3090] [0/5]         ^^^^^^^^^^^^^^^^^^^^^
E0826 20:19:35.911000 13840 torch/_subclasses/fake_tensor.py:3090] [0/5]   File "/prj/corp/airesearch/lasvegas/vol22-scratch/users/tanngo/PhD/fix_torch_compile/prwork/envcu130/lib/python3.12/site-packages/torch/_ops.py", line 875, in __call__
E0826 20:19:35.911000 13840 torch/_subclasses/fake_tensor.py:3090] [0/5]     return self._op(*args, **kwargs)
E0826 20:19:35.911000 13840 torch/_subclasses/fake_tensor.py:3090] [0/5]            ^^^^^^^^^^^^^^^^^^^^^^^^^
E0826 20:19:35.911000 13840 torch/_subclasses/fake_tensor.py:3090] [0/5]   File "/prj/corp/airesearch/lasvegas/vol22-scratch/users/tanngo/PhD/fix_torch_compile/prwork/envcu130/lib/python3.12/site-packages/torch/_meta_registrations.py", line 3149, in meta_avg_pool2d
E0826 20:19:35.911000 13840 torch/_subclasses/fake_tensor.py:3090] [0/5]     torch._check(
E0826 20:19:35.911000 13840 torch/_subclasses/fake_tensor.py:3090] [0/5]   File "/prj/corp/airesearch/lasvegas/vol22-scratch/users/tanngo/PhD/fix_torch_compile/prwork/envcu130/lib/python3.12/site-packages/torch/__init__.py", line 1768, in _check
E0826 20:19:35.911000 13840 torch/_subclasses/fake_tensor.py:3090] [0/5]     _check_with(RuntimeError, cond, message)  # pyrefly: ignore [bad-argument-type]
E0826 20:19:35.911000 13840 torch/_subclasses/fake_tensor.py:3090] [0/5]     ^^^^^^^^^^^^^^^^^^^^^^^^^^^^^^^^^^^^^^^^
E0826 20:19:35.911000 13840 torch/_subclasses/fake_tensor.py:3090] [0/5]   File "/prj/corp/airesearch/lasvegas/vol22-scratch/users/tanngo/PhD/fix_torch_compile/prwork/envcu130/lib/python3.12/site-packages/torch/__init__.py", line 1750, in _check_with
E0826 20:19:35.911000 13840 torch/_subclasses/fake_tensor.py:3090] [0/5]     raise error_type(message_evaluated)
E0826 20:19:35.911000 13840 torch/_subclasses/fake_tensor.py:3090] [0/5] RuntimeError: "avg_pool2d" not implemented for 'torch.uint16'
E0826 20:19:35.937000 13840 torch/_subclasses/fake_tensor.py:3090] [0/6] failed while attempting to run meta for aten.avg_pool2d.default
E0826 20:19:35.937000 13840 torch/_subclasses/fake_tensor.py:3090] [0/6] Traceback (most recent call last):
E0826 20:19:35.937000 13840 torch/_subclasses/fake_tensor.py:3090] [0/6]   File "/prj/corp/airesearch/lasvegas/vol22-scratch/users/tanngo/PhD/fix_torch_compile/prwork/envcu130/lib/python3.12/site-packages/torch/_subclasses/fake_tensor.py", line 3086, in _dispatch_impl
E0826 20:19:35.937000 13840 torch/_subclasses/fake_tensor.py:3090] [0/6]     r = func(*args, **kwargs)
E0826 20:19:35.937000 13840 torch/_subclasses/fake_tensor.py:3090] [0/6]         ^^^^^^^^^^^^^^^^^^^^^
E0826 20:19:35.937000 13840 torch/_subclasses/fake_tensor.py:3090] [0/6]   File "/prj/corp/airesearch/lasvegas/vol22-scratch/users/tanngo/PhD/fix_torch_compile/prwork/envcu130/lib/python3.12/site-packages/torch/_ops.py", line 875, in __call__
E0826 20:19:35.937000 13840 torch/_subclasses/fake_tensor.py:3090] [0/6]     return self._op(*args, **kwargs)
E0826 20:19:35.937000 13840 torch/_subclasses/fake_tensor.py:3090] [0/6]            ^^^^^^^^^^^^^^^^^^^^^^^^^
E0826 20:19:35.937000 13840 torch/_subclasses/fake_tensor.py:3090] [0/6]   File "/prj/corp/airesearch/lasvegas/vol22-scratch/users/tanngo/PhD/fix_torch_compile/prwork/envcu130/lib/python3.12/site-packages/torch/_meta_registrations.py", line 3149, in meta_avg_pool2d
E0826 20:19:35.937000 13840 torch/_subclasses/fake_tensor.py:3090] [0/6]     torch._check(
E0826 20:19:35.937000 13840 torch/_subclasses/fake_tensor.py:3090] [0/6]   File "/prj/corp/airesearch/lasvegas/vol22-scratch/users/tanngo/PhD/fix_torch_compile/prwork/envcu130/lib/python3.12/site-packages/torch/__init__.py", line 1768, in _check
E0826 20:19:35.937000 13840 torch/_subclasses/fake_tensor.py:3090] [0/6]     _check_with(RuntimeError, cond, message)  # pyrefly: ignore [bad-argument-type]
E0826 20:19:35.937000 13840 torch/_subclasses/fake_tensor.py:3090] [0/6]     ^^^^^^^^^^^^^^^^^^^^^^^^^^^^^^^^^^^^^^^^
E0826 20:19:35.937000 13840 torch/_subclasses/fake_tensor.py:3090] [0/6]   File "/prj/corp/airesearch/lasvegas/vol22-scratch/users/tanngo/PhD/fix_torch_compile/prwork/envcu130/lib/python3.12/site-packages/torch/__init__.py", line 1750, in _check_with
E0826 20:19:35.937000 13840 torch/_subclasses/fake_tensor.py:3090] [0/6]     raise error_type(message_evaluated)
E0826 20:19:35.937000 13840 torch/_subclasses/fake_tensor.py:3090] [0/6] RuntimeError: "avg_pool2d" not implemented for 'torch.uint32'
E0826 20:19:36.358000 13840 torch/_subclasses/fake_tensor.py:3090] [0/7] failed while attempting to run meta for aten.avg_pool2d.default
E0826 20:19:36.358000 13840 torch/_subclasses/fake_tensor.py:3090] [0/7] Traceback (most recent call last):
E0826 20:19:36.358000 13840 torch/_subclasses/fake_tensor.py:3090] [0/7]   File "/prj/corp/airesearch/lasvegas/vol22-scratch/users/tanngo/PhD/fix_torch_compile/prwork/envcu130/lib/python3.12/site-packages/torch/_subclasses/fake_tensor.py", line 3086, in _dispatch_impl
E0826 20:19:36.358000 13840 torch/_subclasses/fake_tensor.py:3090] [0/7]     r = func(*args, **kwargs)
E0826 20:19:36.358000 13840 torch/_subclasses/fake_tensor.py:3090] [0/7]         ^^^^^^^^^^^^^^^^^^^^^
E0826 20:19:36.358000 13840 torch/_subclasses/fake_tensor.py:3090] [0/7]   File "/prj/corp/airesearch/lasvegas/vol22-scratch/users/tanngo/PhD/fix_torch_compile/prwork/envcu130/lib/python3.12/site-packages/torch/_ops.py", line 875, in __call__
E0826 20:19:36.358000 13840 torch/_subclasses/fake_tensor.py:3090] [0/7]     return self._op(*args, **kwargs)
E0826 20:19:36.358000 13840 torch/_subclasses/fake_tensor.py:3090] [0/7]            ^^^^^^^^^^^^^^^^^^^^^^^^^
E0826 20:19:36.358000 13840 torch/_subclasses/fake_tensor.py:3090] [0/7]   File "/prj/corp/airesearch/lasvegas/vol22-scratch/users/tanngo/PhD/fix_torch_compile/prwork/envcu130/lib/python3.12/site-packages/torch/_meta_registrations.py", line 3149, in meta_avg_pool2d
E0826 20:19:36.358000 13840 torch/_subclasses/fake_tensor.py:3090] [0/7]     torch._check(
E0826 20:19:36.358000 13840 torch/_subclasses/fake_tensor.py:3090] [0/7]   File "/prj/corp/airesearch/lasvegas/vol22-scratch/users/tanngo/PhD/fix_torch_compile/prwork/envcu130/lib/python3.12/site-packages/torch/__init__.py", line 1768, in _check
E0826 20:19:36.358000 13840 torch/_subclasses/fake_tensor.py:3090] [0/7]     _check_with(RuntimeError, cond, message)  # pyrefly: ignore [bad-argument-type]
E0826 20:19:36.358000 13840 torch/_subclasses/fake_tensor.py:3090] [0/7]     ^^^^^^^^^^^^^^^^^^^^^^^^^^^^^^^^^^^^^^^^
E0826 20:19:36.358000 13840 torch/_subclasses/fake_tensor.py:3090] [0/7]   File "/prj/corp/airesearch/lasvegas/vol22-scratch/users/tanngo/PhD/fix_torch_compile/prwork/envcu130/lib/python3.12/site-packages/torch/__init__.py", line 1750, in _check_with
E0826 20:19:36.358000 13840 torch/_subclasses/fake_tensor.py:3090] [0/7]     raise error_type(message_evaluated)
E0826 20:19:36.358000 13840 torch/_subclasses/fake_tensor.py:3090] [0/7] RuntimeError: "avg_pool2d" not implemented for 'torch.uint64'
E0826 20:19:36.398000 13840 torch/_subclasses/fake_tensor.py:3090] [0/8] failed while attempting to run meta for aten.avg_pool3d.default
E0826 20:19:36.398000 13840 torch/_subclasses/fake_tensor.py:3090] [0/8] Traceback (most recent call last):
E0826 20:19:36.398000 13840 torch/_subclasses/fake_tensor.py:3090] [0/8]   File "/prj/corp/airesearch/lasvegas/vol22-scratch/users/tanngo/PhD/fix_torch_compile/prwork/envcu130/lib/python3.12/site-packages/torch/_subclasses/fake_tensor.py", line 3086, in _dispatch_impl
E0826 20:19:36.398000 13840 torch/_subclasses/fake_tensor.py:3090] [0/8]     r = func(*args, **kwargs)
E0826 20:19:36.398000 13840 torch/_subclasses/fake_tensor.py:3090] [0/8]         ^^^^^^^^^^^^^^^^^^^^^
E0826 20:19:36.398000 13840 torch/_subclasses/fake_tensor.py:3090] [0/8]   File "/prj/corp/airesearch/lasvegas/vol22-scratch/users/tanngo/PhD/fix_torch_compile/prwork/envcu130/lib/python3.12/site-packages/torch/_ops.py", line 875, in __call__
E0826 20:19:36.398000 13840 torch/_subclasses/fake_tensor.py:3090] [0/8]     return self._op(*args, **kwargs)
E0826 20:19:36.398000 13840 torch/_subclasses/fake_tensor.py:3090] [0/8]            ^^^^^^^^^^^^^^^^^^^^^^^^^
E0826 20:19:36.398000 13840 torch/_subclasses/fake_tensor.py:3090] [0/8]   File "/prj/corp/airesearch/lasvegas/vol22-scratch/users/tanngo/PhD/fix_torch_compile/prwork/envcu130/lib/python3.12/site-packages/torch/_prims_common/wrappers.py", line 313, in _fn
E0826 20:19:36.398000 13840 torch/_subclasses/fake_tensor.py:3090] [0/8]     result = fn(*args, **kwargs)
E0826 20:19:36.398000 13840 torch/_subclasses/fake_tensor.py:3090] [0/8]              ^^^^^^^^^^^^^^^^^^^
E0826 20:19:36.398000 13840 torch/_subclasses/fake_tensor.py:3090] [0/8]   File "/prj/corp/airesearch/lasvegas/vol22-scratch/users/tanngo/PhD/fix_torch_compile/prwork/envcu130/lib/python3.12/site-packages/torch/_meta_registrations.py", line 3347, in meta_avg_pool3d
E0826 20:19:36.398000 13840 torch/_subclasses/fake_tensor.py:3090] [0/8]     torch._check(
E0826 20:19:36.398000 13840 torch/_subclasses/fake_tensor.py:3090] [0/8]   File "/prj/corp/airesearch/lasvegas/vol22-scratch/users/tanngo/PhD/fix_torch_compile/prwork/envcu130/lib/python3.12/site-packages/torch/__init__.py", line 1768, in _check
E0826 20:19:36.398000 13840 torch/_subclasses/fake_tensor.py:3090] [0/8]     _check_with(RuntimeError, cond, message)  # pyrefly: ignore [bad-argument-type]
E0826 20:19:36.398000 13840 torch/_subclasses/fake_tensor.py:3090] [0/8]     ^^^^^^^^^^^^^^^^^^^^^^^^^^^^^^^^^^^^^^^^
E0826 20:19:36.398000 13840 torch/_subclasses/fake_tensor.py:3090] [0/8]   File "/prj/corp/airesearch/lasvegas/vol22-scratch/users/tanngo/PhD/fix_torch_compile/prwork/envcu130/lib/python3.12/site-packages/torch/__init__.py", line 1750, in _check_with
E0826 20:19:36.398000 13840 torch/_subclasses/fake_tensor.py:3090] [0/8]     raise error_type(message_evaluated)
E0826 20:19:36.398000 13840 torch/_subclasses/fake_tensor.py:3090] [0/8] RuntimeError: "avg_pool3d" not implemented for 'torch.uint8'
E0826 20:19:36.440000 13840 torch/_subclasses/fake_tensor.py:3090] [0/9] failed while attempting to run meta for aten.avg_pool3d.default
E0826 20:19:36.440000 13840 torch/_subclasses/fake_tensor.py:3090] [0/9] Traceback (most recent call last):
E0826 20:19:36.440000 13840 torch/_subclasses/fake_tensor.py:3090] [0/9]   File "/prj/corp/airesearch/lasvegas/vol22-scratch/users/tanngo/PhD/fix_torch_compile/prwork/envcu130/lib/python3.12/site-packages/torch/_subclasses/fake_tensor.py", line 3086, in _dispatch_impl
E0826 20:19:36.440000 13840 torch/_subclasses/fake_tensor.py:3090] [0/9]     r = func(*args, **kwargs)
E0826 20:19:36.440000 13840 torch/_subclasses/fake_tensor.py:3090] [0/9]         ^^^^^^^^^^^^^^^^^^^^^
E0826 20:19:36.440000 13840 torch/_subclasses/fake_tensor.py:3090] [0/9]   File "/prj/corp/airesearch/lasvegas/vol22-scratch/users/tanngo/PhD/fix_torch_compile/prwork/envcu130/lib/python3.12/site-packages/torch/_ops.py", line 875, in __call__
E0826 20:19:36.440000 13840 torch/_subclasses/fake_tensor.py:3090] [0/9]     return self._op(*args, **kwargs)
E0826 20:19:36.440000 13840 torch/_subclasses/fake_tensor.py:3090] [0/9]            ^^^^^^^^^^^^^^^^^^^^^^^^^
E0826 20:19:36.440000 13840 torch/_subclasses/fake_tensor.py:3090] [0/9]   File "/prj/corp/airesearch/lasvegas/vol22-scratch/users/tanngo/PhD/fix_torch_compile/prwork/envcu130/lib/python3.12/site-packages/torch/_prims_common/wrappers.py", line 313, in _fn
E0826 20:19:36.440000 13840 torch/_subclasses/fake_tensor.py:3090] [0/9]     result = fn(*args, **kwargs)
E0826 20:19:36.440000 13840 torch/_subclasses/fake_tensor.py:3090] [0/9]              ^^^^^^^^^^^^^^^^^^^
E0826 20:19:36.440000 13840 torch/_subclasses/fake_tensor.py:3090] [0/9]   File "/prj/corp/airesearch/lasvegas/vol22-scratch/users/tanngo/PhD/fix_torch_compile/prwork/envcu130/lib/python3.12/site-packages/torch/_meta_registrations.py", line 3347, in meta_avg_pool3d
E0826 20:19:36.440000 13840 torch/_subclasses/fake_tensor.py:3090] [0/9]     torch._check(
E0826 20:19:36.440000 13840 torch/_subclasses/fake_tensor.py:3090] [0/9]   File "/prj/corp/airesearch/lasvegas/vol22-scratch/users/tanngo/PhD/fix_torch_compile/prwork/envcu130/lib/python3.12/site-packages/torch/__init__.py", line 1768, in _check
E0826 20:19:36.440000 13840 torch/_subclasses/fake_tensor.py:3090] [0/9]     _check_with(RuntimeError, cond, message)  # pyrefly: ignore [bad-argument-type]
E0826 20:19:36.440000 13840 torch/_subclasses/fake_tensor.py:3090] [0/9]     ^^^^^^^^^^^^^^^^^^^^^^^^^^^^^^^^^^^^^^^^
E0826 20:19:36.440000 13840 torch/_subclasses/fake_tensor.py:3090] [0/9]   File "/prj/corp/airesearch/lasvegas/vol22-scratch/users/tanngo/PhD/fix_torch_compile/prwork/envcu130/lib/python3.12/site-packages/torch/__init__.py", line 1750, in _check_with
E0826 20:19:36.440000 13840 torch/_subclasses/fake_tensor.py:3090] [0/9]     raise error_type(message_evaluated)
E0826 20:19:36.440000 13840 torch/_subclasses/fake_tensor.py:3090] [0/9] RuntimeError: "avg_pool3d" not implemented for 'torch.uint16'
E0826 20:19:36.468000 13840 torch/_subclasses/fake_tensor.py:3090] [0/10] failed while attempting to run meta for aten.avg_pool3d.default
E0826 20:19:36.468000 13840 torch/_subclasses/fake_tensor.py:3090] [0/10] Traceback (most recent call last):
E0826 20:19:36.468000 13840 torch/_subclasses/fake_tensor.py:3090] [0/10]   File "/prj/corp/airesearch/lasvegas/vol22-scratch/users/tanngo/PhD/fix_torch_compile/prwork/envcu130/lib/python3.12/site-packages/torch/_subclasses/fake_tensor.py", line 3086, in _dispatch_impl
E0826 20:19:36.468000 13840 torch/_subclasses/fake_tensor.py:3090] [0/10]     r = func(*args, **kwargs)
E0826 20:19:36.468000 13840 torch/_subclasses/fake_tensor.py:3090] [0/10]         ^^^^^^^^^^^^^^^^^^^^^
E0826 20:19:36.468000 13840 torch/_subclasses/fake_tensor.py:3090] [0/10]   File "/prj/corp/airesearch/lasvegas/vol22-scratch/users/tanngo/PhD/fix_torch_compile/prwork/envcu130/lib/python3.12/site-packages/torch/_ops.py", line 875, in __call__
E0826 20:19:36.468000 13840 torch/_subclasses/fake_tensor.py:3090] [0/10]     return self._op(*args, **kwargs)
E0826 20:19:36.468000 13840 torch/_subclasses/fake_tensor.py:3090] [0/10]            ^^^^^^^^^^^^^^^^^^^^^^^^^
E0826 20:19:36.468000 13840 torch/_subclasses/fake_tensor.py:3090] [0/10]   File "/prj/corp/airesearch/lasvegas/vol22-scratch/users/tanngo/PhD/fix_torch_compile/prwork/envcu130/lib/python3.12/site-packages/torch/_prims_common/wrappers.py", line 313, in _fn
E0826 20:19:36.468000 13840 torch/_subclasses/fake_tensor.py:3090] [0/10]     result = fn(*args, **kwargs)
E0826 20:19:36.468000 13840 torch/_subclasses/fake_tensor.py:3090] [0/10]              ^^^^^^^^^^^^^^^^^^^
E0826 20:19:36.468000 13840 torch/_subclasses/fake_tensor.py:3090] [0/10]   File "/prj/corp/airesearch/lasvegas/vol22-scratch/users/tanngo/PhD/fix_torch_compile/prwork/envcu130/lib/python3.12/site-packages/torch/_meta_registrations.py", line 3347, in meta_avg_pool3d
E0826 20:19:36.468000 13840 torch/_subclasses/fake_tensor.py:3090] [0/10]     torch._check(
E0826 20:19:36.468000 13840 torch/_subclasses/fake_tensor.py:3090] [0/10]   File "/prj/corp/airesearch/lasvegas/vol22-scratch/users/tanngo/PhD/fix_torch_compile/prwork/envcu130/lib/python3.12/site-packages/torch/__init__.py", line 1768, in _check
E0826 20:19:36.468000 13840 torch/_subclasses/fake_tensor.py:3090] [0/10]     _check_with(RuntimeError, cond, message)  # pyrefly: ignore [bad-argument-type]
E0826 20:19:36.468000 13840 torch/_subclasses/fake_tensor.py:3090] [0/10]     ^^^^^^^^^^^^^^^^^^^^^^^^^^^^^^^^^^^^^^^^
E0826 20:19:36.468000 13840 torch/_subclasses/fake_tensor.py:3090] [0/10]   File "/prj/corp/airesearch/lasvegas/vol22-scratch/users/tanngo/PhD/fix_torch_compile/prwork/envcu130/lib/python3.12/site-packages/torch/__init__.py", line 1750, in _check_with
E0826 20:19:36.468000 13840 torch/_subclasses/fake_tensor.py:3090] [0/10]     raise error_type(message_evaluated)
E0826 20:19:36.468000 13840 torch/_subclasses/fake_tensor.py:3090] [0/10] RuntimeError: "avg_pool3d" not implemented for 'torch.uint32'
E0826 20:19:36.496000 13840 torch/_subclasses/fake_tensor.py:3090] [0/11] failed while attempting to run meta for aten.avg_pool3d.default
E0826 20:19:36.496000 13840 torch/_subclasses/fake_tensor.py:3090] [0/11] Traceback (most recent call last):
E0826 20:19:36.496000 13840 torch/_subclasses/fake_tensor.py:3090] [0/11]   File "/prj/corp/airesearch/lasvegas/vol22-scratch/users/tanngo/PhD/fix_torch_compile/prwork/envcu130/lib/python3.12/site-packages/torch/_subclasses/fake_tensor.py", line 3086, in _dispatch_impl
E0826 20:19:36.496000 13840 torch/_subclasses/fake_tensor.py:3090] [0/11]     r = func(*args, **kwargs)
E0826 20:19:36.496000 13840 torch/_subclasses/fake_tensor.py:3090] [0/11]         ^^^^^^^^^^^^^^^^^^^^^
E0826 20:19:36.496000 13840 torch/_subclasses/fake_tensor.py:3090] [0/11]   File "/prj/corp/airesearch/lasvegas/vol22-scratch/users/tanngo/PhD/fix_torch_compile/prwork/envcu130/lib/python3.12/site-packages/torch/_ops.py", line 875, in __call__
E0826 20:19:36.496000 13840 torch/_subclasses/fake_tensor.py:3090] [0/11]     return self._op(*args, **kwargs)
E0826 20:19:36.496000 13840 torch/_subclasses/fake_tensor.py:3090] [0/11]            ^^^^^^^^^^^^^^^^^^^^^^^^^
E0826 20:19:36.496000 13840 torch/_subclasses/fake_tensor.py:3090] [0/11]   File "/prj/corp/airesearch/lasvegas/vol22-scratch/users/tanngo/PhD/fix_torch_compile/prwork/envcu130/lib/python3.12/site-packages/torch/_prims_common/wrappers.py", line 313, in _fn
E0826 20:19:36.496000 13840 torch/_subclasses/fake_tensor.py:3090] [0/11]     result = fn(*args, **kwargs)
E0826 20:19:36.496000 13840 torch/_subclasses/fake_tensor.py:3090] [0/11]              ^^^^^^^^^^^^^^^^^^^
E0826 20:19:36.496000 13840 torch/_subclasses/fake_tensor.py:3090] [0/11]   File "/prj/corp/airesearch/lasvegas/vol22-scratch/users/tanngo/PhD/fix_torch_compile/prwork/envcu130/lib/python3.12/site-packages/torch/_meta_registrations.py", line 3347, in meta_avg_pool3d
E0826 20:19:36.496000 13840 torch/_subclasses/fake_tensor.py:3090] [0/11]     torch._check(
E0826 20:19:36.496000 13840 torch/_subclasses/fake_tensor.py:3090] [0/11]   File "/prj/corp/airesearch/lasvegas/vol22-scratch/users/tanngo/PhD/fix_torch_compile/prwork/envcu130/lib/python3.12/site-packages/torch/__init__.py", line 1768, in _check
E0826 20:19:36.496000 13840 torch/_subclasses/fake_tensor.py:3090] [0/11]     _check_with(RuntimeError, cond, message)  # pyrefly: ignore [bad-argument-type]
E0826 20:19:36.496000 13840 torch/_subclasses/fake_tensor.py:3090] [0/11]     ^^^^^^^^^^^^^^^^^^^^^^^^^^^^^^^^^^^^^^^^
E0826 20:19:36.496000 13840 torch/_subclasses/fake_tensor.py:3090] [0/11]   File "/prj/corp/airesearch/lasvegas/vol22-scratch/users/tanngo/PhD/fix_torch_compile/prwork/envcu130/lib/python3.12/site-packages/torch/__init__.py", line 1750, in _check_with
E0826 20:19:36.496000 13840 torch/_subclasses/fake_tensor.py:3090] [0/11]     raise error_type(message_evaluated)
E0826 20:19:36.496000 13840 torch/_subclasses/fake_tensor.py:3090] [0/11] RuntimeError: "avg_pool3d" not implemented for 'torch.uint64'
..s.............sss..s.s............................s............s....................................................................ssssssssssssssssssssssssssssssssssssssssssssssssssssssssssssssssssssssssssssssssssssssssssssssssssssssssssssssssssssssssssssssssssssssssssssssssssssssssssssssssssssssssssssssssssssssssssssssss..s..s.s........s....USDT:2026-08-26 20:27:29 13840:13840 SyncActivityProfilerHandler.cpp:52] profiler_start
USDT:2026-08-26 20:27:29 13840:13840 SyncActivityProfilerHandler.cpp:59] profiler_stop
.USDT:2026-08-26 20:27:46 13840:13840 SyncActivityProfilerHandler.cpp:52] profiler_start
USDT:2026-08-26 20:27:46 13840:13840 SyncActivityProfilerHandler.cpp:59] profiler_stop
..........s..s.................ssss../prj/corp/airesearch/lasvegas/vol22-scratch/users/tanngo/PhD/fix_torch_compile/prwork/envcu130/lib/python3.12/site-packages/torch/_dynamo/pgo.py:605: UserWarning: dynamo_pgo force disabled by torch.compiler.config.force_disable_caches
  warn_once(
/prj/corp/airesearch/lasvegas/vol22-scratch/users/tanngo/PhD/fix_torch_compile/prwork/envcu130/lib/python3.12/site-packages/torch/_dynamo/pgo.py:605: UserWarning: dynamo_pgo force disabled by torch.compiler.config.force_disable_caches
  warn_once(
/prj/corp/airesearch/lasvegas/vol22-scratch/users/tanngo/PhD/fix_torch_compile/prwork/envcu130/lib/python3.12/site-packages/torch/_dynamo/pgo.py:605: UserWarning: dynamo_pgo force disabled by torch.compiler.config.force_disable_caches
  warn_once(
/prj/corp/airesearch/lasvegas/vol22-scratch/users/tanngo/PhD/fix_torch_compile/prwork/envcu130/lib/python3.12/site-packages/torch/_dynamo/pgo.py:605: UserWarning: dynamo_pgo force disabled by torch.compiler.config.force_disable_caches
  warn_once(
/prj/corp/airesearch/lasvegas/vol22-scratch/users/tanngo/PhD/fix_torch_compile/prwork/envcu130/lib/python3.12/site-packages/torch/_dynamo/pgo.py:605: UserWarning: dynamo_pgo force disabled by torch.compiler.config.force_disable_caches
  warn_once(
/prj/corp/airesearch/lasvegas/vol22-scratch/users/tanngo/PhD/fix_torch_compile/prwork/envcu130/lib/python3.12/site-packages/torch/_dynamo/pgo.py:605: UserWarning: dynamo_pgo force disabled by torch.compiler.config.force_disable_caches
  warn_once(
/prj/corp/airesearch/lasvegas/vol22-scratch/users/tanngo/PhD/fix_torch_compile/prwork/envcu130/lib/python3.12/site-packages/torch/_dynamo/pgo.py:605: UserWarning: dynamo_pgo force disabled by torch.compiler.config.force_disable_caches
  warn_once(
/prj/corp/airesearch/lasvegas/vol22-scratch/users/tanngo/PhD/fix_torch_compile/prwork/envcu130/lib/python3.12/site-packages/torch/_dynamo/pgo.py:605: UserWarning: dynamo_pgo force disabled by torch.compiler.config.force_disable_caches
  warn_once(
/prj/corp/airesearch/lasvegas/vol22-scratch/users/tanngo/PhD/fix_torch_compile/prwork/envcu130/lib/python3.12/site-packages/torch/_dynamo/pgo.py:605: UserWarning: dynamo_pgo force disabled by torch.compiler.config.force_disable_caches
  warn_once(
./prj/corp/airesearch/lasvegas/vol22-scratch/users/tanngo/PhD/fix_torch_compile/prwork/envcu130/lib/python3.12/site-packages/torch/_dynamo/pgo.py:605: UserWarning: dynamo_pgo force disabled by torch.compiler.config.force_disable_caches
  warn_once(
./prj/corp/airesearch/lasvegas/vol22-scratch/users/tanngo/PhD/fix_torch_compile/prwork/envcu130/lib/python3.12/site-packages/torch/_dynamo/pgo.py:605: UserWarning: dynamo_pgo force disabled by torch.compiler.config.force_disable_caches
  warn_once(
/prj/corp/airesearch/lasvegas/vol22-scratch/users/tanngo/PhD/fix_torch_compile/prwork/envcu130/lib/python3.12/site-packages/torch/_dynamo/pgo.py:605: UserWarning: dynamo_pgo force disabled by torch.compiler.config.force_disable_caches
  warn_once(
.../prj/corp/airesearch/lasvegas/vol22-scratch/users/tanngo/PhD/fix_torch_compile/prwork/envcu130/lib/python3.12/site-packages/torch/_inductor/lowering.py:2352: FutureWarning: `torch._prims_common.check` is deprecated and will be removed in the future. Please use `torch._check*` functions instead.
  check(
/prj/corp/airesearch/lasvegas/vol22-scratch/users/tanngo/PhD/fix_torch_compile/prwork/envcu130/lib/python3.12/site-packages/torch/_inductor/lowering.py:2352: FutureWarning: `torch._prims_common.check` is deprecated and will be removed in the future. Please use `torch._check*` functions instead.
  check(
/prj/corp/airesearch/lasvegas/vol22-scratch/users/tanngo/PhD/fix_torch_compile/prwork/envcu130/lib/python3.12/site-packages/torch/_inductor/lowering.py:2352: FutureWarning: `torch._prims_common.check` is deprecated and will be removed in the future. Please use `torch._check*` functions instead.
  check(
./prj/corp/airesearch/lasvegas/vol22-scratch/users/tanngo/PhD/fix_torch_compile/prwork/envcu130/lib/python3.12/site-packages/torch/_inductor/lowering.py:2352: FutureWarning: `torch._prims_common.check` is deprecated and will be removed in the future. Please use `torch._check*` functions instead.
  check(
/prj/corp/airesearch/lasvegas/vol22-scratch/users/tanngo/PhD/fix_torch_compile/prwork/envcu130/lib/python3.12/site-packages/torch/_inductor/lowering.py:2352: FutureWarning: `torch._prims_common.check` is deprecated and will be removed in the future. Please use `torch._check*` functions instead.
  check(
/prj/corp/airesearch/lasvegas/vol22-scratch/users/tanngo/PhD/fix_torch_compile/prwork/envcu130/lib/python3.12/site-packages/torch/_inductor/lowering.py:2352: FutureWarning: `torch._prims_common.check` is deprecated and will be removed in the future. Please use `torch._check*` functions instead.
  check(
/prj/corp/airesearch/lasvegas/vol22-scratch/users/tanngo/PhD/fix_torch_compile/prwork/envcu130/lib/python3.12/site-packages/torch/_inductor/lowering.py:2352: FutureWarning: `torch._prims_common.check` is deprecated and will be removed in the future. Please use `torch._check*` functions instead.
  check(
/prj/corp/airesearch/lasvegas/vol22-scratch/users/tanngo/PhD/fix_torch_compile/prwork/envcu130/lib/python3.12/site-packages/torch/_inductor/lowering.py:2352: FutureWarning: `torch._prims_common.check` is deprecated and will be removed in the future. Please use `torch._check*` functions instead.
  check(
/prj/corp/airesearch/lasvegas/vol22-scratch/users/tanngo/PhD/fix_torch_compile/prwork/envcu130/lib/python3.12/site-packages/torch/_inductor/lowering.py:2352: FutureWarning: `torch._prims_common.check` is deprecated and will be removed in the future. Please use `torch._check*` functions instead.
  check(
/prj/corp/airesearch/lasvegas/vol22-scratch/users/tanngo/PhD/fix_torch_compile/prwork/envcu130/lib/python3.12/site-packages/torch/_inductor/lowering.py:2352: FutureWarning: `torch._prims_common.check` is deprecated and will be removed in the future. Please use `torch._check*` functions instead.
  check(
/prj/corp/airesearch/lasvegas/vol22-scratch/users/tanngo/PhD/fix_torch_compile/prwork/envcu130/lib/python3.12/site-packages/torch/_inductor/lowering.py:2352: FutureWarning: `torch._prims_common.check` is deprecated and will be removed in the future. Please use `torch._check*` functions instead.
  check(
............................/prj/corp/airesearch/lasvegas/vol22-scratch/users/tanngo/PhD/fix_torch_compile/prwork/envcu130/lib/python3.12/site-packages/torch/_inductor/codegen/cpp.py:3903: UserWarning: bf16 and fp16 are mixed in the scheduler node.
  warnings.warn("bf16 and fp16 are mixed in the scheduler node.")
./prj/corp/airesearch/lasvegas/vol22-scratch/users/tanngo/PhD/fix_torch_compile/prwork/envcu130/lib/python3.12/site-packages/torch/_inductor/codegen/cpp.py:3903: UserWarning: bf16 and fp16 are mixed in the scheduler node.
  warnings.warn("bf16 and fp16 are mixed in the scheduler node.")
/prj/corp/airesearch/lasvegas/vol22-scratch/users/tanngo/PhD/fix_torch_compile/prwork/envcu130/lib/python3.12/site-packages/torch/_inductor/codegen/cpp.py:3903: UserWarning: bf16 and fp16 are mixed in the scheduler node.
  warnings.warn("bf16 and fp16 are mixed in the scheduler node.")
./prj/corp/airesearch/lasvegas/vol22-scratch/users/tanngo/PhD/fix_torch_compile/prwork/envcu130/lib/python3.12/site-packages/torch/_inductor/codegen/cpp.py:3903: UserWarning: bf16 and fp16 are mixed in the scheduler node.
  warnings.warn("bf16 and fp16 are mixed in the scheduler node.")
./prj/corp/airesearch/lasvegas/vol22-scratch/users/tanngo/PhD/fix_torch_compile/prwork/envcu130/lib/python3.12/site-packages/torch/_inductor/codegen/cpp.py:3903: UserWarning: bf16 and fp16 are mixed in the scheduler node.
  warnings.warn("bf16 and fp16 are mixed in the scheduler node.")
./prj/corp/airesearch/lasvegas/vol22-scratch/users/tanngo/PhD/fix_torch_compile/prwork/envcu130/lib/python3.12/site-packages/torch/_inductor/codegen/cpp.py:3903: UserWarning: bf16 and fp16 are mixed in the scheduler node.
  warnings.warn("bf16 and fp16 are mixed in the scheduler node.")
./prj/corp/airesearch/lasvegas/vol22-scratch/users/tanngo/PhD/fix_torch_compile/prwork/envcu130/lib/python3.12/site-packages/torch/_inductor/codegen/cpp.py:3903: UserWarning: bf16 and fp16 are mixed in the scheduler node.
  warnings.warn("bf16 and fp16 are mixed in the scheduler node.")
./prj/corp/airesearch/lasvegas/vol22-scratch/users/tanngo/PhD/fix_torch_compile/prwork/envcu130/lib/python3.12/site-packages/torch/_inductor/codegen/cpp.py:3903: UserWarning: bf16 and fp16 are mixed in the scheduler node.
  warnings.warn("bf16 and fp16 are mixed in the scheduler node.")
./prj/corp/airesearch/lasvegas/vol22-scratch/users/tanngo/PhD/fix_torch_compile/prwork/envcu130/lib/python3.12/site-packages/torch/_inductor/codegen/cpp.py:3903: UserWarning: bf16 and fp16 are mixed in the scheduler node.
  warnings.warn("bf16 and fp16 are mixed in the scheduler node.")
./prj/corp/airesearch/lasvegas/vol22-scratch/users/tanngo/PhD/fix_torch_compile/prwork/envcu130/lib/python3.12/site-packages/torch/_inductor/codegen/cpp.py:3903: UserWarning: bf16 and fp16 are mixed in the scheduler node.
  warnings.warn("bf16 and fp16 are mixed in the scheduler node.")
./prj/corp/airesearch/lasvegas/vol22-scratch/users/tanngo/PhD/fix_torch_compile/prwork/envcu130/lib/python3.12/site-packages/torch/_inductor/codegen/cpp.py:3903: UserWarning: bf16 and fp16 are mixed in the scheduler node.
  warnings.warn("bf16 and fp16 are mixed in the scheduler node.")
/prj/corp/airesearch/lasvegas/vol22-scratch/users/tanngo/PhD/fix_torch_compile/prwork/envcu130/lib/python3.12/site-packages/torch/_inductor/codegen/cpp.py:3903: UserWarning: bf16 and fp16 are mixed in the scheduler node.
  warnings.warn("bf16 and fp16 are mixed in the scheduler node.")
./prj/corp/airesearch/lasvegas/vol22-scratch/users/tanngo/PhD/fix_torch_compile/prwork/envcu130/lib/python3.12/site-packages/torch/_inductor/codegen/cpp.py:3903: UserWarning: bf16 and fp16 are mixed in the scheduler node.
  warnings.warn("bf16 and fp16 are mixed in the scheduler node.")
./prj/corp/airesearch/lasvegas/vol22-scratch/users/tanngo/PhD/fix_torch_compile/prwork/envcu130/lib/python3.12/site-packages/torch/_inductor/codegen/cpp.py:3903: UserWarning: bf16 and fp16 are mixed in the scheduler node.
  warnings.warn("bf16 and fp16 are mixed in the scheduler node.")
./prj/corp/airesearch/lasvegas/vol22-scratch/users/tanngo/PhD/fix_torch_compile/prwork/envcu130/lib/python3.12/site-packages/torch/_inductor/codegen/cpp.py:3903: UserWarning: bf16 and fp16 are mixed in the scheduler node.
  warnings.warn("bf16 and fp16 are mixed in the scheduler node.")
./prj/corp/airesearch/lasvegas/vol22-scratch/users/tanngo/PhD/fix_torch_compile/prwork/envcu130/lib/python3.12/site-packages/torch/_inductor/codegen/cpp.py:3903: UserWarning: bf16 and fp16 are mixed in the scheduler node.
  warnings.warn("bf16 and fp16 are mixed in the scheduler node.")
./prj/corp/airesearch/lasvegas/vol22-scratch/users/tanngo/PhD/fix_torch_compile/prwork/envcu130/lib/python3.12/site-packages/torch/_inductor/codegen/cpp.py:3903: UserWarning: bf16 and fp16 are mixed in the scheduler node.
  warnings.warn("bf16 and fp16 are mixed in the scheduler node.")
./prj/corp/airesearch/lasvegas/vol22-scratch/users/tanngo/PhD/fix_torch_compile/prwork/envcu130/lib/python3.12/site-packages/torch/_inductor/codegen/cpp.py:3903: UserWarning: bf16 and fp16 are mixed in the scheduler node.
  warnings.warn("bf16 and fp16 are mixed in the scheduler node.")
./prj/corp/airesearch/lasvegas/vol22-scratch/users/tanngo/PhD/fix_torch_compile/prwork/envcu130/lib/python3.12/site-packages/torch/_inductor/codegen/cpp.py:3903: UserWarning: bf16 and fp16 are mixed in the scheduler node.
  warnings.warn("bf16 and fp16 are mixed in the scheduler node.")
./prj/corp/airesearch/lasvegas/vol22-scratch/users/tanngo/PhD/fix_torch_compile/prwork/envcu130/lib/python3.12/site-packages/torch/_inductor/codegen/cpp.py:3903: UserWarning: bf16 and fp16 are mixed in the scheduler node.
  warnings.warn("bf16 and fp16 are mixed in the scheduler node.")
..................../prj/corp/airesearch/lasvegas/vol22-scratch/users/tanngo/PhD/fix_torch_compile/prwork/envcu130/lib/python3.12/site-packages/torch/_inductor/codegen/cpp.py:3903: UserWarning: bf16 and fp16 are mixed in the scheduler node.
  warnings.warn("bf16 and fp16 are mixed in the scheduler node.")
./prj/corp/airesearch/lasvegas/vol22-scratch/users/tanngo/PhD/fix_torch_compile/prwork/envcu130/lib/python3.12/site-packages/torch/_inductor/codegen/cpp.py:3903: UserWarning: bf16 and fp16 are mixed in the scheduler node.
  warnings.warn("bf16 and fp16 are mixed in the scheduler node.")
................................................................/usr2/tanngo/.local/share/uv/python/cpython-3.12.14-linux-x86_64-gnu/lib/python3.12/copyreg.py:99: FutureWarning: `isinstance(treespec, LeafSpec)` is deprecated, use `isinstance(treespec, TreeSpec) and treespec.is_leaf()` instead.
  return cls.__new__(cls, *args)
....................s.....................s....W0826 20:36:44.983000 13840 torch/_functorch/_aot_autograd/graph_compile.py:2384] [0/0] failed to eagerly compile backwards for dynamic, suppressing in case backwards not needed
W0826 20:36:44.983000 13840 torch/_functorch/_aot_autograd/graph_compile.py:2384] [0/0] Traceback (most recent call last):
W0826 20:36:44.983000 13840 torch/_functorch/_aot_autograd/graph_compile.py:2384] [0/0]   File "/prj/corp/airesearch/lasvegas/vol22-scratch/users/tanngo/PhD/fix_torch_compile/prwork/envcu130/lib/python3.12/site-packages/torch/_functorch/_aot_autograd/graph_compile.py", line 2366, in _aot_stage2b_bw_compile
W0826 20:36:44.983000 13840 torch/_functorch/_aot_autograd/graph_compile.py:2384] [0/0]     compiled_bw_func = bw_compiler(bw_module_copy, placeholder_list)
W0826 20:36:44.983000 13840 torch/_functorch/_aot_autograd/graph_compile.py:2384] [0/0]                        ^^^^^^^^^^^^^^^^^^^^^^^^^^^^^^^^^^^^^^^^^^^^^
W0826 20:36:44.983000 13840 torch/_functorch/_aot_autograd/graph_compile.py:2384] [0/0]   File "/prj/corp/airesearch/lasvegas/vol22-scratch/users/tanngo/PhD/fix_torch_compile/prwork/envcu130/lib/python3.12/site-packages/torch/_functorch/_aot_autograd/schemas.py", line 1472, in __call__
W0826 20:36:44.983000 13840 torch/_functorch/_aot_autograd/graph_compile.py:2384] [0/0]     output_code = self.compiler_fn(gm, example_inputs)
W0826 20:36:44.983000 13840 torch/_functorch/_aot_autograd/graph_compile.py:2384] [0/0]                   ^^^^^^^^^^^^^^^^^^^^^^^^^^^^^^^^^^^^
W0826 20:36:44.983000 13840 torch/_functorch/_aot_autograd/graph_compile.py:2384] [0/0]   File "/prj/corp/airesearch/lasvegas/vol22-scratch/users/tanngo/PhD/fix_torch_compile/prwork/envcu130/lib/python3.12/site-packages/torch/_dynamo/backends/common.py", line 83, in _wrapped_bw_compiler
W0826 20:36:44.983000 13840 torch/_functorch/_aot_autograd/graph_compile.py:2384] [0/0]     disable(
W0826 20:36:44.983000 13840 torch/_functorch/_aot_autograd/graph_compile.py:2384] [0/0]   File "/prj/corp/airesearch/lasvegas/vol22-scratch/users/tanngo/PhD/fix_torch_compile/prwork/envcu130/lib/python3.12/site-packages/torch/_dynamo/eval_frame.py", line 1446, in _fn
W0826 20:36:44.983000 13840 torch/_functorch/_aot_autograd/graph_compile.py:2384] [0/0]     return fn(*args, **kwargs)
W0826 20:36:44.983000 13840 torch/_functorch/_aot_autograd/graph_compile.py:2384] [0/0]            ^^^^^^^^^^^^^^^^^^^
W0826 20:36:44.983000 13840 torch/_functorch/_aot_autograd/graph_compile.py:2384] [0/0]   File "/prj/corp/airesearch/lasvegas/vol22-scratch/users/tanngo/PhD/fix_torch_compile/prwork/envcu130/lib/python3.12/site-packages/torch/_utils_internal.py", line 96, in wrapper_function
W0826 20:36:44.983000 13840 torch/_functorch/_aot_autograd/graph_compile.py:2384] [0/0]     return function(*args, **kwargs)
W0826 20:36:44.983000 13840 torch/_functorch/_aot_autograd/graph_compile.py:2384] [0/0]            ^^^^^^^^^^^^^^^^^^^^^^^^^
W0826 20:36:44.983000 13840 torch/_functorch/_aot_autograd/graph_compile.py:2384] [0/0]   File "/prj/corp/airesearch/lasvegas/vol22-scratch/users/tanngo/PhD/fix_torch_compile/prwork/envcu130/lib/python3.12/site-packages/torch/_inductor/compile_fx.py", line 2962, in bw_compiler
W0826 20:36:44.983000 13840 torch/_functorch/_aot_autograd/graph_compile.py:2384] [0/0]     return compile_fx_backward(
W0826 20:36:44.983000 13840 torch/_functorch/_aot_autograd/graph_compile.py:2384] [0/0]            ^^^^^^^^^^^^^^^^^^^^
W0826 20:36:44.983000 13840 torch/_functorch/_aot_autograd/graph_compile.py:2384] [0/0]   File "/prj/corp/airesearch/lasvegas/vol22-scratch/users/tanngo/PhD/fix_torch_compile/prwork/envcu130/lib/python3.12/site-packages/torch/_inductor/compile_fx.py", line 2609, in compile_fx_backward
W0826 20:36:44.983000 13840 torch/_functorch/_aot_autograd/graph_compile.py:2384] [0/0]     return inner_compile(
W0826 20:36:44.983000 13840 torch/_functorch/_aot_autograd/graph_compile.py:2384] [0/0]            ^^^^^^^^^^^^^^
W0826 20:36:44.983000 13840 torch/_functorch/_aot_autograd/graph_compile.py:2384] [0/0]   File "/prj/corp/airesearch/lasvegas/vol22-scratch/users/tanngo/PhD/fix_torch_compile/prwork/envcu130/lib/python3.12/site-packages/torch/_inductor/compile_fx.py", line 837, in compile_fx_inner
W0826 20:36:44.983000 13840 torch/_functorch/_aot_autograd/graph_compile.py:2384] [0/0]     return wrap_compiler_debug(_compile_fx_inner, compiler_name="inductor")(
W0826 20:36:44.983000 13840 torch/_functorch/_aot_autograd/graph_compile.py:2384] [0/0]            ^^^^^^^^^^^^^^^^^^^^^^^^^^^^^^^^^^^^^^^^^^^^^^^^^^^^^^^^^^^^^^^^^
W0826 20:36:44.983000 13840 torch/_functorch/_aot_autograd/graph_compile.py:2384] [0/0]   File "/prj/corp/airesearch/lasvegas/vol22-scratch/users/tanngo/PhD/fix_torch_compile/prwork/envcu130/lib/python3.12/site-packages/torch/_dynamo/repro/after_aot.py", line 317, in debug_wrapper
W0826 20:36:44.983000 13840 torch/_functorch/_aot_autograd/graph_compile.py:2384] [0/0]     inner_compiled_fn = compiler_fn(gm, example_inputs)
W0826 20:36:44.983000 13840 torch/_functorch/_aot_autograd/graph_compile.py:2384] [0/0]                         ^^^^^^^^^^^^^^^^^^^^^^^^^^^^^^^
W0826 20:36:44.983000 13840 torch/_functorch/_aot_autograd/graph_compile.py:2384] [0/0]   File "/prj/corp/airesearch/lasvegas/vol22-scratch/users/tanngo/PhD/fix_torch_compile/prwork/envcu130/lib/python3.12/site-packages/torch/_inductor/compile_fx.py", line 1079, in _compile_fx_inner
W0826 20:36:44.983000 13840 torch/_functorch/_aot_autograd/graph_compile.py:2384] [0/0]     raise InductorError(e, currentframe()).with_traceback(
W0826 20:36:44.983000 13840 torch/_functorch/_aot_autograd/graph_compile.py:2384] [0/0]   File "/prj/corp/airesearch/lasvegas/vol22-scratch/users/tanngo/PhD/fix_torch_compile/prwork/envcu130/lib/python3.12/site-packages/torch/_inductor/compile_fx.py", line 1059, in _compile_fx_inner
W0826 20:36:44.983000 13840 torch/_functorch/_aot_autograd/graph_compile.py:2384] [0/0]     mb_compiled_graph = fx_codegen_and_compile(
W0826 20:36:44.983000 13840 torch/_functorch/_aot_autograd/graph_compile.py:2384] [0/0]                         ^^^^^^^^^^^^^^^^^^^^^^^
W0826 20:36:44.983000 13840 torch/_functorch/_aot_autograd/graph_compile.py:2384] [0/0]   File "/prj/corp/airesearch/lasvegas/vol22-scratch/users/tanngo/PhD/fix_torch_compile/prwork/envcu130/lib/python3.12/site-packages/torch/_inductor/compile_fx.py", line 1847, in fx_codegen_and_compile
W0826 20:36:44.983000 13840 torch/_functorch/_aot_autograd/graph_compile.py:2384] [0/0]     return scheme.codegen_and_compile(gm, example_inputs, inputs_to_check, graph_kwargs)
W0826 20:36:44.983000 13840 torch/_functorch/_aot_autograd/graph_compile.py:2384] [0/0]            ^^^^^^^^^^^^^^^^^^^^^^^^^^^^^^^^^^^^^^^^^^^^^^^^^^^^^^^^^^^^^^^^^^^^^^^^^^^^^
W0826 20:36:44.983000 13840 torch/_functorch/_aot_autograd/graph_compile.py:2384] [0/0]   File "/prj/corp/airesearch/lasvegas/vol22-scratch/users/tanngo/PhD/fix_torch_compile/prwork/envcu130/lib/python3.12/site-packages/torch/_inductor/compile_fx.py", line 1380, in codegen_and_compile
W0826 20:36:44.983000 13840 torch/_functorch/_aot_autograd/graph_compile.py:2384] [0/0]     _recursive_post_grad_passes(gm, is_inference=is_inference)
W0826 20:36:44.983000 13840 torch/_functorch/_aot_autograd/graph_compile.py:2384] [0/0]   File "/prj/corp/airesearch/lasvegas/vol22-scratch/users/tanngo/PhD/fix_torch_compile/prwork/envcu130/lib/python3.12/site-packages/torch/_inductor/compile_fx.py", line 582, in _recursive_post_grad_passes
W0826 20:36:44.983000 13840 torch/_functorch/_aot_autograd/graph_compile.py:2384] [0/0]     post_grad_passes(gm, is_inference)
W0826 20:36:44.983000 13840 torch/_functorch/_aot_autograd/graph_compile.py:2384] [0/0]   File "/prj/corp/airesearch/lasvegas/vol22-scratch/users/tanngo/PhD/fix_torch_compile/prwork/envcu130/lib/python3.12/site-packages/torch/_inductor/fx_passes/post_grad.py", line 423, in post_grad_passes
W0826 20:36:44.983000 13840 torch/_functorch/_aot_autograd/graph_compile.py:2384] [0/0]     GraphTransformObserver(gm, "reinplace_inplaceable_ops").apply_graph_pass(
W0826 20:36:44.983000 13840 torch/_functorch/_aot_autograd/graph_compile.py:2384] [0/0]   File "/prj/corp/airesearch/lasvegas/vol22-scratch/users/tanngo/PhD/fix_torch_compile/prwork/envcu130/lib/python3.12/site-packages/torch/fx/passes/graph_transform_observer.py", line 103, in apply_graph_pass
W0826 20:36:44.983000 13840 torch/_functorch/_aot_autograd/graph_compile.py:2384] [0/0]     return pass_fn(self.gm.graph)
W0826 20:36:44.983000 13840 torch/_functorch/_aot_autograd/graph_compile.py:2384] [0/0]            ^^^^^^^^^^^^^^^^^^^^^^
W0826 20:36:44.983000 13840 torch/_functorch/_aot_autograd/graph_compile.py:2384] [0/0]   File "/prj/corp/airesearch/lasvegas/vol22-scratch/users/tanngo/PhD/fix_torch_compile/prwork/envcu130/lib/python3.12/site-packages/torch/_inductor/fx_passes/reinplace.py", line 1048, in reinplace_inplaceable_ops
W0826 20:36:44.983000 13840 torch/_functorch/_aot_autograd/graph_compile.py:2384] [0/0]     fake_tensor_updater.incremental_update()
W0826 20:36:44.983000 13840 torch/_functorch/_aot_autograd/graph_compile.py:2384] [0/0]   File "/prj/corp/airesearch/lasvegas/vol22-scratch/users/tanngo/PhD/fix_torch_compile/prwork/envcu130/lib/python3.12/site-packages/torch/_inductor/fx_utils.py", line 622, in incremental_update
W0826 20:36:44.983000 13840 torch/_functorch/_aot_autograd/graph_compile.py:2384] [0/0]     if "val" in node.meta and _is_fake_tensor_same(
W0826 20:36:44.983000 13840 torch/_functorch/_aot_autograd/graph_compile.py:2384] [0/0]                               ^^^^^^^^^^^^^^^^^^^^^
W0826 20:36:44.983000 13840 torch/_functorch/_aot_autograd/graph_compile.py:2384] [0/0]   File "/prj/corp/airesearch/lasvegas/vol22-scratch/users/tanngo/PhD/fix_torch_compile/prwork/envcu130/lib/python3.12/site-packages/torch/_inductor/fx_utils.py", line 161, in _is_fake_tensor_same
W0826 20:36:44.983000 13840 torch/_functorch/_aot_autograd/graph_compile.py:2384] [0/0]     ) or get_storage(new) != get_storage(old):
W0826 20:36:44.983000 13840 torch/_functorch/_aot_autograd/graph_compile.py:2384] [0/0]          ^^^^^^^^^^^^^^^^
W0826 20:36:44.983000 13840 torch/_functorch/_aot_autograd/graph_compile.py:2384] [0/0]   File "/prj/corp/airesearch/lasvegas/vol22-scratch/users/tanngo/PhD/fix_torch_compile/prwork/envcu130/lib/python3.12/site-packages/torch/_inductor/fx_utils.py", line 650, in get_storage
W0826 20:36:44.983000 13840 torch/_functorch/_aot_autograd/graph_compile.py:2384] [0/0]     return t.untyped_storage()._cdata
W0826 20:36:44.983000 13840 torch/_functorch/_aot_autograd/graph_compile.py:2384] [0/0]            ^^^^^^^^^^^^^^^^^^^
W0826 20:36:44.983000 13840 torch/_functorch/_aot_autograd/graph_compile.py:2384] [0/0] torch._inductor.exc.InductorError: NotImplementedError: Cannot access storage of SparseTensorImpl
....ss.........../prj/corp/airesearch/lasvegas/vol22-scratch/users/tanngo/PhD/fix_torch_compile/prwork/envcu130/lib/python3.12/site-packages/torch/_inductor/lowering.py:2352: FutureWarning: `torch._prims_common.check` is deprecated and will be removed in the future. Please use `torch._check*` functions instead.
  check(
.......s......s.....ss......................./tmp/t213/test/inductor/test_torchinductor.py:18185: UserWarning: index_reduce() is in beta and the API may change at any time. (Triggered internally at /__w/pytorch/pytorch/aten/src/ATen/native/TensorAdvancedIndexing.cpp:1523.)
  return x.index_reduce_(2, index, source, "mean", include_self=False)
.......s..s.s....E0826 20:38:34.560000 13840 torch/_dynamo/utils.py:3722] Accuracy failed: allclose not within tol=0.0001
..s..............x.ssssssssW0826 20:39:01.623000 13840 torch/_inductor/debug.py:545] [0/0_1] model__871_inference_880 debug trace: /tmp/t213/test/torch_compile_debug/run_2026_08_26_20_39_00_608413-pid_13840/torchinductor/model__871_inference_880.0
...............s.....s...ss..s..........s.s.s.sss....s.......................sss.......ss...s......................s......../prj/corp/airesearch/lasvegas/vol22-scratch/users/tanngo/PhD/fix_torch_compile/prwork/envcu130/lib/python3.12/site-packages/torch/_dynamo/utils.py:4231: UserWarning: The use of `x.T` on tensors of dimension other than 2 to reverse their shape is deprecated and it will throw an error in a future release. Consider `x.mT` to transpose batches of matrices or `x.permute(*torch.arange(x.ndim - 1, -1, -1))` to reverse the dimensions of a tensor. (Triggered internally at /__w/pytorch/pytorch/aten/src/ATen/native/TensorShape.cpp:4314.)
  return node.target(*args, **kwargs)  # type: ignore[operator]
/tmp/t213/test/inductor/test_torchinductor.py:9019: UserWarning: TypedStorage is deprecated. It will be removed in the future and UntypedStorage will be the only storage class. This should only matter to you if you are using storages directly.  To access UntypedStorage directly, use tensor.untyped_storage() instead of tensor.storage()
  self.assertEqual(inp.storage(), out.storage())
.......ss...s...............................................................USDT:2026-08-26 20:43:14 13840:13840 SyncActivityProfilerHandler.cpp:52] profiler_start
USDT:2026-08-26 20:43:15 13840:13840 SyncActivityProfilerHandler.cpp:59] profiler_stop
.s.....s..sss....sss..........sssss.......s.......s..........s.[W826 20:45:14.561564082 TensorAdvancedIndexing.cpp:225] Warning: The reduce argument of torch.scatter with Tensor src is deprecated and will be removed in a future PyTorch release. Use torch.scatter_reduce instead for more reduction options. (function operator())
.....s........ssss..s............/prj/corp/airesearch/lasvegas/vol22-scratch/users/tanngo/PhD/fix_torch_compile/prwork/envcu130/lib/python3.12/site-packages/torch/_inductor/compile_fx.py:321: UserWarning: TensorFloat32 tensor cores for float32 matrix multiplication available but not enabled. Consider setting `torch.set_float32_matmul_precision('high')` for better performance.
  warnings.warn(
.........................................s...s......s..............................s.............ss.s.................sssssssss............/tmp/t213/test/inductor/test_torchinductor.py:6928: UserWarning: var(): degrees of freedom is <= 0. Correction should be strictly less than the reduction factor (input numel divided by output numel). (Triggered internally at /__w/pytorch/pytorch/aten/src/ATen/native/ReduceOps.cpp:1861.)
  torch.var(x, dim=dim, correction=10),
/tmp/t213/test/inductor/test_torchinductor.py:6928: UserWarning: var(): degrees of freedom is <= 0. Correction should be strictly less than the reduction factor (input numel divided by output numel). (Triggered internally at /__w/pytorch/pytorch/aten/src/ATen/native/ReduceOps.cpp:1861.)
  torch.var(x, dim=dim, correction=10),
..........................s........sssss............................................../usr2/tanngo/.local/share/uv/python/cpython-3.12.14-linux-x86_64-gnu/lib/python3.12/copyreg.py:99: FutureWarning: `isinstance(treespec, LeafSpec)` is deprecated, use `isinstance(treespec, TreeSpec) and treespec.is_leaf()` instead.
  return cls.__new__(cls, *args)
./usr2/tanngo/.local/share/uv/python/cpython-3.12.14-linux-x86_64-gnu/lib/python3.12/copyreg.py:99: FutureWarning: `isinstance(treespec, LeafSpec)` is deprecated, use `isinstance(treespec, TreeSpec) and treespec.is_leaf()` instead.
  return cls.__new__(cls, *args)
./usr2/tanngo/.local/share/uv/python/cpython-3.12.14-linux-x86_64-gnu/lib/python3.12/copyreg.py:99: FutureWarning: `isinstance(treespec, LeafSpec)` is deprecated, use `isinstance(treespec, TreeSpec) and treespec.is_leaf()` instead.
  return cls.__new__(cls, *args)
/usr2/tanngo/.local/share/uv/python/cpython-3.12.14-linux-x86_64-gnu/lib/python3.12/copyreg.py:99: FutureWarning: `isinstance(treespec, LeafSpec)` is deprecated, use `isinstance(treespec, TreeSpec) and treespec.is_leaf()` instead.
  return cls.__new__(cls, *args)
/usr2/tanngo/.local/share/uv/python/cpython-3.12.14-linux-x86_64-gnu/lib/python3.12/copyreg.py:99: FutureWarning: `isinstance(treespec, LeafSpec)` is deprecated, use `isinstance(treespec, TreeSpec) and treespec.is_leaf()` instead.
  return cls.__new__(cls, *args)
/usr2/tanngo/.local/share/uv/python/cpython-3.12.14-linux-x86_64-gnu/lib/python3.12/copyreg.py:99: FutureWarning: `isinstance(treespec, LeafSpec)` is deprecated, use `isinstance(treespec, TreeSpec) and treespec.is_leaf()` instead.
  return cls.__new__(cls, *args)
./usr2/tanngo/.local/share/uv/python/cpython-3.12.14-linux-x86_64-gnu/lib/python3.12/copyreg.py:99: FutureWarning: `isinstance(treespec, LeafSpec)` is deprecated, use `isinstance(treespec, TreeSpec) and treespec.is_leaf()` instead.
  return cls.__new__(cls, *args)
./usr2/tanngo/.local/share/uv/python/cpython-3.12.14-linux-x86_64-gnu/lib/python3.12/copyreg.py:99: FutureWarning: `isinstance(treespec, LeafSpec)` is deprecated, use `isinstance(treespec, TreeSpec) and treespec.is_leaf()` instead.
  return cls.__new__(cls, *args)
/usr2/tanngo/.local/share/uv/python/cpython-3.12.14-linux-x86_64-gnu/lib/python3.12/copyreg.py:99: FutureWarning: `isinstance(treespec, LeafSpec)` is deprecated, use `isinstance(treespec, TreeSpec) and treespec.is_leaf()` instead.
  return cls.__new__(cls, *args)
./usr2/tanngo/.local/share/uv/python/cpython-3.12.14-linux-x86_64-gnu/lib/python3.12/copyreg.py:99: FutureWarning: `isinstance(treespec, LeafSpec)` is deprecated, use `isinstance(treespec, TreeSpec) and treespec.is_leaf()` instead.
  return cls.__new__(cls, *args)
./usr2/tanngo/.local/share/uv/python/cpython-3.12.14-linux-x86_64-gnu/lib/python3.12/copyreg.py:99: FutureWarning: `isinstance(treespec, LeafSpec)` is deprecated, use `isinstance(treespec, TreeSpec) and treespec.is_leaf()` instead.
  return cls.__new__(cls, *args)
/usr2/tanngo/.local/share/uv/python/cpython-3.12.14-linux-x86_64-gnu/lib/python3.12/copyreg.py:99: FutureWarning: `isinstance(treespec, LeafSpec)` is deprecated, use `isinstance(treespec, TreeSpec) and treespec.is_leaf()` instead.
  return cls.__new__(cls, *args)
/usr2/tanngo/.local/share/uv/python/cpython-3.12.14-linux-x86_64-gnu/lib/python3.12/copyreg.py:99: FutureWarning: `isinstance(treespec, LeafSpec)` is deprecated, use `isinstance(treespec, TreeSpec) and treespec.is_leaf()` instead.
  return cls.__new__(cls, *args)
/usr2/tanngo/.local/share/uv/python/cpython-3.12.14-linux-x86_64-gnu/lib/python3.12/copyreg.py:99: FutureWarning: `isinstance(treespec, LeafSpec)` is deprecated, use `isinstance(treespec, TreeSpec) and treespec.is_leaf()` instead.
  return cls.__new__(cls, *args)
/usr2/tanngo/.local/share/uv/python/cpython-3.12.14-linux-x86_64-gnu/lib/python3.12/copyreg.py:99: FutureWarning: `isinstance(treespec, LeafSpec)` is deprecated, use `isinstance(treespec, TreeSpec) and treespec.is_leaf()` instead.
  return cls.__new__(cls, *args)
........................................E0826 20:55:27.769000 13840 torch/_subclasses/fake_tensor.py:3090] [0/0] failed while attempting to run meta for aten.avg_pool2d.default
E0826 20:55:27.769000 13840 torch/_subclasses/fake_tensor.py:3090] [0/0] Traceback (most recent call last):
E0826 20:55:27.769000 13840 torch/_subclasses/fake_tensor.py:3090] [0/0]   File "/prj/corp/airesearch/lasvegas/vol22-scratch/users/tanngo/PhD/fix_torch_compile/prwork/envcu130/lib/python3.12/site-packages/torch/_subclasses/fake_tensor.py", line 3086, in _dispatch_impl
E0826 20:55:27.769000 13840 torch/_subclasses/fake_tensor.py:3090] [0/0]     r = func(*args, **kwargs)
E0826 20:55:27.769000 13840 torch/_subclasses/fake_tensor.py:3090] [0/0]         ^^^^^^^^^^^^^^^^^^^^^
E0826 20:55:27.769000 13840 torch/_subclasses/fake_tensor.py:3090] [0/0]   File "/prj/corp/airesearch/lasvegas/vol22-scratch/users/tanngo/PhD/fix_torch_compile/prwork/envcu130/lib/python3.12/site-packages/torch/_ops.py", line 875, in __call__
E0826 20:55:27.769000 13840 torch/_subclasses/fake_tensor.py:3090] [0/0]     return self._op(*args, **kwargs)
E0826 20:55:27.769000 13840 torch/_subclasses/fake_tensor.py:3090] [0/0]            ^^^^^^^^^^^^^^^^^^^^^^^^^
E0826 20:55:27.769000 13840 torch/_subclasses/fake_tensor.py:3090] [0/0]   File "/prj/corp/airesearch/lasvegas/vol22-scratch/users/tanngo/PhD/fix_torch_compile/prwork/envcu130/lib/python3.12/site-packages/torch/_meta_registrations.py", line 3149, in meta_avg_pool2d
E0826 20:55:27.769000 13840 torch/_subclasses/fake_tensor.py:3090] [0/0]     torch._check(
E0826 20:55:27.769000 13840 torch/_subclasses/fake_tensor.py:3090] [0/0]   File "/prj/corp/airesearch/lasvegas/vol22-scratch/users/tanngo/PhD/fix_torch_compile/prwork/envcu130/lib/python3.12/site-packages/torch/__init__.py", line 1768, in _check
E0826 20:55:27.769000 13840 torch/_subclasses/fake_tensor.py:3090] [0/0]     _check_with(RuntimeError, cond, message)  # pyrefly: ignore [bad-argument-type]
E0826 20:55:27.769000 13840 torch/_subclasses/fake_tensor.py:3090] [0/0]     ^^^^^^^^^^^^^^^^^^^^^^^^^^^^^^^^^^^^^^^^
E0826 20:55:27.769000 13840 torch/_subclasses/fake_tensor.py:3090] [0/0]   File "/prj/corp/airesearch/lasvegas/vol22-scratch/users/tanngo/PhD/fix_torch_compile/prwork/envcu130/lib/python3.12/site-packages/torch/__init__.py", line 1750, in _check_with
E0826 20:55:27.769000 13840 torch/_subclasses/fake_tensor.py:3090] [0/0]     raise error_type(message_evaluated)
E0826 20:55:27.769000 13840 torch/_subclasses/fake_tensor.py:3090] [0/0] RuntimeError: "avg_pool2d" not implemented for 'torch.uint8'
E0826 20:55:27.811000 13840 torch/_subclasses/fake_tensor.py:3090] [0/1] failed while attempting to run meta for aten.avg_pool2d.default
E0826 20:55:27.811000 13840 torch/_subclasses/fake_tensor.py:3090] [0/1] Traceback (most recent call last):
E0826 20:55:27.811000 13840 torch/_subclasses/fake_tensor.py:3090] [0/1]   File "/prj/corp/airesearch/lasvegas/vol22-scratch/users/tanngo/PhD/fix_torch_compile/prwork/envcu130/lib/python3.12/site-packages/torch/_subclasses/fake_tensor.py", line 3086, in _dispatch_impl
E0826 20:55:27.811000 13840 torch/_subclasses/fake_tensor.py:3090] [0/1]     r = func(*args, **kwargs)
E0826 20:55:27.811000 13840 torch/_subclasses/fake_tensor.py:3090] [0/1]         ^^^^^^^^^^^^^^^^^^^^^
E0826 20:55:27.811000 13840 torch/_subclasses/fake_tensor.py:3090] [0/1]   File "/prj/corp/airesearch/lasvegas/vol22-scratch/users/tanngo/PhD/fix_torch_compile/prwork/envcu130/lib/python3.12/site-packages/torch/_ops.py", line 875, in __call__
E0826 20:55:27.811000 13840 torch/_subclasses/fake_tensor.py:3090] [0/1]     return self._op(*args, **kwargs)
E0826 20:55:27.811000 13840 torch/_subclasses/fake_tensor.py:3090] [0/1]            ^^^^^^^^^^^^^^^^^^^^^^^^^
E0826 20:55:27.811000 13840 torch/_subclasses/fake_tensor.py:3090] [0/1]   File "/prj/corp/airesearch/lasvegas/vol22-scratch/users/tanngo/PhD/fix_torch_compile/prwork/envcu130/lib/python3.12/site-packages/torch/_meta_registrations.py", line 3149, in meta_avg_pool2d
E0826 20:55:27.811000 13840 torch/_subclasses/fake_tensor.py:3090] [0/1]     torch._check(
E0826 20:55:27.811000 13840 torch/_subclasses/fake_tensor.py:3090] [0/1]   File "/prj/corp/airesearch/lasvegas/vol22-scratch/users/tanngo/PhD/fix_torch_compile/prwork/envcu130/lib/python3.12/site-packages/torch/__init__.py", line 1768, in _check
E0826 20:55:27.811000 13840 torch/_subclasses/fake_tensor.py:3090] [0/1]     _check_with(RuntimeError, cond, message)  # pyrefly: ignore [bad-argument-type]
E0826 20:55:27.811000 13840 torch/_subclasses/fake_tensor.py:3090] [0/1]     ^^^^^^^^^^^^^^^^^^^^^^^^^^^^^^^^^^^^^^^^
E0826 20:55:27.811000 13840 torch/_subclasses/fake_tensor.py:3090] [0/1]   File "/prj/corp/airesearch/lasvegas/vol22-scratch/users/tanngo/PhD/fix_torch_compile/prwork/envcu130/lib/python3.12/site-packages/torch/__init__.py", line 1750, in _check_with
E0826 20:55:27.811000 13840 torch/_subclasses/fake_tensor.py:3090] [0/1]     raise error_type(message_evaluated)
E0826 20:55:27.811000 13840 torch/_subclasses/fake_tensor.py:3090] [0/1] RuntimeError: "avg_pool2d" not implemented for 'torch.uint16'
E0826 20:55:27.851000 13840 torch/_subclasses/fake_tensor.py:3090] [0/2] failed while attempting to run meta for aten.avg_pool2d.default
E0826 20:55:27.851000 13840 torch/_subclasses/fake_tensor.py:3090] [0/2] Traceback (most recent call last):
E0826 20:55:27.851000 13840 torch/_subclasses/fake_tensor.py:3090] [0/2]   File "/prj/corp/airesearch/lasvegas/vol22-scratch/users/tanngo/PhD/fix_torch_compile/prwork/envcu130/lib/python3.12/site-packages/torch/_subclasses/fake_tensor.py", line 3086, in _dispatch_impl
E0826 20:55:27.851000 13840 torch/_subclasses/fake_tensor.py:3090] [0/2]     r = func(*args, **kwargs)
E0826 20:55:27.851000 13840 torch/_subclasses/fake_tensor.py:3090] [0/2]         ^^^^^^^^^^^^^^^^^^^^^
E0826 20:55:27.851000 13840 torch/_subclasses/fake_tensor.py:3090] [0/2]   File "/prj/corp/airesearch/lasvegas/vol22-scratch/users/tanngo/PhD/fix_torch_compile/prwork/envcu130/lib/python3.12/site-packages/torch/_ops.py", line 875, in __call__
E0826 20:55:27.851000 13840 torch/_subclasses/fake_tensor.py:3090] [0/2]     return self._op(*args, **kwargs)
E0826 20:55:27.851000 13840 torch/_subclasses/fake_tensor.py:3090] [0/2]            ^^^^^^^^^^^^^^^^^^^^^^^^^
E0826 20:55:27.851000 13840 torch/_subclasses/fake_tensor.py:3090] [0/2]   File "/prj/corp/airesearch/lasvegas/vol22-scratch/users/tanngo/PhD/fix_torch_compile/prwork/envcu130/lib/python3.12/site-packages/torch/_meta_registrations.py", line 3149, in meta_avg_pool2d
E0826 20:55:27.851000 13840 torch/_subclasses/fake_tensor.py:3090] [0/2]     torch._check(
E0826 20:55:27.851000 13840 torch/_subclasses/fake_tensor.py:3090] [0/2]   File "/prj/corp/airesearch/lasvegas/vol22-scratch/users/tanngo/PhD/fix_torch_compile/prwork/envcu130/lib/python3.12/site-packages/torch/__init__.py", line 1768, in _check
E0826 20:55:27.851000 13840 torch/_subclasses/fake_tensor.py:3090] [0/2]     _check_with(RuntimeError, cond, message)  # pyrefly: ignore [bad-argument-type]
E0826 20:55:27.851000 13840 torch/_subclasses/fake_tensor.py:3090] [0/2]     ^^^^^^^^^^^^^^^^^^^^^^^^^^^^^^^^^^^^^^^^
E0826 20:55:27.851000 13840 torch/_subclasses/fake_tensor.py:3090] [0/2]   File "/prj/corp/airesearch/lasvegas/vol22-scratch/users/tanngo/PhD/fix_torch_compile/prwork/envcu130/lib/python3.12/site-packages/torch/__init__.py", line 1750, in _check_with
E0826 20:55:27.851000 13840 torch/_subclasses/fake_tensor.py:3090] [0/2]     raise error_type(message_evaluated)
E0826 20:55:27.851000 13840 torch/_subclasses/fake_tensor.py:3090] [0/2] RuntimeError: "avg_pool2d" not implemented for 'torch.uint32'
E0826 20:55:27.892000 13840 torch/_subclasses/fake_tensor.py:3090] [0/3] failed while attempting to run meta for aten.avg_pool2d.default
E0826 20:55:27.892000 13840 torch/_subclasses/fake_tensor.py:3090] [0/3] Traceback (most recent call last):
E0826 20:55:27.892000 13840 torch/_subclasses/fake_tensor.py:3090] [0/3]   File "/prj/corp/airesearch/lasvegas/vol22-scratch/users/tanngo/PhD/fix_torch_compile/prwork/envcu130/lib/python3.12/site-packages/torch/_subclasses/fake_tensor.py", line 3086, in _dispatch_impl
E0826 20:55:27.892000 13840 torch/_subclasses/fake_tensor.py:3090] [0/3]     r = func(*args, **kwargs)
E0826 20:55:27.892000 13840 torch/_subclasses/fake_tensor.py:3090] [0/3]         ^^^^^^^^^^^^^^^^^^^^^
E0826 20:55:27.892000 13840 torch/_subclasses/fake_tensor.py:3090] [0/3]   File "/prj/corp/airesearch/lasvegas/vol22-scratch/users/tanngo/PhD/fix_torch_compile/prwork/envcu130/lib/python3.12/site-packages/torch/_ops.py", line 875, in __call__
E0826 20:55:27.892000 13840 torch/_subclasses/fake_tensor.py:3090] [0/3]     return self._op(*args, **kwargs)
E0826 20:55:27.892000 13840 torch/_subclasses/fake_tensor.py:3090] [0/3]            ^^^^^^^^^^^^^^^^^^^^^^^^^
E0826 20:55:27.892000 13840 torch/_subclasses/fake_tensor.py:3090] [0/3]   File "/prj/corp/airesearch/lasvegas/vol22-scratch/users/tanngo/PhD/fix_torch_compile/prwork/envcu130/lib/python3.12/site-packages/torch/_meta_registrations.py", line 3149, in meta_avg_pool2d
E0826 20:55:27.892000 13840 torch/_subclasses/fake_tensor.py:3090] [0/3]     torch._check(
E0826 20:55:27.892000 13840 torch/_subclasses/fake_tensor.py:3090] [0/3]   File "/prj/corp/airesearch/lasvegas/vol22-scratch/users/tanngo/PhD/fix_torch_compile/prwork/envcu130/lib/python3.12/site-packages/torch/__init__.py", line 1768, in _check
E0826 20:55:27.892000 13840 torch/_subclasses/fake_tensor.py:3090] [0/3]     _check_with(RuntimeError, cond, message)  # pyrefly: ignore [bad-argument-type]
E0826 20:55:27.892000 13840 torch/_subclasses/fake_tensor.py:3090] [0/3]     ^^^^^^^^^^^^^^^^^^^^^^^^^^^^^^^^^^^^^^^^
E0826 20:55:27.892000 13840 torch/_subclasses/fake_tensor.py:3090] [0/3]   File "/prj/corp/airesearch/lasvegas/vol22-scratch/users/tanngo/PhD/fix_torch_compile/prwork/envcu130/lib/python3.12/site-packages/torch/__init__.py", line 1750, in _check_with
E0826 20:55:27.892000 13840 torch/_subclasses/fake_tensor.py:3090] [0/3]     raise error_type(message_evaluated)
E0826 20:55:27.892000 13840 torch/_subclasses/fake_tensor.py:3090] [0/3] RuntimeError: "avg_pool2d" not implemented for 'torch.uint64'
E0826 20:55:27.928000 13840 torch/_subclasses/fake_tensor.py:3090] [0/4] failed while attempting to run meta for aten.avg_pool2d.default
E0826 20:55:27.928000 13840 torch/_subclasses/fake_tensor.py:3090] [0/4] Traceback (most recent call last):
E0826 20:55:27.928000 13840 torch/_subclasses/fake_tensor.py:3090] [0/4]   File "/prj/corp/airesearch/lasvegas/vol22-scratch/users/tanngo/PhD/fix_torch_compile/prwork/envcu130/lib/python3.12/site-packages/torch/_subclasses/fake_tensor.py", line 3086, in _dispatch_impl
E0826 20:55:27.928000 13840 torch/_subclasses/fake_tensor.py:3090] [0/4]     r = func(*args, **kwargs)
E0826 20:55:27.928000 13840 torch/_subclasses/fake_tensor.py:3090] [0/4]         ^^^^^^^^^^^^^^^^^^^^^
E0826 20:55:27.928000 13840 torch/_subclasses/fake_tensor.py:3090] [0/4]   File "/prj/corp/airesearch/lasvegas/vol22-scratch/users/tanngo/PhD/fix_torch_compile/prwork/envcu130/lib/python3.12/site-packages/torch/_ops.py", line 875, in __call__
E0826 20:55:27.928000 13840 torch/_subclasses/fake_tensor.py:3090] [0/4]     return self._op(*args, **kwargs)
E0826 20:55:27.928000 13840 torch/_subclasses/fake_tensor.py:3090] [0/4]            ^^^^^^^^^^^^^^^^^^^^^^^^^
E0826 20:55:27.928000 13840 torch/_subclasses/fake_tensor.py:3090] [0/4]   File "/prj/corp/airesearch/lasvegas/vol22-scratch/users/tanngo/PhD/fix_torch_compile/prwork/envcu130/lib/python3.12/site-packages/torch/_meta_registrations.py", line 3149, in meta_avg_pool2d
E0826 20:55:27.928000 13840 torch/_subclasses/fake_tensor.py:3090] [0/4]     torch._check(
E0826 20:55:27.928000 13840 torch/_subclasses/fake_tensor.py:3090] [0/4]   File "/prj/corp/airesearch/lasvegas/vol22-scratch/users/tanngo/PhD/fix_torch_compile/prwork/envcu130/lib/python3.12/site-packages/torch/__init__.py", line 1768, in _check
E0826 20:55:27.928000 13840 torch/_subclasses/fake_tensor.py:3090] [0/4]     _check_with(RuntimeError, cond, message)  # pyrefly: ignore [bad-argument-type]
E0826 20:55:27.928000 13840 torch/_subclasses/fake_tensor.py:3090] [0/4]     ^^^^^^^^^^^^^^^^^^^^^^^^^^^^^^^^^^^^^^^^
E0826 20:55:27.928000 13840 torch/_subclasses/fake_tensor.py:3090] [0/4]   File "/prj/corp/airesearch/lasvegas/vol22-scratch/users/tanngo/PhD/fix_torch_compile/prwork/envcu130/lib/python3.12/site-packages/torch/__init__.py", line 1750, in _check_with
E0826 20:55:27.928000 13840 torch/_subclasses/fake_tensor.py:3090] [0/4]     raise error_type(message_evaluated)
E0826 20:55:27.928000 13840 torch/_subclasses/fake_tensor.py:3090] [0/4] RuntimeError: "avg_pool2d" not implemented for 'torch.uint8'
E0826 20:55:27.955000 13840 torch/_subclasses/fake_tensor.py:3090] [0/5] failed while attempting to run meta for aten.avg_pool2d.default
E0826 20:55:27.955000 13840 torch/_subclasses/fake_tensor.py:3090] [0/5] Traceback (most recent call last):
E0826 20:55:27.955000 13840 torch/_subclasses/fake_tensor.py:3090] [0/5]   File "/prj/corp/airesearch/lasvegas/vol22-scratch/users/tanngo/PhD/fix_torch_compile/prwork/envcu130/lib/python3.12/site-packages/torch/_subclasses/fake_tensor.py", line 3086, in _dispatch_impl
E0826 20:55:27.955000 13840 torch/_subclasses/fake_tensor.py:3090] [0/5]     r = func(*args, **kwargs)
E0826 20:55:27.955000 13840 torch/_subclasses/fake_tensor.py:3090] [0/5]         ^^^^^^^^^^^^^^^^^^^^^
E0826 20:55:27.955000 13840 torch/_subclasses/fake_tensor.py:3090] [0/5]   File "/prj/corp/airesearch/lasvegas/vol22-scratch/users/tanngo/PhD/fix_torch_compile/prwork/envcu130/lib/python3.12/site-packages/torch/_ops.py", line 875, in __call__
E0826 20:55:27.955000 13840 torch/_subclasses/fake_tensor.py:3090] [0/5]     return self._op(*args, **kwargs)
E0826 20:55:27.955000 13840 torch/_subclasses/fake_tensor.py:3090] [0/5]            ^^^^^^^^^^^^^^^^^^^^^^^^^
E0826 20:55:27.955000 13840 torch/_subclasses/fake_tensor.py:3090] [0/5]   File "/prj/corp/airesearch/lasvegas/vol22-scratch/users/tanngo/PhD/fix_torch_compile/prwork/envcu130/lib/python3.12/site-packages/torch/_meta_registrations.py", line 3149, in meta_avg_pool2d
E0826 20:55:27.955000 13840 torch/_subclasses/fake_tensor.py:3090] [0/5]     torch._check(
E0826 20:55:27.955000 13840 torch/_subclasses/fake_tensor.py:3090] [0/5]   File "/prj/corp/airesearch/lasvegas/vol22-scratch/users/tanngo/PhD/fix_torch_compile/prwork/envcu130/lib/python3.12/site-packages/torch/__init__.py", line 1768, in _check
E0826 20:55:27.955000 13840 torch/_subclasses/fake_tensor.py:3090] [0/5]     _check_with(RuntimeError, cond, message)  # pyrefly: ignore [bad-argument-type]
E0826 20:55:27.955000 13840 torch/_subclasses/fake_tensor.py:3090] [0/5]     ^^^^^^^^^^^^^^^^^^^^^^^^^^^^^^^^^^^^^^^^
E0826 20:55:27.955000 13840 torch/_subclasses/fake_tensor.py:3090] [0/5]   File "/prj/corp/airesearch/lasvegas/vol22-scratch/users/tanngo/PhD/fix_torch_compile/prwork/envcu130/lib/python3.12/site-packages/torch/__init__.py", line 1750, in _check_with
E0826 20:55:27.955000 13840 torch/_subclasses/fake_tensor.py:3090] [0/5]     raise error_type(message_evaluated)
E0826 20:55:27.955000 13840 torch/_subclasses/fake_tensor.py:3090] [0/5] RuntimeError: "avg_pool2d" not implemented for 'torch.uint16'
E0826 20:55:27.981000 13840 torch/_subclasses/fake_tensor.py:3090] [0/6] failed while attempting to run meta for aten.avg_pool2d.default
E0826 20:55:27.981000 13840 torch/_subclasses/fake_tensor.py:3090] [0/6] Traceback (most recent call last):
E0826 20:55:27.981000 13840 torch/_subclasses/fake_tensor.py:3090] [0/6]   File "/prj/corp/airesearch/lasvegas/vol22-scratch/users/tanngo/PhD/fix_torch_compile/prwork/envcu130/lib/python3.12/site-packages/torch/_subclasses/fake_tensor.py", line 3086, in _dispatch_impl
E0826 20:55:27.981000 13840 torch/_subclasses/fake_tensor.py:3090] [0/6]     r = func(*args, **kwargs)
E0826 20:55:27.981000 13840 torch/_subclasses/fake_tensor.py:3090] [0/6]         ^^^^^^^^^^^^^^^^^^^^^
E0826 20:55:27.981000 13840 torch/_subclasses/fake_tensor.py:3090] [0/6]   File "/prj/corp/airesearch/lasvegas/vol22-scratch/users/tanngo/PhD/fix_torch_compile/prwork/envcu130/lib/python3.12/site-packages/torch/_ops.py", line 875, in __call__
E0826 20:55:27.981000 13840 torch/_subclasses/fake_tensor.py:3090] [0/6]     return self._op(*args, **kwargs)
E0826 20:55:27.981000 13840 torch/_subclasses/fake_tensor.py:3090] [0/6]            ^^^^^^^^^^^^^^^^^^^^^^^^^
E0826 20:55:27.981000 13840 torch/_subclasses/fake_tensor.py:3090] [0/6]   File "/prj/corp/airesearch/lasvegas/vol22-scratch/users/tanngo/PhD/fix_torch_compile/prwork/envcu130/lib/python3.12/site-packages/torch/_meta_registrations.py", line 3149, in meta_avg_pool2d
E0826 20:55:27.981000 13840 torch/_subclasses/fake_tensor.py:3090] [0/6]     torch._check(
E0826 20:55:27.981000 13840 torch/_subclasses/fake_tensor.py:3090] [0/6]   File "/prj/corp/airesearch/lasvegas/vol22-scratch/users/tanngo/PhD/fix_torch_compile/prwork/envcu130/lib/python3.12/site-packages/torch/__init__.py", line 1768, in _check
E0826 20:55:27.981000 13840 torch/_subclasses/fake_tensor.py:3090] [0/6]     _check_with(RuntimeError, cond, message)  # pyrefly: ignore [bad-argument-type]
E0826 20:55:27.981000 13840 torch/_subclasses/fake_tensor.py:3090] [0/6]     ^^^^^^^^^^^^^^^^^^^^^^^^^^^^^^^^^^^^^^^^
E0826 20:55:27.981000 13840 torch/_subclasses/fake_tensor.py:3090] [0/6]   File "/prj/corp/airesearch/lasvegas/vol22-scratch/users/tanngo/PhD/fix_torch_compile/prwork/envcu130/lib/python3.12/site-packages/torch/__init__.py", line 1750, in _check_with
E0826 20:55:27.981000 13840 torch/_subclasses/fake_tensor.py:3090] [0/6]     raise error_type(message_evaluated)
E0826 20:55:27.981000 13840 torch/_subclasses/fake_tensor.py:3090] [0/6] RuntimeError: "avg_pool2d" not implemented for 'torch.uint32'
E0826 20:55:28.007000 13840 torch/_subclasses/fake_tensor.py:3090] [0/7] failed while attempting to run meta for aten.avg_pool2d.default
E0826 20:55:28.007000 13840 torch/_subclasses/fake_tensor.py:3090] [0/7] Traceback (most recent call last):
E0826 20:55:28.007000 13840 torch/_subclasses/fake_tensor.py:3090] [0/7]   File "/prj/corp/airesearch/lasvegas/vol22-scratch/users/tanngo/PhD/fix_torch_compile/prwork/envcu130/lib/python3.12/site-packages/torch/_subclasses/fake_tensor.py", line 3086, in _dispatch_impl
E0826 20:55:28.007000 13840 torch/_subclasses/fake_tensor.py:3090] [0/7]     r = func(*args, **kwargs)
E0826 20:55:28.007000 13840 torch/_subclasses/fake_tensor.py:3090] [0/7]         ^^^^^^^^^^^^^^^^^^^^^
E0826 20:55:28.007000 13840 torch/_subclasses/fake_tensor.py:3090] [0/7]   File "/prj/corp/airesearch/lasvegas/vol22-scratch/users/tanngo/PhD/fix_torch_compile/prwork/envcu130/lib/python3.12/site-packages/torch/_ops.py", line 875, in __call__
E0826 20:55:28.007000 13840 torch/_subclasses/fake_tensor.py:3090] [0/7]     return self._op(*args, **kwargs)
E0826 20:55:28.007000 13840 torch/_subclasses/fake_tensor.py:3090] [0/7]            ^^^^^^^^^^^^^^^^^^^^^^^^^
E0826 20:55:28.007000 13840 torch/_subclasses/fake_tensor.py:3090] [0/7]   File "/prj/corp/airesearch/lasvegas/vol22-scratch/users/tanngo/PhD/fix_torch_compile/prwork/envcu130/lib/python3.12/site-packages/torch/_meta_registrations.py", line 3149, in meta_avg_pool2d
E0826 20:55:28.007000 13840 torch/_subclasses/fake_tensor.py:3090] [0/7]     torch._check(
E0826 20:55:28.007000 13840 torch/_subclasses/fake_tensor.py:3090] [0/7]   File "/prj/corp/airesearch/lasvegas/vol22-scratch/users/tanngo/PhD/fix_torch_compile/prwork/envcu130/lib/python3.12/site-packages/torch/__init__.py", line 1768, in _check
E0826 20:55:28.007000 13840 torch/_subclasses/fake_tensor.py:3090] [0/7]     _check_with(RuntimeError, cond, message)  # pyrefly: ignore [bad-argument-type]
E0826 20:55:28.007000 13840 torch/_subclasses/fake_tensor.py:3090] [0/7]     ^^^^^^^^^^^^^^^^^^^^^^^^^^^^^^^^^^^^^^^^
E0826 20:55:28.007000 13840 torch/_subclasses/fake_tensor.py:3090] [0/7]   File "/prj/corp/airesearch/lasvegas/vol22-scratch/users/tanngo/PhD/fix_torch_compile/prwork/envcu130/lib/python3.12/site-packages/torch/__init__.py", line 1750, in _check_with
E0826 20:55:28.007000 13840 torch/_subclasses/fake_tensor.py:3090] [0/7]     raise error_type(message_evaluated)
E0826 20:55:28.007000 13840 torch/_subclasses/fake_tensor.py:3090] [0/7] RuntimeError: "avg_pool2d" not implemented for 'torch.uint64'
E0826 20:55:28.041000 13840 torch/_subclasses/fake_tensor.py:3090] [0/8] failed while attempting to run meta for aten.avg_pool3d.default
E0826 20:55:28.041000 13840 torch/_subclasses/fake_tensor.py:3090] [0/8] Traceback (most recent call last):
E0826 20:55:28.041000 13840 torch/_subclasses/fake_tensor.py:3090] [0/8]   File "/prj/corp/airesearch/lasvegas/vol22-scratch/users/tanngo/PhD/fix_torch_compile/prwork/envcu130/lib/python3.12/site-packages/torch/_subclasses/fake_tensor.py", line 3086, in _dispatch_impl
E0826 20:55:28.041000 13840 torch/_subclasses/fake_tensor.py:3090] [0/8]     r = func(*args, **kwargs)
E0826 20:55:28.041000 13840 torch/_subclasses/fake_tensor.py:3090] [0/8]         ^^^^^^^^^^^^^^^^^^^^^
E0826 20:55:28.041000 13840 torch/_subclasses/fake_tensor.py:3090] [0/8]   File "/prj/corp/airesearch/lasvegas/vol22-scratch/users/tanngo/PhD/fix_torch_compile/prwork/envcu130/lib/python3.12/site-packages/torch/_ops.py", line 875, in __call__
E0826 20:55:28.041000 13840 torch/_subclasses/fake_tensor.py:3090] [0/8]     return self._op(*args, **kwargs)
E0826 20:55:28.041000 13840 torch/_subclasses/fake_tensor.py:3090] [0/8]            ^^^^^^^^^^^^^^^^^^^^^^^^^
E0826 20:55:28.041000 13840 torch/_subclasses/fake_tensor.py:3090] [0/8]   File "/prj/corp/airesearch/lasvegas/vol22-scratch/users/tanngo/PhD/fix_torch_compile/prwork/envcu130/lib/python3.12/site-packages/torch/_prims_common/wrappers.py", line 313, in _fn
E0826 20:55:28.041000 13840 torch/_subclasses/fake_tensor.py:3090] [0/8]     result = fn(*args, **kwargs)
E0826 20:55:28.041000 13840 torch/_subclasses/fake_tensor.py:3090] [0/8]              ^^^^^^^^^^^^^^^^^^^
E0826 20:55:28.041000 13840 torch/_subclasses/fake_tensor.py:3090] [0/8]   File "/prj/corp/airesearch/lasvegas/vol22-scratch/users/tanngo/PhD/fix_torch_compile/prwork/envcu130/lib/python3.12/site-packages/torch/_meta_registrations.py", line 3347, in meta_avg_pool3d
E0826 20:55:28.041000 13840 torch/_subclasses/fake_tensor.py:3090] [0/8]     torch._check(
E0826 20:55:28.041000 13840 torch/_subclasses/fake_tensor.py:3090] [0/8]   File "/prj/corp/airesearch/lasvegas/vol22-scratch/users/tanngo/PhD/fix_torch_compile/prwork/envcu130/lib/python3.12/site-packages/torch/__init__.py", line 1768, in _check
E0826 20:55:28.041000 13840 torch/_subclasses/fake_tensor.py:3090] [0/8]     _check_with(RuntimeError, cond, message)  # pyrefly: ignore [bad-argument-type]
E0826 20:55:28.041000 13840 torch/_subclasses/fake_tensor.py:3090] [0/8]     ^^^^^^^^^^^^^^^^^^^^^^^^^^^^^^^^^^^^^^^^
E0826 20:55:28.041000 13840 torch/_subclasses/fake_tensor.py:3090] [0/8]   File "/prj/corp/airesearch/lasvegas/vol22-scratch/users/tanngo/PhD/fix_torch_compile/prwork/envcu130/lib/python3.12/site-packages/torch/__init__.py", line 1750, in _check_with
E0826 20:55:28.041000 13840 torch/_subclasses/fake_tensor.py:3090] [0/8]     raise error_type(message_evaluated)
E0826 20:55:28.041000 13840 torch/_subclasses/fake_tensor.py:3090] [0/8] RuntimeError: "avg_pool3d" not implemented for 'torch.uint8'
E0826 20:55:28.075000 13840 torch/_subclasses/fake_tensor.py:3090] [0/9] failed while attempting to run meta for aten.avg_pool3d.default
E0826 20:55:28.075000 13840 torch/_subclasses/fake_tensor.py:3090] [0/9] Traceback (most recent call last):
E0826 20:55:28.075000 13840 torch/_subclasses/fake_tensor.py:3090] [0/9]   File "/prj/corp/airesearch/lasvegas/vol22-scratch/users/tanngo/PhD/fix_torch_compile/prwork/envcu130/lib/python3.12/site-packages/torch/_subclasses/fake_tensor.py", line 3086, in _dispatch_impl
E0826 20:55:28.075000 13840 torch/_subclasses/fake_tensor.py:3090] [0/9]     r = func(*args, **kwargs)
E0826 20:55:28.075000 13840 torch/_subclasses/fake_tensor.py:3090] [0/9]         ^^^^^^^^^^^^^^^^^^^^^
E0826 20:55:28.075000 13840 torch/_subclasses/fake_tensor.py:3090] [0/9]   File "/prj/corp/airesearch/lasvegas/vol22-scratch/users/tanngo/PhD/fix_torch_compile/prwork/envcu130/lib/python3.12/site-packages/torch/_ops.py", line 875, in __call__
E0826 20:55:28.075000 13840 torch/_subclasses/fake_tensor.py:3090] [0/9]     return self._op(*args, **kwargs)
E0826 20:55:28.075000 13840 torch/_subclasses/fake_tensor.py:3090] [0/9]            ^^^^^^^^^^^^^^^^^^^^^^^^^
E0826 20:55:28.075000 13840 torch/_subclasses/fake_tensor.py:3090] [0/9]   File "/prj/corp/airesearch/lasvegas/vol22-scratch/users/tanngo/PhD/fix_torch_compile/prwork/envcu130/lib/python3.12/site-packages/torch/_prims_common/wrappers.py", line 313, in _fn
E0826 20:55:28.075000 13840 torch/_subclasses/fake_tensor.py:3090] [0/9]     result = fn(*args, **kwargs)
E0826 20:55:28.075000 13840 torch/_subclasses/fake_tensor.py:3090] [0/9]              ^^^^^^^^^^^^^^^^^^^
E0826 20:55:28.075000 13840 torch/_subclasses/fake_tensor.py:3090] [0/9]   File "/prj/corp/airesearch/lasvegas/vol22-scratch/users/tanngo/PhD/fix_torch_compile/prwork/envcu130/lib/python3.12/site-packages/torch/_meta_registrations.py", line 3347, in meta_avg_pool3d
E0826 20:55:28.075000 13840 torch/_subclasses/fake_tensor.py:3090] [0/9]     torch._check(
E0826 20:55:28.075000 13840 torch/_subclasses/fake_tensor.py:3090] [0/9]   File "/prj/corp/airesearch/lasvegas/vol22-scratch/users/tanngo/PhD/fix_torch_compile/prwork/envcu130/lib/python3.12/site-packages/torch/__init__.py", line 1768, in _check
E0826 20:55:28.075000 13840 torch/_subclasses/fake_tensor.py:3090] [0/9]     _check_with(RuntimeError, cond, message)  # pyrefly: ignore [bad-argument-type]
E0826 20:55:28.075000 13840 torch/_subclasses/fake_tensor.py:3090] [0/9]     ^^^^^^^^^^^^^^^^^^^^^^^^^^^^^^^^^^^^^^^^
E0826 20:55:28.075000 13840 torch/_subclasses/fake_tensor.py:3090] [0/9]   File "/prj/corp/airesearch/lasvegas/vol22-scratch/users/tanngo/PhD/fix_torch_compile/prwork/envcu130/lib/python3.12/site-packages/torch/__init__.py", line 1750, in _check_with
E0826 20:55:28.075000 13840 torch/_subclasses/fake_tensor.py:3090] [0/9]     raise error_type(message_evaluated)
E0826 20:55:28.075000 13840 torch/_subclasses/fake_tensor.py:3090] [0/9] RuntimeError: "avg_pool3d" not implemented for 'torch.uint16'
E0826 20:55:28.106000 13840 torch/_subclasses/fake_tensor.py:3090] [0/10] failed while attempting to run meta for aten.avg_pool3d.default
E0826 20:55:28.106000 13840 torch/_subclasses/fake_tensor.py:3090] [0/10] Traceback (most recent call last):
E0826 20:55:28.106000 13840 torch/_subclasses/fake_tensor.py:3090] [0/10]   File "/prj/corp/airesearch/lasvegas/vol22-scratch/users/tanngo/PhD/fix_torch_compile/prwork/envcu130/lib/python3.12/site-packages/torch/_subclasses/fake_tensor.py", line 3086, in _dispatch_impl
E0826 20:55:28.106000 13840 torch/_subclasses/fake_tensor.py:3090] [0/10]     r = func(*args, **kwargs)
E0826 20:55:28.106000 13840 torch/_subclasses/fake_tensor.py:3090] [0/10]         ^^^^^^^^^^^^^^^^^^^^^
E0826 20:55:28.106000 13840 torch/_subclasses/fake_tensor.py:3090] [0/10]   File "/prj/corp/airesearch/lasvegas/vol22-scratch/users/tanngo/PhD/fix_torch_compile/prwork/envcu130/lib/python3.12/site-packages/torch/_ops.py", line 875, in __call__
E0826 20:55:28.106000 13840 torch/_subclasses/fake_tensor.py:3090] [0/10]     return self._op(*args, **kwargs)
E0826 20:55:28.106000 13840 torch/_subclasses/fake_tensor.py:3090] [0/10]            ^^^^^^^^^^^^^^^^^^^^^^^^^
E0826 20:55:28.106000 13840 torch/_subclasses/fake_tensor.py:3090] [0/10]   File "/prj/corp/airesearch/lasvegas/vol22-scratch/users/tanngo/PhD/fix_torch_compile/prwork/envcu130/lib/python3.12/site-packages/torch/_prims_common/wrappers.py", line 313, in _fn
E0826 20:55:28.106000 13840 torch/_subclasses/fake_tensor.py:3090] [0/10]     result = fn(*args, **kwargs)
E0826 20:55:28.106000 13840 torch/_subclasses/fake_tensor.py:3090] [0/10]              ^^^^^^^^^^^^^^^^^^^
E0826 20:55:28.106000 13840 torch/_subclasses/fake_tensor.py:3090] [0/10]   File "/prj/corp/airesearch/lasvegas/vol22-scratch/users/tanngo/PhD/fix_torch_compile/prwork/envcu130/lib/python3.12/site-packages/torch/_meta_registrations.py", line 3347, in meta_avg_pool3d
E0826 20:55:28.106000 13840 torch/_subclasses/fake_tensor.py:3090] [0/10]     torch._check(
E0826 20:55:28.106000 13840 torch/_subclasses/fake_tensor.py:3090] [0/10]   File "/prj/corp/airesearch/lasvegas/vol22-scratch/users/tanngo/PhD/fix_torch_compile/prwork/envcu130/lib/python3.12/site-packages/torch/__init__.py", line 1768, in _check
E0826 20:55:28.106000 13840 torch/_subclasses/fake_tensor.py:3090] [0/10]     _check_with(RuntimeError, cond, message)  # pyrefly: ignore [bad-argument-type]
E0826 20:55:28.106000 13840 torch/_subclasses/fake_tensor.py:3090] [0/10]     ^^^^^^^^^^^^^^^^^^^^^^^^^^^^^^^^^^^^^^^^
E0826 20:55:28.106000 13840 torch/_subclasses/fake_tensor.py:3090] [0/10]   File "/prj/corp/airesearch/lasvegas/vol22-scratch/users/tanngo/PhD/fix_torch_compile/prwork/envcu130/lib/python3.12/site-packages/torch/__init__.py", line 1750, in _check_with
E0826 20:55:28.106000 13840 torch/_subclasses/fake_tensor.py:3090] [0/10]     raise error_type(message_evaluated)
E0826 20:55:28.106000 13840 torch/_subclasses/fake_tensor.py:3090] [0/10] RuntimeError: "avg_pool3d" not implemented for 'torch.uint32'
E0826 20:55:28.135000 13840 torch/_subclasses/fake_tensor.py:3090] [0/11] failed while attempting to run meta for aten.avg_pool3d.default
E0826 20:55:28.135000 13840 torch/_subclasses/fake_tensor.py:3090] [0/11] Traceback (most recent call last):
E0826 20:55:28.135000 13840 torch/_subclasses/fake_tensor.py:3090] [0/11]   File "/prj/corp/airesearch/lasvegas/vol22-scratch/users/tanngo/PhD/fix_torch_compile/prwork/envcu130/lib/python3.12/site-packages/torch/_subclasses/fake_tensor.py", line 3086, in _dispatch_impl
E0826 20:55:28.135000 13840 torch/_subclasses/fake_tensor.py:3090] [0/11]     r = func(*args, **kwargs)
E0826 20:55:28.135000 13840 torch/_subclasses/fake_tensor.py:3090] [0/11]         ^^^^^^^^^^^^^^^^^^^^^
E0826 20:55:28.135000 13840 torch/_subclasses/fake_tensor.py:3090] [0/11]   File "/prj/corp/airesearch/lasvegas/vol22-scratch/users/tanngo/PhD/fix_torch_compile/prwork/envcu130/lib/python3.12/site-packages/torch/_ops.py", line 875, in __call__
E0826 20:55:28.135000 13840 torch/_subclasses/fake_tensor.py:3090] [0/11]     return self._op(*args, **kwargs)
E0826 20:55:28.135000 13840 torch/_subclasses/fake_tensor.py:3090] [0/11]            ^^^^^^^^^^^^^^^^^^^^^^^^^
E0826 20:55:28.135000 13840 torch/_subclasses/fake_tensor.py:3090] [0/11]   File "/prj/corp/airesearch/lasvegas/vol22-scratch/users/tanngo/PhD/fix_torch_compile/prwork/envcu130/lib/python3.12/site-packages/torch/_prims_common/wrappers.py", line 313, in _fn
E0826 20:55:28.135000 13840 torch/_subclasses/fake_tensor.py:3090] [0/11]     result = fn(*args, **kwargs)
E0826 20:55:28.135000 13840 torch/_subclasses/fake_tensor.py:3090] [0/11]              ^^^^^^^^^^^^^^^^^^^
E0826 20:55:28.135000 13840 torch/_subclasses/fake_tensor.py:3090] [0/11]   File "/prj/corp/airesearch/lasvegas/vol22-scratch/users/tanngo/PhD/fix_torch_compile/prwork/envcu130/lib/python3.12/site-packages/torch/_meta_registrations.py", line 3347, in meta_avg_pool3d
E0826 20:55:28.135000 13840 torch/_subclasses/fake_tensor.py:3090] [0/11]     torch._check(
E0826 20:55:28.135000 13840 torch/_subclasses/fake_tensor.py:3090] [0/11]   File "/prj/corp/airesearch/lasvegas/vol22-scratch/users/tanngo/PhD/fix_torch_compile/prwork/envcu130/lib/python3.12/site-packages/torch/__init__.py", line 1768, in _check
E0826 20:55:28.135000 13840 torch/_subclasses/fake_tensor.py:3090] [0/11]     _check_with(RuntimeError, cond, message)  # pyrefly: ignore [bad-argument-type]
E0826 20:55:28.135000 13840 torch/_subclasses/fake_tensor.py:3090] [0/11]     ^^^^^^^^^^^^^^^^^^^^^^^^^^^^^^^^^^^^^^^^
E0826 20:55:28.135000 13840 torch/_subclasses/fake_tensor.py:3090] [0/11]   File "/prj/corp/airesearch/lasvegas/vol22-scratch/users/tanngo/PhD/fix_torch_compile/prwork/envcu130/lib/python3.12/site-packages/torch/__init__.py", line 1750, in _check_with
E0826 20:55:28.135000 13840 torch/_subclasses/fake_tensor.py:3090] [0/11]     raise error_type(message_evaluated)
E0826 20:55:28.135000 13840 torch/_subclasses/fake_tensor.py:3090] [0/11] RuntimeError: "avg_pool3d" not implemented for 'torch.uint64'
..................../prj/corp/airesearch/lasvegas/vol22-scratch/users/tanngo/PhD/fix_torch_compile/prwork/envcu130/lib/python3.12/site-packages/torch/_dynamo/pgo.py:605: UserWarning: dynamo_pgo force disabled by torch.compiler.config.force_disable_caches
  warn_once(
..................................................................................................s.ssssssssss...ssssAutotune Choices Stats:
{"num_choices": 11, "num_triton_choices": 11, "best_kernel": "triton_convolution2d_bwd_weight_4", "best_kernel_desc": "ALLOW_TF32=False, BLOCK_K=16, BLOCK_M=64, BLOCK_N=64, DILATION_H=1, DILATION_W=1, GROUPS=4, KERNEL_H=1, KERNEL_W=1, PADDING_H=0, PADDING_W=0, STRIDE_H=1, STRIDE_W=1, num_stages=2, num_warps=4", "best_time": 0.09699200093746185, "best_triton_pos": 0}
AUTOTUNE convolution_bwd_weight(2x4x16x16, 2x128x16x16)
strides: [s32**2*s37, s32**2, s32, 1], [s32**2*s38, s32**2, s32, 1]
dtypes: torch.float32, torch.float32
  triton_convolution2d_bwd_weight_4 0.0970 ms 100.0% ALLOW_TF32=False, BLOCK_K=16, BLOCK_M=64, BLOCK_N=64, DILATION_H=1, DILATION_W=1, GROUPS=4, KERNEL_H=1, KERNEL_W=1, PADDING_H=0, PADDING_W=0, STRIDE_H=1, STRIDE_W=1, num_stages=2, num_warps=4
  triton_convolution2d_bwd_weight_5 0.1665 ms 58.3% ALLOW_TF32=False, BLOCK_K=16, BLOCK_M=64, BLOCK_N=128, DILATION_H=1, DILATION_W=1, GROUPS=4, KERNEL_H=1, KERNEL_W=1, PADDING_H=0, PADDING_W=0, STRIDE_H=1, STRIDE_W=1, num_stages=2, num_warps=8
  triton_convolution2d_bwd_weight_9 0.2018 ms 48.1% ALLOW_TF32=False, BLOCK_K=16, BLOCK_M=128, BLOCK_N=64, DILATION_H=1, DILATION_W=1, GROUPS=4, KERNEL_H=1, KERNEL_W=1, PADDING_H=0, PADDING_W=0, STRIDE_H=1, STRIDE_W=1, num_stages=4, num_warps=4
  triton_convolution2d_bwd_weight_7 0.2039 ms 47.6% ALLOW_TF32=False, BLOCK_K=16, BLOCK_M=128, BLOCK_N=128, DILATION_H=1, DILATION_W=1, GROUPS=4, KERNEL_H=1, KERNEL_W=1, PADDING_H=0, PADDING_W=0, STRIDE_H=1, STRIDE_W=1, num_stages=3, num_warps=8
  triton_convolution2d_bwd_weight_2 0.2060 ms 47.1% ALLOW_TF32=False, BLOCK_K=16, BLOCK_M=512, BLOCK_N=16, DILATION_H=1, DILATION_W=1, GROUPS=4, KERNEL_H=1, KERNEL_W=1, PADDING_H=0, PADDING_W=0, STRIDE_H=1, STRIDE_W=1, num_stages=1, num_warps=8
  triton_convolution2d_bwd_weight_8 0.2178 ms 44.5% ALLOW_TF32=False, BLOCK_K=16, BLOCK_M=64, BLOCK_N=128, DILATION_H=1, DILATION_W=1, GROUPS=4, KERNEL_H=1, KERNEL_W=1, PADDING_H=0, PADDING_W=0, STRIDE_H=1, STRIDE_W=1, num_stages=4, num_warps=4
  triton_convolution2d_bwd_weight_3 0.2251 ms 43.1% ALLOW_TF32=False, BLOCK_K=16, BLOCK_M=128, BLOCK_N=128, DILATION_H=1, DILATION_W=1, GROUPS=4, KERNEL_H=1, KERNEL_W=1, PADDING_H=0, PADDING_W=0, STRIDE_H=1, STRIDE_W=1, num_stages=2, num_warps=8
  triton_convolution2d_bwd_weight_0 0.2668 ms 36.4% ALLOW_TF32=False, BLOCK_K=16, BLOCK_M=64, BLOCK_N=128, DILATION_H=1, DILATION_W=1, GROUPS=4, KERNEL_H=1, KERNEL_W=1, PADDING_H=0, PADDING_W=0, STRIDE_H=1, STRIDE_W=1, num_stages=2, num_warps=4
  triton_convolution2d_bwd_weight_1 0.2961 ms 32.8% ALLOW_TF32=False, BLOCK_K=16, BLOCK_M=256, BLOCK_N=64, DILATION_H=1, DILATION_W=1, GROUPS=4, KERNEL_H=1, KERNEL_W=1, PADDING_H=0, PADDING_W=0, STRIDE_H=1, STRIDE_W=1, num_stages=2, num_warps=4
  triton_convolution2d_bwd_weight_6 0.3053 ms 31.8% ALLOW_TF32=False, BLOCK_K=16, BLOCK_M=256, BLOCK_N=64, DILATION_H=1, DILATION_W=1, GROUPS=4, KERNEL_H=1, KERNEL_W=1, PADDING_H=0, PADDING_W=0, STRIDE_H=1, STRIDE_W=1, num_stages=2, num_warps=8
SingleProcess AUTOTUNE benchmarking takes 0.5049 seconds and 11.9002 seconds precompiling for 11 choices
Autotune Choices Stats:
{"num_choices": 11, "num_triton_choices": 11, "best_kernel": "triton_convolution2d_bwd_input_15", "best_kernel_desc": "ALLOW_TF32=False, BLOCK_K=16, BLOCK_M=64, BLOCK_N=64, DILATION_H=1, DILATION_W=1, GROUPS=4, KERNEL_H=1, KERNEL_W=1, PADDING_H=0, PADDING_W=0, STRIDE_H=1, STRIDE_W=1, num_stages=2, num_warps=4", "best_time": 0.01071999967098236, "best_triton_pos": 0}
AUTOTUNE convolution_bwd_input(2x128x16x16, 128x1x1x1)
strides: [s32**2*s38, s32**2, s32, 1], [1, 1, 1, 1]
dtypes: torch.float32, torch.float32
  triton_convolution2d_bwd_input_15 0.0107 ms 100.0% ALLOW_TF32=False, BLOCK_K=16, BLOCK_M=64, BLOCK_N=64, DILATION_H=1, DILATION_W=1, GROUPS=4, KERNEL_H=1, KERNEL_W=1, PADDING_H=0, PADDING_W=0, STRIDE_H=1, STRIDE_W=1, num_stages=2, num_warps=4
  triton_convolution2d_bwd_input_11 0.0127 ms 84.6% ALLOW_TF32=False, BLOCK_K=16, BLOCK_M=64, BLOCK_N=128, DILATION_H=1, DILATION_W=1, GROUPS=4, KERNEL_H=1, KERNEL_W=1, PADDING_H=0, PADDING_W=0, STRIDE_H=1, STRIDE_W=1, num_stages=2, num_warps=4
  triton_convolution2d_bwd_input_16 0.0137 ms 78.5% ALLOW_TF32=False, BLOCK_K=16, BLOCK_M=64, BLOCK_N=128, DILATION_H=1, DILATION_W=1, GROUPS=4, KERNEL_H=1, KERNEL_W=1, PADDING_H=0, PADDING_W=0, STRIDE_H=1, STRIDE_W=1, num_stages=2, num_warps=8
  triton_convolution2d_bwd_input_19 0.0161 ms 66.7% ALLOW_TF32=False, BLOCK_K=16, BLOCK_M=64, BLOCK_N=128, DILATION_H=1, DILATION_W=1, GROUPS=4, KERNEL_H=1, KERNEL_W=1, PADDING_H=0, PADDING_W=0, STRIDE_H=1, STRIDE_W=1, num_stages=4, num_warps=4
  triton_convolution2d_bwd_input_14 0.0175 ms 61.1% ALLOW_TF32=False, BLOCK_K=16, BLOCK_M=128, BLOCK_N=128, DILATION_H=1, DILATION_W=1, GROUPS=4, KERNEL_H=1, KERNEL_W=1, PADDING_H=0, PADDING_W=0, STRIDE_H=1, STRIDE_W=1, num_stages=2, num_warps=8
  triton_convolution2d_bwd_input_12 0.0192 ms 55.9% ALLOW_TF32=False, BLOCK_K=16, BLOCK_M=256, BLOCK_N=64, DILATION_H=1, DILATION_W=1, GROUPS=4, KERNEL_H=1, KERNEL_W=1, PADDING_H=0, PADDING_W=0, STRIDE_H=1, STRIDE_W=1, num_stages=2, num_warps=4
  triton_convolution2d_bwd_input_18 0.0194 ms 55.4% ALLOW_TF32=False, BLOCK_K=16, BLOCK_M=128, BLOCK_N=128, DILATION_H=1, DILATION_W=1, GROUPS=4, KERNEL_H=1, KERNEL_W=1, PADDING_H=0, PADDING_W=0, STRIDE_H=1, STRIDE_W=1, num_stages=3, num_warps=8
  triton_convolution2d_bwd_input_13 0.0197 ms 54.3% ALLOW_TF32=False, BLOCK_K=16, BLOCK_M=512, BLOCK_N=16, DILATION_H=1, DILATION_W=1, GROUPS=4, KERNEL_H=1, KERNEL_W=1, PADDING_H=0, PADDING_W=0, STRIDE_H=1, STRIDE_W=1, num_stages=1, num_warps=8
  triton_convolution2d_bwd_input_17 0.0204 ms 52.4% ALLOW_TF32=False, BLOCK_K=16, BLOCK_M=256, BLOCK_N=64, DILATION_H=1, DILATION_W=1, GROUPS=4, KERNEL_H=1, KERNEL_W=1, PADDING_H=0, PADDING_W=0, STRIDE_H=1, STRIDE_W=1, num_stages=2, num_warps=8
  triton_convolution2d_bwd_input_21 0.0260 ms 41.2% ALLOW_TF32=False, BLOCK_K=16, BLOCK_M=256, BLOCK_N=128, DILATION_H=1, DILATION_W=1, GROUPS=4, KERNEL_H=1, KERNEL_W=1, PADDING_H=0, PADDING_W=0, STRIDE_H=1, STRIDE_W=1, num_stages=2, num_warps=8
SingleProcess AUTOTUNE benchmarking takes 0.3073 seconds and 0.0006 seconds precompiling for 11 choices
.Autotune Choices Stats:
{"num_choices": 11, "num_triton_choices": 11, "best_kernel": "triton_convolution2d_bwd_weight_26", "best_kernel_desc": "ALLOW_TF32=False, BLOCK_K=16, BLOCK_M=64, BLOCK_N=64, DILATION_H=1, DILATION_W=1, GROUPS=4, KERNEL_H=1, KERNEL_W=1, PADDING_H=0, PADDING_W=0, STRIDE_H=1, STRIDE_W=1, num_stages=2, num_warps=4", "best_time": 0.09705600142478943, "best_triton_pos": 0}
AUTOTUNE convolution_bwd_weight(2x4x16x16, 2x128x16x16)
strides: [s32**2*s37, s32**2, s32, 1], [s32**2*s38, s32**2, s32, 1]
dtypes: torch.float32, torch.float32
  triton_convolution2d_bwd_weight_26 0.0971 ms 100.0% ALLOW_TF32=False, BLOCK_K=16, BLOCK_M=64, BLOCK_N=64, DILATION_H=1, DILATION_W=1, GROUPS=4, KERNEL_H=1, KERNEL_W=1, PADDING_H=0, PADDING_W=0, STRIDE_H=1, STRIDE_W=1, num_stages=2, num_warps=4
  triton_convolution2d_bwd_weight_27 0.1666 ms 58.3% ALLOW_TF32=False, BLOCK_K=16, BLOCK_M=64, BLOCK_N=128, DILATION_H=1, DILATION_W=1, GROUPS=4, KERNEL_H=1, KERNEL_W=1, PADDING_H=0, PADDING_W=0, STRIDE_H=1, STRIDE_W=1, num_stages=2, num_warps=8
  triton_convolution2d_bwd_weight_31 0.2013 ms 48.2% ALLOW_TF32=False, BLOCK_K=16, BLOCK_M=128, BLOCK_N=64, DILATION_H=1, DILATION_W=1, GROUPS=4, KERNEL_H=1, KERNEL_W=1, PADDING_H=0, PADDING_W=0, STRIDE_H=1, STRIDE_W=1, num_stages=4, num_warps=4
  triton_convolution2d_bwd_weight_29 0.2038 ms 47.6% ALLOW_TF32=False, BLOCK_K=16, BLOCK_M=128, BLOCK_N=128, DILATION_H=1, DILATION_W=1, GROUPS=4, KERNEL_H=1, KERNEL_W=1, PADDING_H=0, PADDING_W=0, STRIDE_H=1, STRIDE_W=1, num_stages=3, num_warps=8
  triton_convolution2d_bwd_weight_24 0.2060 ms 47.1% ALLOW_TF32=False, BLOCK_K=16, BLOCK_M=512, BLOCK_N=16, DILATION_H=1, DILATION_W=1, GROUPS=4, KERNEL_H=1, KERNEL_W=1, PADDING_H=0, PADDING_W=0, STRIDE_H=1, STRIDE_W=1, num_stages=1, num_warps=8
  triton_convolution2d_bwd_weight_30 0.2172 ms 44.7% ALLOW_TF32=False, BLOCK_K=16, BLOCK_M=64, BLOCK_N=128, DILATION_H=1, DILATION_W=1, GROUPS=4, KERNEL_H=1, KERNEL_W=1, PADDING_H=0, PADDING_W=0, STRIDE_H=1, STRIDE_W=1, num_stages=4, num_warps=4
  triton_convolution2d_bwd_weight_22 0.2665 ms 36.4% ALLOW_TF32=False, BLOCK_K=16, BLOCK_M=64, BLOCK_N=128, DILATION_H=1, DILATION_W=1, GROUPS=4, KERNEL_H=1, KERNEL_W=1, PADDING_H=0, PADDING_W=0, STRIDE_H=1, STRIDE_W=1, num_stages=2, num_warps=4
  triton_convolution2d_bwd_weight_25 0.2773 ms 35.0% ALLOW_TF32=False, BLOCK_K=16, BLOCK_M=128, BLOCK_N=128, DILATION_H=1, DILATION_W=1, GROUPS=4, KERNEL_H=1, KERNEL_W=1, PADDING_H=0, PADDING_W=0, STRIDE_H=1, STRIDE_W=1, num_stages=2, num_warps=8
  triton_convolution2d_bwd_weight_23 0.2962 ms 32.8% ALLOW_TF32=False, BLOCK_K=16, BLOCK_M=256, BLOCK_N=64, DILATION_H=1, DILATION_W=1, GROUPS=4, KERNEL_H=1, KERNEL_W=1, PADDING_H=0, PADDING_W=0, STRIDE_H=1, STRIDE_W=1, num_stages=2, num_warps=4
  triton_convolution2d_bwd_weight_28 0.3054 ms 31.8% ALLOW_TF32=False, BLOCK_K=16, BLOCK_M=256, BLOCK_N=64, DILATION_H=1, DILATION_W=1, GROUPS=4, KERNEL_H=1, KERNEL_W=1, PADDING_H=0, PADDING_W=0, STRIDE_H=1, STRIDE_W=1, num_stages=2, num_warps=8
SingleProcess AUTOTUNE benchmarking takes 0.5038 seconds and 12.1538 seconds precompiling for 11 choices
Autotune Choices Stats:
{"num_choices": 11, "num_triton_choices": 11, "best_kernel": "triton_convolution2d_bwd_input_37", "best_kernel_desc": "ALLOW_TF32=False, BLOCK_K=16, BLOCK_M=64, BLOCK_N=64, DILATION_H=1, DILATION_W=1, GROUPS=4, KERNEL_H=1, KERNEL_W=1, PADDING_H=0, PADDING_W=0, STRIDE_H=1, STRIDE_W=1, num_stages=2, num_warps=4", "best_time": 0.010751999914646149, "best_triton_pos": 0}
AUTOTUNE convolution_bwd_input(2x128x16x16, 128x1x1x1)
strides: [s32**2*s38, s32**2, s32, 1], [1, 1, 1, 1]
dtypes: torch.float32, torch.float32
  triton_convolution2d_bwd_input_37 0.0108 ms 100.0% ALLOW_TF32=False, BLOCK_K=16, BLOCK_M=64, BLOCK_N=64, DILATION_H=1, DILATION_W=1, GROUPS=4, KERNEL_H=1, KERNEL_W=1, PADDING_H=0, PADDING_W=0, STRIDE_H=1, STRIDE_W=1, num_stages=2, num_warps=4
  triton_convolution2d_bwd_input_33 0.0125 ms 86.2% ALLOW_TF32=False, BLOCK_K=16, BLOCK_M=64, BLOCK_N=128, DILATION_H=1, DILATION_W=1, GROUPS=4, KERNEL_H=1, KERNEL_W=1, PADDING_H=0, PADDING_W=0, STRIDE_H=1, STRIDE_W=1, num_stages=2, num_warps=4
  triton_convolution2d_bwd_input_38 0.0135 ms 79.4% ALLOW_TF32=False, BLOCK_K=16, BLOCK_M=64, BLOCK_N=128, DILATION_H=1, DILATION_W=1, GROUPS=4, KERNEL_H=1, KERNEL_W=1, PADDING_H=0, PADDING_W=0, STRIDE_H=1, STRIDE_W=1, num_stages=2, num_warps=8
  triton_convolution2d_bwd_input_41 0.0158 ms 68.0% ALLOW_TF32=False, BLOCK_K=16, BLOCK_M=64, BLOCK_N=128, DILATION_H=1, DILATION_W=1, GROUPS=4, KERNEL_H=1, KERNEL_W=1, PADDING_H=0, PADDING_W=0, STRIDE_H=1, STRIDE_W=1, num_stages=4, num_warps=4
  triton_convolution2d_bwd_input_36 0.0177 ms 60.6% ALLOW_TF32=False, BLOCK_K=16, BLOCK_M=128, BLOCK_N=128, DILATION_H=1, DILATION_W=1, GROUPS=4, KERNEL_H=1, KERNEL_W=1, PADDING_H=0, PADDING_W=0, STRIDE_H=1, STRIDE_W=1, num_stages=2, num_warps=8
  triton_convolution2d_bwd_input_42 0.0178 ms 60.4% ALLOW_TF32=False, BLOCK_K=16, BLOCK_M=128, BLOCK_N=64, DILATION_H=1, DILATION_W=1, GROUPS=4, KERNEL_H=1, KERNEL_W=1, PADDING_H=0, PADDING_W=0, STRIDE_H=1, STRIDE_W=1, num_stages=4, num_warps=4
  triton_convolution2d_bwd_input_34 0.0189 ms 56.8% ALLOW_TF32=False, BLOCK_K=16, BLOCK_M=256, BLOCK_N=64, DILATION_H=1, DILATION_W=1, GROUPS=4, KERNEL_H=1, KERNEL_W=1, PADDING_H=0, PADDING_W=0, STRIDE_H=1, STRIDE_W=1, num_stages=2, num_warps=4
  triton_convolution2d_bwd_input_40 0.0191 ms 56.3% ALLOW_TF32=False, BLOCK_K=16, BLOCK_M=128, BLOCK_N=128, DILATION_H=1, DILATION_W=1, GROUPS=4, KERNEL_H=1, KERNEL_W=1, PADDING_H=0, PADDING_W=0, STRIDE_H=1, STRIDE_W=1, num_stages=3, num_warps=8
  triton_convolution2d_bwd_input_35 0.0196 ms 55.0% ALLOW_TF32=False, BLOCK_K=16, BLOCK_M=512, BLOCK_N=16, DILATION_H=1, DILATION_W=1, GROUPS=4, KERNEL_H=1, KERNEL_W=1, PADDING_H=0, PADDING_W=0, STRIDE_H=1, STRIDE_W=1, num_stages=1, num_warps=8
  triton_convolution2d_bwd_input_39 0.0203 ms 53.1% ALLOW_TF32=False, BLOCK_K=16, BLOCK_M=256, BLOCK_N=64, DILATION_H=1, DILATION_W=1, GROUPS=4, KERNEL_H=1, KERNEL_W=1, PADDING_H=0, PADDING_W=0, STRIDE_H=1, STRIDE_W=1, num_stages=2, num_warps=8
SingleProcess AUTOTUNE benchmarking takes 0.2904 seconds and 0.0006 seconds precompiling for 11 choices
.ssssAutotune Choices Stats:
{"num_choices": 11, "num_triton_choices": 11, "best_kernel": "triton_convolution2d_bwd_weight_48", "best_kernel_desc": "ALLOW_TF32=False, BLOCK_K=16, BLOCK_M=64, BLOCK_N=64, DILATION_H=1, DILATION_W=1, GROUPS=128, KERNEL_H=1, KERNEL_W=1, PADDING_H=0, PADDING_W=0, STRIDE_H=1, STRIDE_W=1, num_stages=2, num_warps=4", "best_time": 0.10707200318574905, "best_triton_pos": 0}
AUTOTUNE convolution_bwd_weight(2x128x16x16, 2x128x16x16)
strides: [s32**2*s37, s32**2, s32, 1], [s32**2*s37, s32**2, s32, 1]
dtypes: torch.float32, torch.float32
  triton_convolution2d_bwd_weight_48 0.1071 ms 100.0% ALLOW_TF32=False, BLOCK_K=16, BLOCK_M=64, BLOCK_N=64, DILATION_H=1, DILATION_W=1, GROUPS=128, KERNEL_H=1, KERNEL_W=1, PADDING_H=0, PADDING_W=0, STRIDE_H=1, STRIDE_W=1, num_stages=2, num_warps=4
  triton_convolution2d_bwd_weight_49 0.2183 ms 49.0% ALLOW_TF32=False, BLOCK_K=16, BLOCK_M=64, BLOCK_N=128, DILATION_H=1, DILATION_W=1, GROUPS=128, KERNEL_H=1, KERNEL_W=1, PADDING_H=0, PADDING_W=0, STRIDE_H=1, STRIDE_W=1, num_stages=2, num_warps=8
  triton_convolution2d_bwd_weight_52 0.2397 ms 44.7% ALLOW_TF32=False, BLOCK_K=16, BLOCK_M=64, BLOCK_N=128, DILATION_H=1, DILATION_W=1, GROUPS=128, KERNEL_H=1, KERNEL_W=1, PADDING_H=0, PADDING_W=0, STRIDE_H=1, STRIDE_W=1, num_stages=4, num_warps=4
  triton_convolution2d_bwd_weight_53 0.2692 ms 39.8% ALLOW_TF32=False, BLOCK_K=16, BLOCK_M=128, BLOCK_N=64, DILATION_H=1, DILATION_W=1, GROUPS=128, KERNEL_H=1, KERNEL_W=1, PADDING_H=0, PADDING_W=0, STRIDE_H=1, STRIDE_W=1, num_stages=4, num_warps=4
  triton_convolution2d_bwd_weight_51 0.2795 ms 38.3% ALLOW_TF32=False, BLOCK_K=16, BLOCK_M=128, BLOCK_N=128, DILATION_H=1, DILATION_W=1, GROUPS=128, KERNEL_H=1, KERNEL_W=1, PADDING_H=0, PADDING_W=0, STRIDE_H=1, STRIDE_W=1, num_stages=3, num_warps=8
  triton_convolution2d_bwd_weight_44 0.2905 ms 36.9% ALLOW_TF32=False, BLOCK_K=16, BLOCK_M=64, BLOCK_N=128, DILATION_H=1, DILATION_W=1, GROUPS=128, KERNEL_H=1, KERNEL_W=1, PADDING_H=0, PADDING_W=0, STRIDE_H=1, STRIDE_W=1, num_stages=2, num_warps=4
  triton_convolution2d_bwd_weight_47 0.3580 ms 29.9% ALLOW_TF32=False, BLOCK_K=16, BLOCK_M=128, BLOCK_N=128, DILATION_H=1, DILATION_W=1, GROUPS=128, KERNEL_H=1, KERNEL_W=1, PADDING_H=0, PADDING_W=0, STRIDE_H=1, STRIDE_W=1, num_stages=2, num_warps=8
  triton_convolution2d_bwd_weight_45 0.4149 ms 25.8% ALLOW_TF32=False, BLOCK_K=16, BLOCK_M=256, BLOCK_N=64, DILATION_H=1, DILATION_W=1, GROUPS=128, KERNEL_H=1, KERNEL_W=1, PADDING_H=0, PADDING_W=0, STRIDE_H=1, STRIDE_W=1, num_stages=2, num_warps=4
  triton_convolution2d_bwd_weight_46 0.4369 ms 24.5% ALLOW_TF32=False, BLOCK_K=16, BLOCK_M=512, BLOCK_N=16, DILATION_H=1, DILATION_W=1, GROUPS=128, KERNEL_H=1, KERNEL_W=1, PADDING_H=0, PADDING_W=0, STRIDE_H=1, STRIDE_W=1, num_stages=1, num_warps=8
  triton_convolution2d_bwd_weight_50 0.4714 ms 22.7% ALLOW_TF32=False, BLOCK_K=16, BLOCK_M=256, BLOCK_N=64, DILATION_H=1, DILATION_W=1, GROUPS=128, KERNEL_H=1, KERNEL_W=1, PADDING_H=0, PADDING_W=0, STRIDE_H=1, STRIDE_W=1, num_stages=2, num_warps=8
SingleProcess AUTOTUNE benchmarking takes 0.5240 seconds and 12.3089 seconds precompiling for 11 choices
Autotune Choices Stats:
{"num_choices": 11, "num_triton_choices": 11, "best_kernel": "triton_convolution2d_bwd_input_57", "best_kernel_desc": "ALLOW_TF32=False, BLOCK_K=16, BLOCK_M=512, BLOCK_N=16, DILATION_H=1, DILATION_W=1, GROUPS=128, KERNEL_H=1, KERNEL_W=1, PADDING_H=0, PADDING_W=0, STRIDE_H=1, STRIDE_W=1, num_stages=1, num_warps=8", "best_time": 0.015072000212967396, "best_triton_pos": 0}
AUTOTUNE convolution_bwd_input(2x128x16x16, 128x1x1x1)
strides: [s32**2*s37, s32**2, s32, 1], [1, 1, 1, 1]
dtypes: torch.float32, torch.float32
  triton_convolution2d_bwd_input_57 0.0151 ms 100.0% ALLOW_TF32=False, BLOCK_K=16, BLOCK_M=512, BLOCK_N=16, DILATION_H=1, DILATION_W=1, GROUPS=128, KERNEL_H=1, KERNEL_W=1, PADDING_H=0, PADDING_W=0, STRIDE_H=1, STRIDE_W=1, num_stages=1, num_warps=8
  triton_convolution2d_bwd_input_59 0.0155 ms 97.3% ALLOW_TF32=False, BLOCK_K=16, BLOCK_M=64, BLOCK_N=64, DILATION_H=1, DILATION_W=1, GROUPS=128, KERNEL_H=1, KERNEL_W=1, PADDING_H=0, PADDING_W=0, STRIDE_H=1, STRIDE_W=1, num_stages=2, num_warps=4
  triton_convolution2d_bwd_input_64 0.0160 ms 94.2% ALLOW_TF32=False, BLOCK_K=16, BLOCK_M=128, BLOCK_N=64, DILATION_H=1, DILATION_W=1, GROUPS=128, KERNEL_H=1, KERNEL_W=1, PADDING_H=0, PADDING_W=0, STRIDE_H=1, STRIDE_W=1, num_stages=4, num_warps=4
  triton_convolution2d_bwd_input_56 0.0184 ms 81.9% ALLOW_TF32=False, BLOCK_K=16, BLOCK_M=256, BLOCK_N=64, DILATION_H=1, DILATION_W=1, GROUPS=128, KERNEL_H=1, KERNEL_W=1, PADDING_H=0, PADDING_W=0, STRIDE_H=1, STRIDE_W=1, num_stages=2, num_warps=4
  triton_convolution2d_bwd_input_55 0.0236 ms 63.7% ALLOW_TF32=False, BLOCK_K=16, BLOCK_M=64, BLOCK_N=128, DILATION_H=1, DILATION_W=1, GROUPS=128, KERNEL_H=1, KERNEL_W=1, PADDING_H=0, PADDING_W=0, STRIDE_H=1, STRIDE_W=1, num_stages=2, num_warps=4
  triton_convolution2d_bwd_input_63 0.0237 ms 63.6% ALLOW_TF32=False, BLOCK_K=16, BLOCK_M=64, BLOCK_N=128, DILATION_H=1, DILATION_W=1, GROUPS=128, KERNEL_H=1, KERNEL_W=1, PADDING_H=0, PADDING_W=0, STRIDE_H=1, STRIDE_W=1, num_stages=4, num_warps=4
  triton_convolution2d_bwd_input_60 0.0244 ms 61.9% ALLOW_TF32=False, BLOCK_K=16, BLOCK_M=64, BLOCK_N=128, DILATION_H=1, DILATION_W=1, GROUPS=128, KERNEL_H=1, KERNEL_W=1, PADDING_H=0, PADDING_W=0, STRIDE_H=1, STRIDE_W=1, num_stages=2, num_warps=8
  triton_convolution2d_bwd_input_62 0.0264 ms 57.2% ALLOW_TF32=False, BLOCK_K=16, BLOCK_M=128, BLOCK_N=128, DILATION_H=1, DILATION_W=1, GROUPS=128, KERNEL_H=1, KERNEL_W=1, PADDING_H=0, PADDING_W=0, STRIDE_H=1, STRIDE_W=1, num_stages=3, num_warps=8
  triton_convolution2d_bwd_input_58 0.0267 ms 56.5% ALLOW_TF32=False, BLOCK_K=16, BLOCK_M=128, BLOCK_N=128, DILATION_H=1, DILATION_W=1, GROUPS=128, KERNEL_H=1, KERNEL_W=1, PADDING_H=0, PADDING_W=0, STRIDE_H=1, STRIDE_W=1, num_stages=2, num_warps=8
  triton_convolution2d_bwd_input_65 0.0328 ms 46.0% ALLOW_TF32=False, BLOCK_K=16, BLOCK_M=256, BLOCK_N=128, DILATION_H=1, DILATION_W=1, GROUPS=128, KERNEL_H=1, KERNEL_W=1, PADDING_H=0, PADDING_W=0, STRIDE_H=1, STRIDE_W=1, num_stages=2, num_warps=8
SingleProcess AUTOTUNE benchmarking takes 0.2998 seconds and 0.0005 seconds precompiling for 11 choices
.Autotune Choices Stats:
{"num_choices": 11, "num_triton_choices": 11, "best_kernel": "triton_convolution2d_bwd_weight_70", "best_kernel_desc": "ALLOW_TF32=False, BLOCK_K=16, BLOCK_M=64, BLOCK_N=64, DILATION_H=1, DILATION_W=1, GROUPS=128, KERNEL_H=1, KERNEL_W=1, PADDING_H=0, PADDING_W=0, STRIDE_H=1, STRIDE_W=1, num_stages=2, num_warps=4", "best_time": 0.10704000294208527, "best_triton_pos": 0}
AUTOTUNE convolution_bwd_weight(2x128x16x16, 2x128x16x16)
strides: [s32**2*s37, s32**2, s32, 1], [s32**2*s37, s32**2, s32, 1]
dtypes: torch.float32, torch.float32
  triton_convolution2d_bwd_weight_70 0.1070 ms 100.0% ALLOW_TF32=False, BLOCK_K=16, BLOCK_M=64, BLOCK_N=64, DILATION_H=1, DILATION_W=1, GROUPS=128, KERNEL_H=1, KERNEL_W=1, PADDING_H=0, PADDING_W=0, STRIDE_H=1, STRIDE_W=1, num_stages=2, num_warps=4
  triton_convolution2d_bwd_weight_71 0.2184 ms 49.0% ALLOW_TF32=False, BLOCK_K=16, BLOCK_M=64, BLOCK_N=128, DILATION_H=1, DILATION_W=1, GROUPS=128, KERNEL_H=1, KERNEL_W=1, PADDING_H=0, PADDING_W=0, STRIDE_H=1, STRIDE_W=1, num_stages=2, num_warps=8
  triton_convolution2d_bwd_weight_74 0.2396 ms 44.7% ALLOW_TF32=False, BLOCK_K=16, BLOCK_M=64, BLOCK_N=128, DILATION_H=1, DILATION_W=1, GROUPS=128, KERNEL_H=1, KERNEL_W=1, PADDING_H=0, PADDING_W=0, STRIDE_H=1, STRIDE_W=1, num_stages=4, num_warps=4
  triton_convolution2d_bwd_weight_75 0.2688 ms 39.8% ALLOW_TF32=False, BLOCK_K=16, BLOCK_M=128, BLOCK_N=64, DILATION_H=1, DILATION_W=1, GROUPS=128, KERNEL_H=1, KERNEL_W=1, PADDING_H=0, PADDING_W=0, STRIDE_H=1, STRIDE_W=1, num_stages=4, num_warps=4
  triton_convolution2d_bwd_weight_73 0.2797 ms 38.3% ALLOW_TF32=False, BLOCK_K=16, BLOCK_M=128, BLOCK_N=128, DILATION_H=1, DILATION_W=1, GROUPS=128, KERNEL_H=1, KERNEL_W=1, PADDING_H=0, PADDING_W=0, STRIDE_H=1, STRIDE_W=1, num_stages=3, num_warps=8
  triton_convolution2d_bwd_weight_66 0.2901 ms 36.9% ALLOW_TF32=False, BLOCK_K=16, BLOCK_M=64, BLOCK_N=128, DILATION_H=1, DILATION_W=1, GROUPS=128, KERNEL_H=1, KERNEL_W=1, PADDING_H=0, PADDING_W=0, STRIDE_H=1, STRIDE_W=1, num_stages=2, num_warps=4
  triton_convolution2d_bwd_weight_69 0.2910 ms 36.8% ALLOW_TF32=False, BLOCK_K=16, BLOCK_M=128, BLOCK_N=128, DILATION_H=1, DILATION_W=1, GROUPS=128, KERNEL_H=1, KERNEL_W=1, PADDING_H=0, PADDING_W=0, STRIDE_H=1, STRIDE_W=1, num_stages=2, num_warps=8
  triton_convolution2d_bwd_weight_67 0.4152 ms 25.8% ALLOW_TF32=False, BLOCK_K=16, BLOCK_M=256, BLOCK_N=64, DILATION_H=1, DILATION_W=1, GROUPS=128, KERNEL_H=1, KERNEL_W=1, PADDING_H=0, PADDING_W=0, STRIDE_H=1, STRIDE_W=1, num_stages=2, num_warps=4
  triton_convolution2d_bwd_weight_68 0.4372 ms 24.5% ALLOW_TF32=False, BLOCK_K=16, BLOCK_M=512, BLOCK_N=16, DILATION_H=1, DILATION_W=1, GROUPS=128, KERNEL_H=1, KERNEL_W=1, PADDING_H=0, PADDING_W=0, STRIDE_H=1, STRIDE_W=1, num_stages=1, num_warps=8
  triton_convolution2d_bwd_weight_72 0.4716 ms 22.7% ALLOW_TF32=False, BLOCK_K=16, BLOCK_M=256, BLOCK_N=64, DILATION_H=1, DILATION_W=1, GROUPS=128, KERNEL_H=1, KERNEL_W=1, PADDING_H=0, PADDING_W=0, STRIDE_H=1, STRIDE_W=1, num_stages=2, num_warps=8
SingleProcess AUTOTUNE benchmarking takes 0.5283 seconds and 12.4327 seconds precompiling for 11 choices
Autotune Choices Stats:
{"num_choices": 11, "num_triton_choices": 11, "best_kernel": "triton_convolution2d_bwd_input_79", "best_kernel_desc": "ALLOW_TF32=False, BLOCK_K=16, BLOCK_M=512, BLOCK_N=16, DILATION_H=1, DILATION_W=1, GROUPS=128, KERNEL_H=1, KERNEL_W=1, PADDING_H=0, PADDING_W=0, STRIDE_H=1, STRIDE_W=1, num_stages=1, num_warps=8", "best_time": 0.014495999552309513, "best_triton_pos": 0}
AUTOTUNE convolution_bwd_input(2x128x16x16, 128x1x1x1)
strides: [s32**2*s37, s32**2, s32, 1], [1, 1, 1, 1]
dtypes: torch.float32, torch.float32
  triton_convolution2d_bwd_input_79 0.0145 ms 100.0% ALLOW_TF32=False, BLOCK_K=16, BLOCK_M=512, BLOCK_N=16, DILATION_H=1, DILATION_W=1, GROUPS=128, KERNEL_H=1, KERNEL_W=1, PADDING_H=0, PADDING_W=0, STRIDE_H=1, STRIDE_W=1, num_stages=1, num_warps=8
  triton_convolution2d_bwd_input_81 0.0155 ms 93.8% ALLOW_TF32=False, BLOCK_K=16, BLOCK_M=64, BLOCK_N=64, DILATION_H=1, DILATION_W=1, GROUPS=128, KERNEL_H=1, KERNEL_W=1, PADDING_H=0, PADDING_W=0, STRIDE_H=1, STRIDE_W=1, num_stages=2, num_warps=4
  triton_convolution2d_bwd_input_86 0.0161 ms 90.2% ALLOW_TF32=False, BLOCK_K=16, BLOCK_M=128, BLOCK_N=64, DILATION_H=1, DILATION_W=1, GROUPS=128, KERNEL_H=1, KERNEL_W=1, PADDING_H=0, PADDING_W=0, STRIDE_H=1, STRIDE_W=1, num_stages=4, num_warps=4
  triton_convolution2d_bwd_input_83 0.0204 ms 70.9% ALLOW_TF32=False, BLOCK_K=16, BLOCK_M=256, BLOCK_N=64, DILATION_H=1, DILATION_W=1, GROUPS=128, KERNEL_H=1, KERNEL_W=1, PADDING_H=0, PADDING_W=0, STRIDE_H=1, STRIDE_W=1, num_stages=2, num_warps=8
  triton_convolution2d_bwd_input_77 0.0239 ms 60.7% ALLOW_TF32=False, BLOCK_K=16, BLOCK_M=64, BLOCK_N=128, DILATION_H=1, DILATION_W=1, GROUPS=128, KERNEL_H=1, KERNEL_W=1, PADDING_H=0, PADDING_W=0, STRIDE_H=1, STRIDE_W=1, num_stages=2, num_warps=4
  triton_convolution2d_bwd_input_85 0.0239 ms 60.7% ALLOW_TF32=False, BLOCK_K=16, BLOCK_M=64, BLOCK_N=128, DILATION_H=1, DILATION_W=1, GROUPS=128, KERNEL_H=1, KERNEL_W=1, PADDING_H=0, PADDING_W=0, STRIDE_H=1, STRIDE_W=1, num_stages=4, num_warps=4
  triton_convolution2d_bwd_input_82 0.0247 ms 58.8% ALLOW_TF32=False, BLOCK_K=16, BLOCK_M=64, BLOCK_N=128, DILATION_H=1, DILATION_W=1, GROUPS=128, KERNEL_H=1, KERNEL_W=1, PADDING_H=0, PADDING_W=0, STRIDE_H=1, STRIDE_W=1, num_stages=2, num_warps=8
  triton_convolution2d_bwd_input_80 0.0265 ms 54.7% ALLOW_TF32=False, BLOCK_K=16, BLOCK_M=128, BLOCK_N=128, DILATION_H=1, DILATION_W=1, GROUPS=128, KERNEL_H=1, KERNEL_W=1, PADDING_H=0, PADDING_W=0, STRIDE_H=1, STRIDE_W=1, num_stages=2, num_warps=8
  triton_convolution2d_bwd_input_84 0.0266 ms 54.5% ALLOW_TF32=False, BLOCK_K=16, BLOCK_M=128, BLOCK_N=128, DILATION_H=1, DILATION_W=1, GROUPS=128, KERNEL_H=1, KERNEL_W=1, PADDING_H=0, PADDING_W=0, STRIDE_H=1, STRIDE_W=1, num_stages=3, num_warps=8
  triton_convolution2d_bwd_input_87 0.0330 ms 44.0% ALLOW_TF32=False, BLOCK_K=16, BLOCK_M=256, BLOCK_N=128, DILATION_H=1, DILATION_W=1, GROUPS=128, KERNEL_H=1, KERNEL_W=1, PADDING_H=0, PADDING_W=0, STRIDE_H=1, STRIDE_W=1, num_stages=2, num_warps=8
SingleProcess AUTOTUNE benchmarking takes 0.2876 seconds and 0.0006 seconds precompiling for 11 choices
.ssssAutotune Choices Stats:
{"num_choices": 11, "num_triton_choices": 11, "best_kernel": "triton_convolution2d_bwd_weight_92", "best_kernel_desc": "ALLOW_TF32=False, BLOCK_K=16, BLOCK_M=64, BLOCK_N=64, DILATION_H=1, DILATION_W=1, GROUPS=4, KERNEL_H=3, KERNEL_W=3, PADDING_H=0, PADDING_W=0, STRIDE_H=1, STRIDE_W=1, num_stages=2, num_warps=4", "best_time": 0.08057600259780884, "best_triton_pos": 0}
AUTOTUNE convolution_bwd_weight(2x4x16x16, 2x128x14x14)
strides: [s13**2*s37, s13**2, s13, 1], [s32**2*s38, s32**2, s32, 1]
dtypes: torch.float32, torch.float32
  triton_convolution2d_bwd_weight_92 0.0806 ms 100.0% ALLOW_TF32=False, BLOCK_K=16, BLOCK_M=64, BLOCK_N=64, DILATION_H=1, DILATION_W=1, GROUPS=4, KERNEL_H=3, KERNEL_W=3, PADDING_H=0, PADDING_W=0, STRIDE_H=1, STRIDE_W=1, num_stages=2, num_warps=4
  triton_convolution2d_bwd_weight_93 0.1242 ms 64.9% ALLOW_TF32=False, BLOCK_K=16, BLOCK_M=64, BLOCK_N=128, DILATION_H=1, DILATION_W=1, GROUPS=4, KERNEL_H=3, KERNEL_W=3, PADDING_H=0, PADDING_W=0, STRIDE_H=1, STRIDE_W=1, num_stages=2, num_warps=8
  triton_convolution2d_bwd_weight_95 0.1442 ms 55.9% ALLOW_TF32=False, BLOCK_K=16, BLOCK_M=128, BLOCK_N=128, DILATION_H=1, DILATION_W=1, GROUPS=4, KERNEL_H=3, KERNEL_W=3, PADDING_H=0, PADDING_W=0, STRIDE_H=1, STRIDE_W=1, num_stages=3, num_warps=8
  triton_convolution2d_bwd_weight_97 0.1472 ms 54.7% ALLOW_TF32=False, BLOCK_K=16, BLOCK_M=128, BLOCK_N=64, DILATION_H=1, DILATION_W=1, GROUPS=4, KERNEL_H=3, KERNEL_W=3, PADDING_H=0, PADDING_W=0, STRIDE_H=1, STRIDE_W=1, num_stages=4, num_warps=4
  triton_convolution2d_bwd_weight_96 0.1519 ms 53.0% ALLOW_TF32=False, BLOCK_K=16, BLOCK_M=64, BLOCK_N=128, DILATION_H=1, DILATION_W=1, GROUPS=4, KERNEL_H=3, KERNEL_W=3, PADDING_H=0, PADDING_W=0, STRIDE_H=1, STRIDE_W=1, num_stages=4, num_warps=4
  triton_convolution2d_bwd_weight_91 0.1548 ms 52.0% ALLOW_TF32=False, BLOCK_K=16, BLOCK_M=128, BLOCK_N=128, DILATION_H=1, DILATION_W=1, GROUPS=4, KERNEL_H=3, KERNEL_W=3, PADDING_H=0, PADDING_W=0, STRIDE_H=1, STRIDE_W=1, num_stages=2, num_warps=8
  triton_convolution2d_bwd_weight_88 0.1840 ms 43.8% ALLOW_TF32=False, BLOCK_K=16, BLOCK_M=64, BLOCK_N=128, DILATION_H=1, DILATION_W=1, GROUPS=4, KERNEL_H=3, KERNEL_W=3, PADDING_H=0, PADDING_W=0, STRIDE_H=1, STRIDE_W=1, num_stages=2, num_warps=4
  triton_convolution2d_bwd_weight_90 0.1911 ms 42.2% ALLOW_TF32=False, BLOCK_K=16, BLOCK_M=512, BLOCK_N=16, DILATION_H=1, DILATION_W=1, GROUPS=4, KERNEL_H=3, KERNEL_W=3, PADDING_H=0, PADDING_W=0, STRIDE_H=1, STRIDE_W=1, num_stages=1, num_warps=8
  triton_convolution2d_bwd_weight_94 0.2098 ms 38.4% ALLOW_TF32=False, BLOCK_K=16, BLOCK_M=256, BLOCK_N=64, DILATION_H=1, DILATION_W=1, GROUPS=4, KERNEL_H=3, KERNEL_W=3, PADDING_H=0, PADDING_W=0, STRIDE_H=1, STRIDE_W=1, num_stages=2, num_warps=8
  triton_convolution2d_bwd_weight_89 0.2786 ms 28.9% ALLOW_TF32=False, BLOCK_K=16, BLOCK_M=256, BLOCK_N=64, DILATION_H=1, DILATION_W=1, GROUPS=4, KERNEL_H=3, KERNEL_W=3, PADDING_H=0, PADDING_W=0, STRIDE_H=1, STRIDE_W=1, num_stages=2, num_warps=4
SingleProcess AUTOTUNE benchmarking takes 0.4678 seconds and 15.2157 seconds precompiling for 11 choices
Autotune Choices Stats:
{"num_choices": 11, "num_triton_choices": 11, "best_kernel": "triton_convolution2d_bwd_input_103", "best_kernel_desc": "ALLOW_TF32=False, BLOCK_K=16, BLOCK_M=64, BLOCK_N=64, DILATION_H=1, DILATION_W=1, GROUPS=4, KERNEL_H=3, KERNEL_W=3, PADDING_H=0, PADDING_W=0, STRIDE_H=1, STRIDE_W=1, num_stages=2, num_warps=4", "best_time": 0.04435199871659279, "best_triton_pos": 0}
AUTOTUNE convolution_bwd_input(2x128x14x14, 128x1x3x3)
strides: [s32**2*s38, s32**2, s32, 1], [s18**2, s18**2, s18, 1]
dtypes: torch.float32, torch.float32
  triton_convolution2d_bwd_input_103 0.0444 ms 100.0% ALLOW_TF32=False, BLOCK_K=16, BLOCK_M=64, BLOCK_N=64, DILATION_H=1, DILATION_W=1, GROUPS=4, KERNEL_H=3, KERNEL_W=3, PADDING_H=0, PADDING_W=0, STRIDE_H=1, STRIDE_W=1, num_stages=2, num_warps=4
  triton_convolution2d_bwd_input_107 0.0509 ms 87.1% ALLOW_TF32=False, BLOCK_K=16, BLOCK_M=64, BLOCK_N=128, DILATION_H=1, DILATION_W=1, GROUPS=4, KERNEL_H=3, KERNEL_W=3, PADDING_H=0, PADDING_W=0, STRIDE_H=1, STRIDE_W=1, num_stages=4, num_warps=4
  triton_convolution2d_bwd_input_99 0.0525 ms 84.4% ALLOW_TF32=False, BLOCK_K=16, BLOCK_M=64, BLOCK_N=128, DILATION_H=1, DILATION_W=1, GROUPS=4, KERNEL_H=3, KERNEL_W=3, PADDING_H=0, PADDING_W=0, STRIDE_H=1, STRIDE_W=1, num_stages=2, num_warps=4
  triton_convolution2d_bwd_input_108 0.0616 ms 72.0% ALLOW_TF32=False, BLOCK_K=16, BLOCK_M=128, BLOCK_N=64, DILATION_H=1, DILATION_W=1, GROUPS=4, KERNEL_H=3, KERNEL_W=3, PADDING_H=0, PADDING_W=0, STRIDE_H=1, STRIDE_W=1, num_stages=4, num_warps=4
  triton_convolution2d_bwd_input_104 0.0642 ms 69.1% ALLOW_TF32=False, BLOCK_K=16, BLOCK_M=64, BLOCK_N=128, DILATION_H=1, DILATION_W=1, GROUPS=4, KERNEL_H=3, KERNEL_W=3, PADDING_H=0, PADDING_W=0, STRIDE_H=1, STRIDE_W=1, num_stages=2, num_warps=8
  triton_convolution2d_bwd_input_101 0.0977 ms 45.4% ALLOW_TF32=False, BLOCK_K=16, BLOCK_M=512, BLOCK_N=16, DILATION_H=1, DILATION_W=1, GROUPS=4, KERNEL_H=3, KERNEL_W=3, PADDING_H=0, PADDING_W=0, STRIDE_H=1, STRIDE_W=1, num_stages=1, num_warps=8
  triton_convolution2d_bwd_input_102 0.1084 ms 40.9% ALLOW_TF32=False, BLOCK_K=16, BLOCK_M=128, BLOCK_N=128, DILATION_H=1, DILATION_W=1, GROUPS=4, KERNEL_H=3, KERNEL_W=3, PADDING_H=0, PADDING_W=0, STRIDE_H=1, STRIDE_W=1, num_stages=2, num_warps=8
  triton_convolution2d_bwd_input_106 0.1138 ms 39.0% ALLOW_TF32=False, BLOCK_K=16, BLOCK_M=128, BLOCK_N=128, DILATION_H=1, DILATION_W=1, GROUPS=4, KERNEL_H=3, KERNEL_W=3, PADDING_H=0, PADDING_W=0, STRIDE_H=1, STRIDE_W=1, num_stages=3, num_warps=8
  triton_convolution2d_bwd_input_105 0.1232 ms 36.0% ALLOW_TF32=False, BLOCK_K=16, BLOCK_M=256, BLOCK_N=64, DILATION_H=1, DILATION_W=1, GROUPS=4, KERNEL_H=3, KERNEL_W=3, PADDING_H=0, PADDING_W=0, STRIDE_H=1, STRIDE_W=1, num_stages=2, num_warps=8
  triton_convolution2d_bwd_input_100 0.1345 ms 33.0% ALLOW_TF32=False, BLOCK_K=16, BLOCK_M=256, BLOCK_N=64, DILATION_H=1, DILATION_W=1, GROUPS=4, KERNEL_H=3, KERNEL_W=3, PADDING_H=0, PADDING_W=0, STRIDE_H=1, STRIDE_W=1, num_stages=2, num_warps=4
SingleProcess AUTOTUNE benchmarking takes 0.3643 seconds and 0.0005 seconds precompiling for 11 choices
.Autotune Choices Stats:
{"num_choices": 11, "num_triton_choices": 11, "best_kernel": "triton_convolution2d_bwd_weight_114", "best_kernel_desc": "ALLOW_TF32=False, BLOCK_K=16, BLOCK_M=64, BLOCK_N=64, DILATION_H=1, DILATION_W=1, GROUPS=4, KERNEL_H=3, KERNEL_W=3, PADDING_H=0, PADDING_W=0, STRIDE_H=1, STRIDE_W=1, num_stages=2, num_warps=4", "best_time": 0.07065600156784058, "best_triton_pos": 0}
AUTOTUNE convolution_bwd_weight(2x4x16x16, 2x128x14x14)
strides: [s13**2*s37, s13, s13*s37, 1], [s32**2*s38, s32, s32*s38, 1]
dtypes: torch.float32, torch.float32
  triton_convolution2d_bwd_weight_114 0.0707 ms 100.0% ALLOW_TF32=False, BLOCK_K=16, BLOCK_M=64, BLOCK_N=64, DILATION_H=1, DILATION_W=1, GROUPS=4, KERNEL_H=3, KERNEL_W=3, PADDING_H=0, PADDING_W=0, STRIDE_H=1, STRIDE_W=1, num_stages=2, num_warps=4
  triton_convolution2d_bwd_weight_115 0.1056 ms 66.9% ALLOW_TF32=False, BLOCK_K=16, BLOCK_M=64, BLOCK_N=128, DILATION_H=1, DILATION_W=1, GROUPS=4, KERNEL_H=3, KERNEL_W=3, PADDING_H=0, PADDING_W=0, STRIDE_H=1, STRIDE_W=1, num_stages=2, num_warps=8
  triton_convolution2d_bwd_weight_117 0.1292 ms 54.7% ALLOW_TF32=False, BLOCK_K=16, BLOCK_M=128, BLOCK_N=128, DILATION_H=1, DILATION_W=1, GROUPS=4, KERNEL_H=3, KERNEL_W=3, PADDING_H=0, PADDING_W=0, STRIDE_H=1, STRIDE_W=1, num_stages=3, num_warps=8
  triton_convolution2d_bwd_weight_113 0.1379 ms 51.2% ALLOW_TF32=False, BLOCK_K=16, BLOCK_M=128, BLOCK_N=128, DILATION_H=1, DILATION_W=1, GROUPS=4, KERNEL_H=3, KERNEL_W=3, PADDING_H=0, PADDING_W=0, STRIDE_H=1, STRIDE_W=1, num_stages=2, num_warps=8
  triton_convolution2d_bwd_weight_118 0.1515 ms 46.6% ALLOW_TF32=False, BLOCK_K=16, BLOCK_M=64, BLOCK_N=128, DILATION_H=1, DILATION_W=1, GROUPS=4, KERNEL_H=3, KERNEL_W=3, PADDING_H=0, PADDING_W=0, STRIDE_H=1, STRIDE_W=1, num_stages=4, num_warps=4
  triton_convolution2d_bwd_weight_119 0.1522 ms 46.4% ALLOW_TF32=False, BLOCK_K=16, BLOCK_M=128, BLOCK_N=64, DILATION_H=1, DILATION_W=1, GROUPS=4, KERNEL_H=3, KERNEL_W=3, PADDING_H=0, PADDING_W=0, STRIDE_H=1, STRIDE_W=1, num_stages=4, num_warps=4
  triton_convolution2d_bwd_weight_110 0.1750 ms 40.4% ALLOW_TF32=False, BLOCK_K=16, BLOCK_M=64, BLOCK_N=128, DILATION_H=1, DILATION_W=1, GROUPS=4, KERNEL_H=3, KERNEL_W=3, PADDING_H=0, PADDING_W=0, STRIDE_H=1, STRIDE_W=1, num_stages=2, num_warps=4
  triton_convolution2d_bwd_weight_112 0.1892 ms 37.3% ALLOW_TF32=False, BLOCK_K=16, BLOCK_M=512, BLOCK_N=16, DILATION_H=1, DILATION_W=1, GROUPS=4, KERNEL_H=3, KERNEL_W=3, PADDING_H=0, PADDING_W=0, STRIDE_H=1, STRIDE_W=1, num_stages=1, num_warps=8
  triton_convolution2d_bwd_weight_116 0.1934 ms 36.5% ALLOW_TF32=False, BLOCK_K=16, BLOCK_M=256, BLOCK_N=64, DILATION_H=1, DILATION_W=1, GROUPS=4, KERNEL_H=3, KERNEL_W=3, PADDING_H=0, PADDING_W=0, STRIDE_H=1, STRIDE_W=1, num_stages=2, num_warps=8
  triton_convolution2d_bwd_weight_120 0.2880 ms 24.5% ALLOW_TF32=False, BLOCK_K=16, BLOCK_M=256, BLOCK_N=128, DILATION_H=1, DILATION_W=1, GROUPS=4, KERNEL_H=3, KERNEL_W=3, PADDING_H=0, PADDING_W=0, STRIDE_H=1, STRIDE_W=1, num_stages=2, num_warps=8
SingleProcess AUTOTUNE benchmarking takes 0.4702 seconds and 15.3191 seconds precompiling for 11 choices
Autotune Choices Stats:
{"num_choices": 11, "num_triton_choices": 11, "best_kernel": "triton_convolution2d_bwd_input_125", "best_kernel_desc": "ALLOW_TF32=False, BLOCK_K=16, BLOCK_M=64, BLOCK_N=64, DILATION_H=1, DILATION_W=1, GROUPS=4, KERNEL_H=3, KERNEL_W=3, PADDING_H=0, PADDING_W=0, STRIDE_H=1, STRIDE_W=1, num_stages=2, num_warps=4", "best_time": 0.04947200044989586, "best_triton_pos": 0}
AUTOTUNE convolution_bwd_input(2x128x14x14, 128x1x3x3)
strides: [s32**2*s38, 1, s32*s38, s38], [s18**2, 1, s18, 1]
dtypes: torch.float32, torch.float32
  triton_convolution2d_bwd_input_125 0.0495 ms 100.0% ALLOW_TF32=False, BLOCK_K=16, BLOCK_M=64, BLOCK_N=64, DILATION_H=1, DILATION_W=1, GROUPS=4, KERNEL_H=3, KERNEL_W=3, PADDING_H=0, PADDING_W=0, STRIDE_H=1, STRIDE_W=1, num_stages=2, num_warps=4
  triton_convolution2d_bwd_input_121 0.0600 ms 82.5% ALLOW_TF32=False, BLOCK_K=16, BLOCK_M=64, BLOCK_N=128, DILATION_H=1, DILATION_W=1, GROUPS=4, KERNEL_H=3, KERNEL_W=3, PADDING_H=0, PADDING_W=0, STRIDE_H=1, STRIDE_W=1, num_stages=2, num_warps=4
  triton_convolution2d_bwd_input_129 0.0610 ms 81.1% ALLOW_TF32=False, BLOCK_K=16, BLOCK_M=64, BLOCK_N=128, DILATION_H=1, DILATION_W=1, GROUPS=4, KERNEL_H=3, KERNEL_W=3, PADDING_H=0, PADDING_W=0, STRIDE_H=1, STRIDE_W=1, num_stages=4, num_warps=4
  triton_convolution2d_bwd_input_126 0.0688 ms 71.9% ALLOW_TF32=False, BLOCK_K=16, BLOCK_M=64, BLOCK_N=128, DILATION_H=1, DILATION_W=1, GROUPS=4, KERNEL_H=3, KERNEL_W=3, PADDING_H=0, PADDING_W=0, STRIDE_H=1, STRIDE_W=1, num_stages=2, num_warps=8
  triton_convolution2d_bwd_input_130 0.0701 ms 70.5% ALLOW_TF32=False, BLOCK_K=16, BLOCK_M=128, BLOCK_N=64, DILATION_H=1, DILATION_W=1, GROUPS=4, KERNEL_H=3, KERNEL_W=3, PADDING_H=0, PADDING_W=0, STRIDE_H=1, STRIDE_W=1, num_stages=4, num_warps=4
  triton_convolution2d_bwd_input_127 0.1049 ms 47.1% ALLOW_TF32=False, BLOCK_K=16, BLOCK_M=256, BLOCK_N=64, DILATION_H=1, DILATION_W=1, GROUPS=4, KERNEL_H=3, KERNEL_W=3, PADDING_H=0, PADDING_W=0, STRIDE_H=1, STRIDE_W=1, num_stages=2, num_warps=8
  triton_convolution2d_bwd_input_123 0.1080 ms 45.8% ALLOW_TF32=False, BLOCK_K=16, BLOCK_M=512, BLOCK_N=16, DILATION_H=1, DILATION_W=1, GROUPS=4, KERNEL_H=3, KERNEL_W=3, PADDING_H=0, PADDING_W=0, STRIDE_H=1, STRIDE_W=1, num_stages=1, num_warps=8
  triton_convolution2d_bwd_input_124 0.1080 ms 45.8% ALLOW_TF32=False, BLOCK_K=16, BLOCK_M=128, BLOCK_N=128, DILATION_H=1, DILATION_W=1, GROUPS=4, KERNEL_H=3, KERNEL_W=3, PADDING_H=0, PADDING_W=0, STRIDE_H=1, STRIDE_W=1, num_stages=2, num_warps=8
  triton_convolution2d_bwd_input_128 0.1115 ms 44.4% ALLOW_TF32=False, BLOCK_K=16, BLOCK_M=128, BLOCK_N=128, DILATION_H=1, DILATION_W=1, GROUPS=4, KERNEL_H=3, KERNEL_W=3, PADDING_H=0, PADDING_W=0, STRIDE_H=1, STRIDE_W=1, num_stages=3, num_warps=8
  triton_convolution2d_bwd_input_122 0.1320 ms 37.5% ALLOW_TF32=False, BLOCK_K=16, BLOCK_M=256, BLOCK_N=64, DILATION_H=1, DILATION_W=1, GROUPS=4, KERNEL_H=3, KERNEL_W=3, PADDING_H=0, PADDING_W=0, STRIDE_H=1, STRIDE_W=1, num_stages=2, num_warps=4
SingleProcess AUTOTUNE benchmarking takes 0.3630 seconds and 0.0007 seconds precompiling for 11 choices
.ssssAutotune Choices Stats:
{"num_choices": 11, "num_triton_choices": 11, "best_kernel": "triton_convolution2d_bwd_weight_136", "best_kernel_desc": "ALLOW_TF32=False, BLOCK_K=16, BLOCK_M=64, BLOCK_N=64, DILATION_H=1, DILATION_W=1, GROUPS=128, KERNEL_H=3, KERNEL_W=3, PADDING_H=0, PADDING_W=0, STRIDE_H=1, STRIDE_W=1, num_stages=2, num_warps=4", "best_time": 0.09398400038480759, "best_triton_pos": 0}
AUTOTUNE convolution_bwd_weight(2x128x16x16, 2x128x14x14)
strides: [s13**2*s37, s13**2, s13, 1], [s32**2*s37, s32**2, s32, 1]
dtypes: torch.float32, torch.float32
  triton_convolution2d_bwd_weight_136 0.0940 ms 100.0% ALLOW_TF32=False, BLOCK_K=16, BLOCK_M=64, BLOCK_N=64, DILATION_H=1, DILATION_W=1, GROUPS=128, KERNEL_H=3, KERNEL_W=3, PADDING_H=0, PADDING_W=0, STRIDE_H=1, STRIDE_W=1, num_stages=2, num_warps=4
  triton_convolution2d_bwd_weight_137 0.1799 ms 52.2% ALLOW_TF32=False, BLOCK_K=16, BLOCK_M=64, BLOCK_N=128, DILATION_H=1, DILATION_W=1, GROUPS=128, KERNEL_H=3, KERNEL_W=3, PADDING_H=0, PADDING_W=0, STRIDE_H=1, STRIDE_W=1, num_stages=2, num_warps=8
  triton_convolution2d_bwd_weight_140 0.1996 ms 47.1% ALLOW_TF32=False, BLOCK_K=16, BLOCK_M=64, BLOCK_N=128, DILATION_H=1, DILATION_W=1, GROUPS=128, KERNEL_H=3, KERNEL_W=3, PADDING_H=0, PADDING_W=0, STRIDE_H=1, STRIDE_W=1, num_stages=4, num_warps=4
  triton_convolution2d_bwd_weight_141 0.2098 ms 44.8% ALLOW_TF32=False, BLOCK_K=16, BLOCK_M=128, BLOCK_N=64, DILATION_H=1, DILATION_W=1, GROUPS=128, KERNEL_H=3, KERNEL_W=3, PADDING_H=0, PADDING_W=0, STRIDE_H=1, STRIDE_W=1, num_stages=4, num_warps=4
  triton_convolution2d_bwd_weight_132 0.2351 ms 40.0% ALLOW_TF32=False, BLOCK_K=16, BLOCK_M=64, BLOCK_N=128, DILATION_H=1, DILATION_W=1, GROUPS=128, KERNEL_H=3, KERNEL_W=3, PADDING_H=0, PADDING_W=0, STRIDE_H=1, STRIDE_W=1, num_stages=2, num_warps=4
  triton_convolution2d_bwd_weight_139 0.2548 ms 36.9% ALLOW_TF32=False, BLOCK_K=16, BLOCK_M=128, BLOCK_N=128, DILATION_H=1, DILATION_W=1, GROUPS=128, KERNEL_H=3, KERNEL_W=3, PADDING_H=0, PADDING_W=0, STRIDE_H=1, STRIDE_W=1, num_stages=3, num_warps=8
  triton_convolution2d_bwd_weight_135 0.2638 ms 35.6% ALLOW_TF32=False, BLOCK_K=16, BLOCK_M=128, BLOCK_N=128, DILATION_H=1, DILATION_W=1, GROUPS=128, KERNEL_H=3, KERNEL_W=3, PADDING_H=0, PADDING_W=0, STRIDE_H=1, STRIDE_W=1, num_stages=2, num_warps=8
  triton_convolution2d_bwd_weight_138 0.3360 ms 28.0% ALLOW_TF32=False, BLOCK_K=16, BLOCK_M=256, BLOCK_N=64, DILATION_H=1, DILATION_W=1, GROUPS=128, KERNEL_H=3, KERNEL_W=3, PADDING_H=0, PADDING_W=0, STRIDE_H=1, STRIDE_W=1, num_stages=2, num_warps=8
  triton_convolution2d_bwd_weight_133 0.4009 ms 23.4% ALLOW_TF32=False, BLOCK_K=16, BLOCK_M=256, BLOCK_N=64, DILATION_H=1, DILATION_W=1, GROUPS=128, KERNEL_H=3, KERNEL_W=3, PADDING_H=0, PADDING_W=0, STRIDE_H=1, STRIDE_W=1, num_stages=2, num_warps=4
  triton_convolution2d_bwd_weight_134 0.4420 ms 21.3% ALLOW_TF32=False, BLOCK_K=16, BLOCK_M=512, BLOCK_N=16, DILATION_H=1, DILATION_W=1, GROUPS=128, KERNEL_H=3, KERNEL_W=3, PADDING_H=0, PADDING_W=0, STRIDE_H=1, STRIDE_W=1, num_stages=1, num_warps=8
SingleProcess AUTOTUNE benchmarking takes 0.5595 seconds and 15.2405 seconds precompiling for 11 choices
Autotune Choices Stats:
{"num_choices": 11, "num_triton_choices": 11, "best_kernel": "triton_convolution2d_bwd_input_152", "best_kernel_desc": "ALLOW_TF32=False, BLOCK_K=16, BLOCK_M=128, BLOCK_N=64, DILATION_H=1, DILATION_W=1, GROUPS=128, KERNEL_H=3, KERNEL_W=3, PADDING_H=0, PADDING_W=0, STRIDE_H=1, STRIDE_W=1, num_stages=4, num_warps=4", "best_time": 0.016095999628305435, "best_triton_pos": 0}
AUTOTUNE convolution_bwd_input(2x128x14x14, 128x1x3x3)
strides: [s32**2*s37, s32**2, s32, 1], [s18**2, s18**2, s18, 1]
dtypes: torch.float32, torch.float32
  triton_convolution2d_bwd_input_152 0.0161 ms 100.0% ALLOW_TF32=False, BLOCK_K=16, BLOCK_M=128, BLOCK_N=64, DILATION_H=1, DILATION_W=1, GROUPS=128, KERNEL_H=3, KERNEL_W=3, PADDING_H=0, PADDING_W=0, STRIDE_H=1, STRIDE_W=1, num_stages=4, num_warps=4
  triton_convolution2d_bwd_input_147 0.0164 ms 98.4% ALLOW_TF32=False, BLOCK_K=16, BLOCK_M=64, BLOCK_N=64, DILATION_H=1, DILATION_W=1, GROUPS=128, KERNEL_H=3, KERNEL_W=3, PADDING_H=0, PADDING_W=0, STRIDE_H=1, STRIDE_W=1, num_stages=2, num_warps=4
  triton_convolution2d_bwd_input_145 0.0185 ms 87.2% ALLOW_TF32=False, BLOCK_K=16, BLOCK_M=512, BLOCK_N=16, DILATION_H=1, DILATION_W=1, GROUPS=128, KERNEL_H=3, KERNEL_W=3, PADDING_H=0, PADDING_W=0, STRIDE_H=1, STRIDE_W=1, num_stages=1, num_warps=8
  triton_convolution2d_bwd_input_144 0.0193 ms 83.3% ALLOW_TF32=False, BLOCK_K=16, BLOCK_M=256, BLOCK_N=64, DILATION_H=1, DILATION_W=1, GROUPS=128, KERNEL_H=3, KERNEL_W=3, PADDING_H=0, PADDING_W=0, STRIDE_H=1, STRIDE_W=1, num_stages=2, num_warps=4
  triton_convolution2d_bwd_input_149 0.0203 ms 79.3% ALLOW_TF32=False, BLOCK_K=16, BLOCK_M=256, BLOCK_N=64, DILATION_H=1, DILATION_W=1, GROUPS=128, KERNEL_H=3, KERNEL_W=3, PADDING_H=0, PADDING_W=0, STRIDE_H=1, STRIDE_W=1, num_stages=2, num_warps=8
  triton_convolution2d_bwd_input_143 0.0239 ms 67.4% ALLOW_TF32=False, BLOCK_K=16, BLOCK_M=64, BLOCK_N=128, DILATION_H=1, DILATION_W=1, GROUPS=128, KERNEL_H=3, KERNEL_W=3, PADDING_H=0, PADDING_W=0, STRIDE_H=1, STRIDE_W=1, num_stages=2, num_warps=4
  triton_convolution2d_bwd_input_151 0.0239 ms 67.2% ALLOW_TF32=False, BLOCK_K=16, BLOCK_M=64, BLOCK_N=128, DILATION_H=1, DILATION_W=1, GROUPS=128, KERNEL_H=3, KERNEL_W=3, PADDING_H=0, PADDING_W=0, STRIDE_H=1, STRIDE_W=1, num_stages=4, num_warps=4
  triton_convolution2d_bwd_input_150 0.0258 ms 62.4% ALLOW_TF32=False, BLOCK_K=16, BLOCK_M=128, BLOCK_N=128, DILATION_H=1, DILATION_W=1, GROUPS=128, KERNEL_H=3, KERNEL_W=3, PADDING_H=0, PADDING_W=0, STRIDE_H=1, STRIDE_W=1, num_stages=3, num_warps=8
  triton_convolution2d_bwd_input_148 0.0260 ms 61.8% ALLOW_TF32=False, BLOCK_K=16, BLOCK_M=64, BLOCK_N=128, DILATION_H=1, DILATION_W=1, GROUPS=128, KERNEL_H=3, KERNEL_W=3, PADDING_H=0, PADDING_W=0, STRIDE_H=1, STRIDE_W=1, num_stages=2, num_warps=8
  triton_convolution2d_bwd_input_146 0.0265 ms 60.7% ALLOW_TF32=False, BLOCK_K=16, BLOCK_M=128, BLOCK_N=128, DILATION_H=1, DILATION_W=1, GROUPS=128, KERNEL_H=3, KERNEL_W=3, PADDING_H=0, PADDING_W=0, STRIDE_H=1, STRIDE_W=1, num_stages=2, num_warps=8
SingleProcess AUTOTUNE benchmarking takes 0.2918 seconds and 0.0005 seconds precompiling for 11 choices
.Autotune Choices Stats:
{"num_choices": 11, "num_triton_choices": 11, "best_kernel": "triton_convolution2d_bwd_weight_158", "best_kernel_desc": "ALLOW_TF32=False, BLOCK_K=16, BLOCK_M=64, BLOCK_N=64, DILATION_H=1, DILATION_W=1, GROUPS=128, KERNEL_H=3, KERNEL_W=3, PADDING_H=0, PADDING_W=0, STRIDE_H=1, STRIDE_W=1, num_stages=2, num_warps=4", "best_time": 0.10576000064611435, "best_triton_pos": 0}
AUTOTUNE convolution_bwd_weight(2x128x16x16, 2x128x14x14)
strides: [s13**2*s37, s13, s13*s37, 1], [s32**2*s37, s32, s32*s37, 1]
dtypes: torch.float32, torch.float32
  triton_convolution2d_bwd_weight_158 0.1058 ms 100.0% ALLOW_TF32=False, BLOCK_K=16, BLOCK_M=64, BLOCK_N=64, DILATION_H=1, DILATION_W=1, GROUPS=128, KERNEL_H=3, KERNEL_W=3, PADDING_H=0, PADDING_W=0, STRIDE_H=1, STRIDE_W=1, num_stages=2, num_warps=4
  triton_convolution2d_bwd_weight_159 0.1998 ms 52.9% ALLOW_TF32=False, BLOCK_K=16, BLOCK_M=64, BLOCK_N=128, DILATION_H=1, DILATION_W=1, GROUPS=128, KERNEL_H=3, KERNEL_W=3, PADDING_H=0, PADDING_W=0, STRIDE_H=1, STRIDE_W=1, num_stages=2, num_warps=8
  triton_convolution2d_bwd_weight_162 0.2004 ms 52.8% ALLOW_TF32=False, BLOCK_K=16, BLOCK_M=64, BLOCK_N=128, DILATION_H=1, DILATION_W=1, GROUPS=128, KERNEL_H=3, KERNEL_W=3, PADDING_H=0, PADDING_W=0, STRIDE_H=1, STRIDE_W=1, num_stages=4, num_warps=4
  triton_convolution2d_bwd_weight_163 0.2075 ms 51.0% ALLOW_TF32=False, BLOCK_K=16, BLOCK_M=128, BLOCK_N=64, DILATION_H=1, DILATION_W=1, GROUPS=128, KERNEL_H=3, KERNEL_W=3, PADDING_H=0, PADDING_W=0, STRIDE_H=1, STRIDE_W=1, num_stages=4, num_warps=4
  triton_convolution2d_bwd_weight_154 0.2344 ms 45.1% ALLOW_TF32=False, BLOCK_K=16, BLOCK_M=64, BLOCK_N=128, DILATION_H=1, DILATION_W=1, GROUPS=128, KERNEL_H=3, KERNEL_W=3, PADDING_H=0, PADDING_W=0, STRIDE_H=1, STRIDE_W=1, num_stages=2, num_warps=4
  triton_convolution2d_bwd_weight_161 0.2561 ms 41.3% ALLOW_TF32=False, BLOCK_K=16, BLOCK_M=128, BLOCK_N=128, DILATION_H=1, DILATION_W=1, GROUPS=128, KERNEL_H=3, KERNEL_W=3, PADDING_H=0, PADDING_W=0, STRIDE_H=1, STRIDE_W=1, num_stages=3, num_warps=8
  triton_convolution2d_bwd_weight_157 0.2945 ms 35.9% ALLOW_TF32=False, BLOCK_K=16, BLOCK_M=128, BLOCK_N=128, DILATION_H=1, DILATION_W=1, GROUPS=128, KERNEL_H=3, KERNEL_W=3, PADDING_H=0, PADDING_W=0, STRIDE_H=1, STRIDE_W=1, num_stages=2, num_warps=8
  triton_convolution2d_bwd_weight_160 0.3384 ms 31.2% ALLOW_TF32=False, BLOCK_K=16, BLOCK_M=256, BLOCK_N=64, DILATION_H=1, DILATION_W=1, GROUPS=128, KERNEL_H=3, KERNEL_W=3, PADDING_H=0, PADDING_W=0, STRIDE_H=1, STRIDE_W=1, num_stages=2, num_warps=8
  triton_convolution2d_bwd_weight_155 0.4018 ms 26.3% ALLOW_TF32=False, BLOCK_K=16, BLOCK_M=256, BLOCK_N=64, DILATION_H=1, DILATION_W=1, GROUPS=128, KERNEL_H=3, KERNEL_W=3, PADDING_H=0, PADDING_W=0, STRIDE_H=1, STRIDE_W=1, num_stages=2, num_warps=4
  triton_convolution2d_bwd_weight_156 0.4029 ms 26.3% ALLOW_TF32=False, BLOCK_K=16, BLOCK_M=512, BLOCK_N=16, DILATION_H=1, DILATION_W=1, GROUPS=128, KERNEL_H=3, KERNEL_W=3, PADDING_H=0, PADDING_W=0, STRIDE_H=1, STRIDE_W=1, num_stages=1, num_warps=8
SingleProcess AUTOTUNE benchmarking takes 0.5448 seconds and 15.0157 seconds precompiling for 11 choices
Autotune Choices Stats:
{"num_choices": 11, "num_triton_choices": 11, "best_kernel": "triton_convolution2d_bwd_input_169", "best_kernel_desc": "ALLOW_TF32=False, BLOCK_K=16, BLOCK_M=64, BLOCK_N=64, DILATION_H=1, DILATION_W=1, GROUPS=128, KERNEL_H=3, KERNEL_W=3, PADDING_H=0, PADDING_W=0, STRIDE_H=1, STRIDE_W=1, num_stages=2, num_warps=4", "best_time": 0.018112000077962875, "best_triton_pos": 0}
AUTOTUNE convolution_bwd_input(2x128x14x14, 128x1x3x3)
strides: [s32**2*s37, 1, s32*s37, s37], [s18**2, 1, s18, 1]
dtypes: torch.float32, torch.float32
  triton_convolution2d_bwd_input_169 0.0181 ms 100.0% ALLOW_TF32=False, BLOCK_K=16, BLOCK_M=64, BLOCK_N=64, DILATION_H=1, DILATION_W=1, GROUPS=128, KERNEL_H=3, KERNEL_W=3, PADDING_H=0, PADDING_W=0, STRIDE_H=1, STRIDE_W=1, num_stages=2, num_warps=4
  triton_convolution2d_bwd_input_174 0.0188 ms 96.1% ALLOW_TF32=False, BLOCK_K=16, BLOCK_M=128, BLOCK_N=64, DILATION_H=1, DILATION_W=1, GROUPS=128, KERNEL_H=3, KERNEL_W=3, PADDING_H=0, PADDING_W=0, STRIDE_H=1, STRIDE_W=1, num_stages=4, num_warps=4
  triton_convolution2d_bwd_input_167 0.0196 ms 92.2% ALLOW_TF32=False, BLOCK_K=16, BLOCK_M=512, BLOCK_N=16, DILATION_H=1, DILATION_W=1, GROUPS=128, KERNEL_H=3, KERNEL_W=3, PADDING_H=0, PADDING_W=0, STRIDE_H=1, STRIDE_W=1, num_stages=1, num_warps=8
  triton_convolution2d_bwd_input_166 0.0232 ms 78.1% ALLOW_TF32=False, BLOCK_K=16, BLOCK_M=256, BLOCK_N=64, DILATION_H=1, DILATION_W=1, GROUPS=128, KERNEL_H=3, KERNEL_W=3, PADDING_H=0, PADDING_W=0, STRIDE_H=1, STRIDE_W=1, num_stages=2, num_warps=4
  triton_convolution2d_bwd_input_171 0.0247 ms 73.2% ALLOW_TF32=False, BLOCK_K=16, BLOCK_M=256, BLOCK_N=64, DILATION_H=1, DILATION_W=1, GROUPS=128, KERNEL_H=3, KERNEL_W=3, PADDING_H=0, PADDING_W=0, STRIDE_H=1, STRIDE_W=1, num_stages=2, num_warps=8
  triton_convolution2d_bwd_input_165 0.0273 ms 66.4% ALLOW_TF32=False, BLOCK_K=16, BLOCK_M=64, BLOCK_N=128, DILATION_H=1, DILATION_W=1, GROUPS=128, KERNEL_H=3, KERNEL_W=3, PADDING_H=0, PADDING_W=0, STRIDE_H=1, STRIDE_W=1, num_stages=2, num_warps=4
  triton_convolution2d_bwd_input_173 0.0273 ms 66.4% ALLOW_TF32=False, BLOCK_K=16, BLOCK_M=64, BLOCK_N=128, DILATION_H=1, DILATION_W=1, GROUPS=128, KERNEL_H=3, KERNEL_W=3, PADDING_H=0, PADDING_W=0, STRIDE_H=1, STRIDE_W=1, num_stages=4, num_warps=4
  triton_convolution2d_bwd_input_170 0.0332 ms 54.6% ALLOW_TF32=False, BLOCK_K=16, BLOCK_M=64, BLOCK_N=128, DILATION_H=1, DILATION_W=1, GROUPS=128, KERNEL_H=3, KERNEL_W=3, PADDING_H=0, PADDING_W=0, STRIDE_H=1, STRIDE_W=1, num_stages=2, num_warps=8
  triton_convolution2d_bwd_input_172 0.0366 ms 49.5% ALLOW_TF32=False, BLOCK_K=16, BLOCK_M=128, BLOCK_N=128, DILATION_H=1, DILATION_W=1, GROUPS=128, KERNEL_H=3, KERNEL_W=3, PADDING_H=0, PADDING_W=0, STRIDE_H=1, STRIDE_W=1, num_stages=3, num_warps=8
  triton_convolution2d_bwd_input_168 0.0368 ms 49.2% ALLOW_TF32=False, BLOCK_K=16, BLOCK_M=128, BLOCK_N=128, DILATION_H=1, DILATION_W=1, GROUPS=128, KERNEL_H=3, KERNEL_W=3, PADDING_H=0, PADDING_W=0, STRIDE_H=1, STRIDE_W=1, num_stages=2, num_warps=8
SingleProcess AUTOTUNE benchmarking takes 0.2939 seconds and 0.0005 seconds precompiling for 11 choices
.ssssAutotune Choices Stats:
{"num_choices": 11, "num_triton_choices": 11, "best_kernel": "triton_convolution2d_bwd_weight_180", "best_kernel_desc": "ALLOW_TF32=False, BLOCK_K=16, BLOCK_M=64, BLOCK_N=64, DILATION_H=1, DILATION_W=1, GROUPS=4, KERNEL_H=1, KERNEL_W=1, PADDING_H=1, PADDING_W=1, STRIDE_H=1, STRIDE_W=1, num_stages=2, num_warps=4", "best_time": 0.13631999492645264, "best_triton_pos": 0}
AUTOTUNE convolution_bwd_weight(2x4x16x16, 2x128x18x18)
strides: [s13**2*s37, s13**2, s13, 1], [s32**2*s38, s32**2, s32, 1]
dtypes: torch.float32, torch.float32
  triton_convolution2d_bwd_weight_180 0.1363 ms 100.0% ALLOW_TF32=False, BLOCK_K=16, BLOCK_M=64, BLOCK_N=64, DILATION_H=1, DILATION_W=1, GROUPS=4, KERNEL_H=1, KERNEL_W=1, PADDING_H=1, PADDING_W=1, STRIDE_H=1, STRIDE_W=1, num_stages=2, num_warps=4
  triton_convolution2d_bwd_weight_185 0.2063 ms 66.1% ALLOW_TF32=False, BLOCK_K=16, BLOCK_M=128, BLOCK_N=64, DILATION_H=1, DILATION_W=1, GROUPS=4, KERNEL_H=1, KERNEL_W=1, PADDING_H=1, PADDING_W=1, STRIDE_H=1, STRIDE_W=1, num_stages=4, num_warps=4
  triton_convolution2d_bwd_weight_181 0.2137 ms 63.8% ALLOW_TF32=False, BLOCK_K=16, BLOCK_M=64, BLOCK_N=128, DILATION_H=1, DILATION_W=1, GROUPS=4, KERNEL_H=1, KERNEL_W=1, PADDING_H=1, PADDING_W=1, STRIDE_H=1, STRIDE_W=1, num_stages=2, num_warps=8
  triton_convolution2d_bwd_weight_183 0.2139 ms 63.7% ALLOW_TF32=False, BLOCK_K=16, BLOCK_M=128, BLOCK_N=128, DILATION_H=1, DILATION_W=1, GROUPS=4, KERNEL_H=1, KERNEL_W=1, PADDING_H=1, PADDING_W=1, STRIDE_H=1, STRIDE_W=1, num_stages=3, num_warps=8
  triton_convolution2d_bwd_weight_184 0.2284 ms 59.7% ALLOW_TF32=False, BLOCK_K=16, BLOCK_M=64, BLOCK_N=128, DILATION_H=1, DILATION_W=1, GROUPS=4, KERNEL_H=1, KERNEL_W=1, PADDING_H=1, PADDING_W=1, STRIDE_H=1, STRIDE_W=1, num_stages=4, num_warps=4
  triton_convolution2d_bwd_weight_178 0.2447 ms 55.7% ALLOW_TF32=False, BLOCK_K=16, BLOCK_M=512, BLOCK_N=16, DILATION_H=1, DILATION_W=1, GROUPS=4, KERNEL_H=1, KERNEL_W=1, PADDING_H=1, PADDING_W=1, STRIDE_H=1, STRIDE_W=1, num_stages=1, num_warps=8
  triton_convolution2d_bwd_weight_179 0.2685 ms 50.8% ALLOW_TF32=False, BLOCK_K=16, BLOCK_M=128, BLOCK_N=128, DILATION_H=1, DILATION_W=1, GROUPS=4, KERNEL_H=1, KERNEL_W=1, PADDING_H=1, PADDING_W=1, STRIDE_H=1, STRIDE_W=1, num_stages=2, num_warps=8
  triton_convolution2d_bwd_weight_176 0.2888 ms 47.2% ALLOW_TF32=False, BLOCK_K=16, BLOCK_M=64, BLOCK_N=128, DILATION_H=1, DILATION_W=1, GROUPS=4, KERNEL_H=1, KERNEL_W=1, PADDING_H=1, PADDING_W=1, STRIDE_H=1, STRIDE_W=1, num_stages=2, num_warps=4
  triton_convolution2d_bwd_weight_182 0.2915 ms 46.8% ALLOW_TF32=False, BLOCK_K=16, BLOCK_M=256, BLOCK_N=64, DILATION_H=1, DILATION_W=1, GROUPS=4, KERNEL_H=1, KERNEL_W=1, PADDING_H=1, PADDING_W=1, STRIDE_H=1, STRIDE_W=1, num_stages=2, num_warps=8
  triton_convolution2d_bwd_weight_177 0.3838 ms 35.5% ALLOW_TF32=False, BLOCK_K=16, BLOCK_M=256, BLOCK_N=64, DILATION_H=1, DILATION_W=1, GROUPS=4, KERNEL_H=1, KERNEL_W=1, PADDING_H=1, PADDING_W=1, STRIDE_H=1, STRIDE_W=1, num_stages=2, num_warps=4
SingleProcess AUTOTUNE benchmarking takes 0.5517 seconds and 12.3446 seconds precompiling for 11 choices
Autotune Choices Stats:
{"num_choices": 11, "num_triton_choices": 11, "best_kernel": "triton_convolution2d_bwd_input_191", "best_kernel_desc": "ALLOW_TF32=False, BLOCK_K=16, BLOCK_M=64, BLOCK_N=64, DILATION_H=1, DILATION_W=1, GROUPS=4, KERNEL_H=1, KERNEL_W=1, PADDING_H=1, PADDING_W=1, STRIDE_H=1, STRIDE_W=1, num_stages=2, num_warps=4", "best_time": 0.010111999697983265, "best_triton_pos": 0}
AUTOTUNE convolution_bwd_input(2x128x18x18, 128x1x1x1)
strides: [s32**2*s38, s32**2, s32, 1], [1, 1, 1, 1]
dtypes: torch.float32, torch.float32
  triton_convolution2d_bwd_input_191 0.0101 ms 100.0% ALLOW_TF32=False, BLOCK_K=16, BLOCK_M=64, BLOCK_N=64, DILATION_H=1, DILATION_W=1, GROUPS=4, KERNEL_H=1, KERNEL_W=1, PADDING_H=1, PADDING_W=1, STRIDE_H=1, STRIDE_W=1, num_stages=2, num_warps=4
  triton_convolution2d_bwd_input_195 0.0122 ms 82.9% ALLOW_TF32=False, BLOCK_K=16, BLOCK_M=64, BLOCK_N=128, DILATION_H=1, DILATION_W=1, GROUPS=4, KERNEL_H=1, KERNEL_W=1, PADDING_H=1, PADDING_W=1, STRIDE_H=1, STRIDE_W=1, num_stages=4, num_warps=4
  triton_convolution2d_bwd_input_192 0.0123 ms 82.3% ALLOW_TF32=False, BLOCK_K=16, BLOCK_M=64, BLOCK_N=128, DILATION_H=1, DILATION_W=1, GROUPS=4, KERNEL_H=1, KERNEL_W=1, PADDING_H=1, PADDING_W=1, STRIDE_H=1, STRIDE_W=1, num_stages=2, num_warps=8
  triton_convolution2d_bwd_input_187 0.0124 ms 81.2% ALLOW_TF32=False, BLOCK_K=16, BLOCK_M=64, BLOCK_N=128, DILATION_H=1, DILATION_W=1, GROUPS=4, KERNEL_H=1, KERNEL_W=1, PADDING_H=1, PADDING_W=1, STRIDE_H=1, STRIDE_W=1, num_stages=2, num_warps=4
  triton_convolution2d_bwd_input_196 0.0127 ms 79.6% ALLOW_TF32=False, BLOCK_K=16, BLOCK_M=128, BLOCK_N=64, DILATION_H=1, DILATION_W=1, GROUPS=4, KERNEL_H=1, KERNEL_W=1, PADDING_H=1, PADDING_W=1, STRIDE_H=1, STRIDE_W=1, num_stages=4, num_warps=4
  triton_convolution2d_bwd_input_190 0.0157 ms 64.5% ALLOW_TF32=False, BLOCK_K=16, BLOCK_M=128, BLOCK_N=128, DILATION_H=1, DILATION_W=1, GROUPS=4, KERNEL_H=1, KERNEL_W=1, PADDING_H=1, PADDING_W=1, STRIDE_H=1, STRIDE_W=1, num_stages=2, num_warps=8
  triton_convolution2d_bwd_input_194 0.0162 ms 62.5% ALLOW_TF32=False, BLOCK_K=16, BLOCK_M=128, BLOCK_N=128, DILATION_H=1, DILATION_W=1, GROUPS=4, KERNEL_H=1, KERNEL_W=1, PADDING_H=1, PADDING_W=1, STRIDE_H=1, STRIDE_W=1, num_stages=3, num_warps=8
  triton_convolution2d_bwd_input_193 0.0180 ms 56.1% ALLOW_TF32=False, BLOCK_K=16, BLOCK_M=256, BLOCK_N=64, DILATION_H=1, DILATION_W=1, GROUPS=4, KERNEL_H=1, KERNEL_W=1, PADDING_H=1, PADDING_W=1, STRIDE_H=1, STRIDE_W=1, num_stages=2, num_warps=8
  triton_convolution2d_bwd_input_189 0.0188 ms 53.7% ALLOW_TF32=False, BLOCK_K=16, BLOCK_M=512, BLOCK_N=16, DILATION_H=1, DILATION_W=1, GROUPS=4, KERNEL_H=1, KERNEL_W=1, PADDING_H=1, PADDING_W=1, STRIDE_H=1, STRIDE_W=1, num_stages=1, num_warps=8
  triton_convolution2d_bwd_input_188 0.0193 ms 52.3% ALLOW_TF32=False, BLOCK_K=16, BLOCK_M=256, BLOCK_N=64, DILATION_H=1, DILATION_W=1, GROUPS=4, KERNEL_H=1, KERNEL_W=1, PADDING_H=1, PADDING_W=1, STRIDE_H=1, STRIDE_W=1, num_stages=2, num_warps=4
SingleProcess AUTOTUNE benchmarking takes 0.2862 seconds and 0.0006 seconds precompiling for 11 choices
.Autotune Choices Stats:
{"num_choices": 11, "num_triton_choices": 11, "best_kernel": "triton_convolution2d_bwd_weight_202", "best_kernel_desc": "ALLOW_TF32=False, BLOCK_K=16, BLOCK_M=64, BLOCK_N=64, DILATION_H=1, DILATION_W=1, GROUPS=4, KERNEL_H=1, KERNEL_W=1, PADDING_H=1, PADDING_W=1, STRIDE_H=1, STRIDE_W=1, num_stages=2, num_warps=4", "best_time": 0.11244799941778183, "best_triton_pos": 0}
AUTOTUNE convolution_bwd_weight(2x4x16x16, 2x128x18x18)
strides: [s13**2*s37, s13**2, s13, 1], [s32**2*s38, s32**2, s32, 1]
dtypes: torch.float32, torch.float32
  triton_convolution2d_bwd_weight_202 0.1124 ms 100.0% ALLOW_TF32=False, BLOCK_K=16, BLOCK_M=64, BLOCK_N=64, DILATION_H=1, DILATION_W=1, GROUPS=4, KERNEL_H=1, KERNEL_W=1, PADDING_H=1, PADDING_W=1, STRIDE_H=1, STRIDE_W=1, num_stages=2, num_warps=4
  triton_convolution2d_bwd_weight_203 0.1741 ms 64.6% ALLOW_TF32=False, BLOCK_K=16, BLOCK_M=64, BLOCK_N=128, DILATION_H=1, DILATION_W=1, GROUPS=4, KERNEL_H=1, KERNEL_W=1, PADDING_H=1, PADDING_W=1, STRIDE_H=1, STRIDE_W=1, num_stages=2, num_warps=8
  triton_convolution2d_bwd_weight_207 0.2065 ms 54.5% ALLOW_TF32=False, BLOCK_K=16, BLOCK_M=128, BLOCK_N=64, DILATION_H=1, DILATION_W=1, GROUPS=4, KERNEL_H=1, KERNEL_W=1, PADDING_H=1, PADDING_W=1, STRIDE_H=1, STRIDE_W=1, num_stages=4, num_warps=4
  triton_convolution2d_bwd_weight_205 0.2126 ms 52.9% ALLOW_TF32=False, BLOCK_K=16, BLOCK_M=128, BLOCK_N=128, DILATION_H=1, DILATION_W=1, GROUPS=4, KERNEL_H=1, KERNEL_W=1, PADDING_H=1, PADDING_W=1, STRIDE_H=1, STRIDE_W=1, num_stages=3, num_warps=8
  triton_convolution2d_bwd_weight_206 0.2284 ms 49.2% ALLOW_TF32=False, BLOCK_K=16, BLOCK_M=64, BLOCK_N=128, DILATION_H=1, DILATION_W=1, GROUPS=4, KERNEL_H=1, KERNEL_W=1, PADDING_H=1, PADDING_W=1, STRIDE_H=1, STRIDE_W=1, num_stages=4, num_warps=4
  triton_convolution2d_bwd_weight_200 0.2450 ms 45.9% ALLOW_TF32=False, BLOCK_K=16, BLOCK_M=512, BLOCK_N=16, DILATION_H=1, DILATION_W=1, GROUPS=4, KERNEL_H=1, KERNEL_W=1, PADDING_H=1, PADDING_W=1, STRIDE_H=1, STRIDE_W=1, num_stages=1, num_warps=8
  triton_convolution2d_bwd_weight_201 0.2685 ms 41.9% ALLOW_TF32=False, BLOCK_K=16, BLOCK_M=128, BLOCK_N=128, DILATION_H=1, DILATION_W=1, GROUPS=4, KERNEL_H=1, KERNEL_W=1, PADDING_H=1, PADDING_W=1, STRIDE_H=1, STRIDE_W=1, num_stages=2, num_warps=8
  triton_convolution2d_bwd_weight_198 0.2885 ms 39.0% ALLOW_TF32=False, BLOCK_K=16, BLOCK_M=64, BLOCK_N=128, DILATION_H=1, DILATION_W=1, GROUPS=4, KERNEL_H=1, KERNEL_W=1, PADDING_H=1, PADDING_W=1, STRIDE_H=1, STRIDE_W=1, num_stages=2, num_warps=4
  triton_convolution2d_bwd_weight_204 0.2915 ms 38.6% ALLOW_TF32=False, BLOCK_K=16, BLOCK_M=256, BLOCK_N=64, DILATION_H=1, DILATION_W=1, GROUPS=4, KERNEL_H=1, KERNEL_W=1, PADDING_H=1, PADDING_W=1, STRIDE_H=1, STRIDE_W=1, num_stages=2, num_warps=8
  triton_convolution2d_bwd_weight_199 0.3840 ms 29.3% ALLOW_TF32=False, BLOCK_K=16, BLOCK_M=256, BLOCK_N=64, DILATION_H=1, DILATION_W=1, GROUPS=4, KERNEL_H=1, KERNEL_W=1, PADDING_H=1, PADDING_W=1, STRIDE_H=1, STRIDE_W=1, num_stages=2, num_warps=4
SingleProcess AUTOTUNE benchmarking takes 0.5209 seconds and 12.3121 seconds precompiling for 11 choices
Autotune Choices Stats:
{"num_choices": 11, "num_triton_choices": 11, "best_kernel": "triton_convolution2d_bwd_input_213", "best_kernel_desc": "ALLOW_TF32=False, BLOCK_K=16, BLOCK_M=64, BLOCK_N=64, DILATION_H=1, DILATION_W=1, GROUPS=4, KERNEL_H=1, KERNEL_W=1, PADDING_H=1, PADDING_W=1, STRIDE_H=1, STRIDE_W=1, num_stages=2, num_warps=4", "best_time": 0.01017600018531084, "best_triton_pos": 0}
AUTOTUNE convolution_bwd_input(2x128x18x18, 128x1x1x1)
strides: [s32**2*s38, s32**2, s32, 1], [1, 1, 1, 1]
dtypes: torch.float32, torch.float32
  triton_convolution2d_bwd_input_213 0.0102 ms 100.0% ALLOW_TF32=False, BLOCK_K=16, BLOCK_M=64, BLOCK_N=64, DILATION_H=1, DILATION_W=1, GROUPS=4, KERNEL_H=1, KERNEL_W=1, PADDING_H=1, PADDING_W=1, STRIDE_H=1, STRIDE_W=1, num_stages=2, num_warps=4
  triton_convolution2d_bwd_input_217 0.0121 ms 83.9% ALLOW_TF32=False, BLOCK_K=16, BLOCK_M=64, BLOCK_N=128, DILATION_H=1, DILATION_W=1, GROUPS=4, KERNEL_H=1, KERNEL_W=1, PADDING_H=1, PADDING_W=1, STRIDE_H=1, STRIDE_W=1, num_stages=4, num_warps=4
  triton_convolution2d_bwd_input_214 0.0122 ms 83.5% ALLOW_TF32=False, BLOCK_K=16, BLOCK_M=64, BLOCK_N=128, DILATION_H=1, DILATION_W=1, GROUPS=4, KERNEL_H=1, KERNEL_W=1, PADDING_H=1, PADDING_W=1, STRIDE_H=1, STRIDE_W=1, num_stages=2, num_warps=8
  triton_convolution2d_bwd_input_209 0.0123 ms 83.0% ALLOW_TF32=False, BLOCK_K=16, BLOCK_M=64, BLOCK_N=128, DILATION_H=1, DILATION_W=1, GROUPS=4, KERNEL_H=1, KERNEL_W=1, PADDING_H=1, PADDING_W=1, STRIDE_H=1, STRIDE_W=1, num_stages=2, num_warps=4
  triton_convolution2d_bwd_input_218 0.0126 ms 80.7% ALLOW_TF32=False, BLOCK_K=16, BLOCK_M=128, BLOCK_N=64, DILATION_H=1, DILATION_W=1, GROUPS=4, KERNEL_H=1, KERNEL_W=1, PADDING_H=1, PADDING_W=1, STRIDE_H=1, STRIDE_W=1, num_stages=4, num_warps=4
  triton_convolution2d_bwd_input_212 0.0158 ms 64.4% ALLOW_TF32=False, BLOCK_K=16, BLOCK_M=128, BLOCK_N=128, DILATION_H=1, DILATION_W=1, GROUPS=4, KERNEL_H=1, KERNEL_W=1, PADDING_H=1, PADDING_W=1, STRIDE_H=1, STRIDE_W=1, num_stages=2, num_warps=8
  triton_convolution2d_bwd_input_216 0.0160 ms 63.6% ALLOW_TF32=False, BLOCK_K=16, BLOCK_M=128, BLOCK_N=128, DILATION_H=1, DILATION_W=1, GROUPS=4, KERNEL_H=1, KERNEL_W=1, PADDING_H=1, PADDING_W=1, STRIDE_H=1, STRIDE_W=1, num_stages=3, num_warps=8
  triton_convolution2d_bwd_input_215 0.0181 ms 56.3% ALLOW_TF32=False, BLOCK_K=16, BLOCK_M=256, BLOCK_N=64, DILATION_H=1, DILATION_W=1, GROUPS=4, KERNEL_H=1, KERNEL_W=1, PADDING_H=1, PADDING_W=1, STRIDE_H=1, STRIDE_W=1, num_stages=2, num_warps=8
  triton_convolution2d_bwd_input_211 0.0188 ms 54.0% ALLOW_TF32=False, BLOCK_K=16, BLOCK_M=512, BLOCK_N=16, DILATION_H=1, DILATION_W=1, GROUPS=4, KERNEL_H=1, KERNEL_W=1, PADDING_H=1, PADDING_W=1, STRIDE_H=1, STRIDE_W=1, num_stages=1, num_warps=8
  triton_convolution2d_bwd_input_210 0.0190 ms 53.6% ALLOW_TF32=False, BLOCK_K=16, BLOCK_M=256, BLOCK_N=64, DILATION_H=1, DILATION_W=1, GROUPS=4, KERNEL_H=1, KERNEL_W=1, PADDING_H=1, PADDING_W=1, STRIDE_H=1, STRIDE_W=1, num_stages=2, num_warps=4
SingleProcess AUTOTUNE benchmarking takes 0.3017 seconds and 0.0004 seconds precompiling for 11 choices
.ssssAutotune Choices Stats:
{"num_choices": 11, "num_triton_choices": 11, "best_kernel": "triton_convolution2d_bwd_weight_224", "best_kernel_desc": "ALLOW_TF32=False, BLOCK_K=16, BLOCK_M=64, BLOCK_N=64, DILATION_H=1, DILATION_W=1, GROUPS=128, KERNEL_H=1, KERNEL_W=1, PADDING_H=1, PADDING_W=1, STRIDE_H=1, STRIDE_W=1, num_stages=2, num_warps=4", "best_time": 0.17372800409793854, "best_triton_pos": 0}
AUTOTUNE convolution_bwd_weight(2x128x16x16, 2x128x18x18)
strides: [s13**2*s37, s13**2, s13, 1], [s32**2*s37, s32**2, s32, 1]
dtypes: torch.float32, torch.float32
  triton_convolution2d_bwd_weight_224 0.1737 ms 100.0% ALLOW_TF32=False, BLOCK_K=16, BLOCK_M=64, BLOCK_N=64, DILATION_H=1, DILATION_W=1, GROUPS=128, KERNEL_H=1, KERNEL_W=1, PADDING_H=1, PADDING_W=1, STRIDE_H=1, STRIDE_W=1, num_stages=2, num_warps=4
  triton_convolution2d_bwd_weight_225 0.2829 ms 61.4% ALLOW_TF32=False, BLOCK_K=16, BLOCK_M=64, BLOCK_N=128, DILATION_H=1, DILATION_W=1, GROUPS=128, KERNEL_H=1, KERNEL_W=1, PADDING_H=1, PADDING_W=1, STRIDE_H=1, STRIDE_W=1, num_stages=2, num_warps=8
  triton_convolution2d_bwd_weight_229 0.3145 ms 55.2% ALLOW_TF32=False, BLOCK_K=16, BLOCK_M=128, BLOCK_N=64, DILATION_H=1, DILATION_W=1, GROUPS=128, KERNEL_H=1, KERNEL_W=1, PADDING_H=1, PADDING_W=1, STRIDE_H=1, STRIDE_W=1, num_stages=4, num_warps=4
  triton_convolution2d_bwd_weight_228 0.3213 ms 54.1% ALLOW_TF32=False, BLOCK_K=16, BLOCK_M=64, BLOCK_N=128, DILATION_H=1, DILATION_W=1, GROUPS=128, KERNEL_H=1, KERNEL_W=1, PADDING_H=1, PADDING_W=1, STRIDE_H=1, STRIDE_W=1, num_stages=4, num_warps=4
  triton_convolution2d_bwd_weight_220 0.3847 ms 45.2% ALLOW_TF32=False, BLOCK_K=16, BLOCK_M=64, BLOCK_N=128, DILATION_H=1, DILATION_W=1, GROUPS=128, KERNEL_H=1, KERNEL_W=1, PADDING_H=1, PADDING_W=1, STRIDE_H=1, STRIDE_W=1, num_stages=2, num_warps=4
  triton_convolution2d_bwd_weight_227 0.3909 ms 44.4% ALLOW_TF32=False, BLOCK_K=16, BLOCK_M=128, BLOCK_N=128, DILATION_H=1, DILATION_W=1, GROUPS=128, KERNEL_H=1, KERNEL_W=1, PADDING_H=1, PADDING_W=1, STRIDE_H=1, STRIDE_W=1, num_stages=3, num_warps=8
  triton_convolution2d_bwd_weight_226 0.4989 ms 34.8% ALLOW_TF32=False, BLOCK_K=16, BLOCK_M=256, BLOCK_N=64, DILATION_H=1, DILATION_W=1, GROUPS=128, KERNEL_H=1, KERNEL_W=1, PADDING_H=1, PADDING_W=1, STRIDE_H=1, STRIDE_W=1, num_stages=2, num_warps=8
  triton_convolution2d_bwd_weight_223 0.5065 ms 34.3% ALLOW_TF32=False, BLOCK_K=16, BLOCK_M=128, BLOCK_N=128, DILATION_H=1, DILATION_W=1, GROUPS=128, KERNEL_H=1, KERNEL_W=1, PADDING_H=1, PADDING_W=1, STRIDE_H=1, STRIDE_W=1, num_stages=2, num_warps=8
  triton_convolution2d_bwd_weight_222 0.5089 ms 34.1% ALLOW_TF32=False, BLOCK_K=16, BLOCK_M=512, BLOCK_N=16, DILATION_H=1, DILATION_W=1, GROUPS=128, KERNEL_H=1, KERNEL_W=1, PADDING_H=1, PADDING_W=1, STRIDE_H=1, STRIDE_W=1, num_stages=1, num_warps=8
  triton_convolution2d_bwd_weight_221 0.5623 ms 30.9% ALLOW_TF32=False, BLOCK_K=16, BLOCK_M=256, BLOCK_N=64, DILATION_H=1, DILATION_W=1, GROUPS=128, KERNEL_H=1, KERNEL_W=1, PADDING_H=1, PADDING_W=1, STRIDE_H=1, STRIDE_W=1, num_stages=2, num_warps=4
SingleProcess AUTOTUNE benchmarking takes 0.5894 seconds and 12.4551 seconds precompiling for 11 choices
Autotune Choices Stats:
{"num_choices": 11, "num_triton_choices": 11, "best_kernel": "triton_convolution2d_bwd_input_233", "best_kernel_desc": "ALLOW_TF32=False, BLOCK_K=16, BLOCK_M=512, BLOCK_N=16, DILATION_H=1, DILATION_W=1, GROUPS=128, KERNEL_H=1, KERNEL_W=1, PADDING_H=1, PADDING_W=1, STRIDE_H=1, STRIDE_W=1, num_stages=1, num_warps=8", "best_time": 0.015519999898970127, "best_triton_pos": 0}
AUTOTUNE convolution_bwd_input(2x128x18x18, 128x1x1x1)
strides: [s32**2*s37, s32**2, s32, 1], [1, 1, 1, 1]
dtypes: torch.float32, torch.float32
  triton_convolution2d_bwd_input_233 0.0155 ms 100.0% ALLOW_TF32=False, BLOCK_K=16, BLOCK_M=512, BLOCK_N=16, DILATION_H=1, DILATION_W=1, GROUPS=128, KERNEL_H=1, KERNEL_W=1, PADDING_H=1, PADDING_W=1, STRIDE_H=1, STRIDE_W=1, num_stages=1, num_warps=8
  triton_convolution2d_bwd_input_235 0.0162 ms 95.7% ALLOW_TF32=False, BLOCK_K=16, BLOCK_M=64, BLOCK_N=64, DILATION_H=1, DILATION_W=1, GROUPS=128, KERNEL_H=1, KERNEL_W=1, PADDING_H=1, PADDING_W=1, STRIDE_H=1, STRIDE_W=1, num_stages=2, num_warps=4
  triton_convolution2d_bwd_input_240 0.0165 ms 94.0% ALLOW_TF32=False, BLOCK_K=16, BLOCK_M=128, BLOCK_N=64, DILATION_H=1, DILATION_W=1, GROUPS=128, KERNEL_H=1, KERNEL_W=1, PADDING_H=1, PADDING_W=1, STRIDE_H=1, STRIDE_W=1, num_stages=4, num_warps=4
  triton_convolution2d_bwd_input_237 0.0201 ms 77.4% ALLOW_TF32=False, BLOCK_K=16, BLOCK_M=256, BLOCK_N=64, DILATION_H=1, DILATION_W=1, GROUPS=128, KERNEL_H=1, KERNEL_W=1, PADDING_H=1, PADDING_W=1, STRIDE_H=1, STRIDE_W=1, num_stages=2, num_warps=8
  triton_convolution2d_bwd_input_232 0.0204 ms 76.1% ALLOW_TF32=False, BLOCK_K=16, BLOCK_M=256, BLOCK_N=64, DILATION_H=1, DILATION_W=1, GROUPS=128, KERNEL_H=1, KERNEL_W=1, PADDING_H=1, PADDING_W=1, STRIDE_H=1, STRIDE_W=1, num_stages=2, num_warps=4
  triton_convolution2d_bwd_input_231 0.0241 ms 64.3% ALLOW_TF32=False, BLOCK_K=16, BLOCK_M=64, BLOCK_N=128, DILATION_H=1, DILATION_W=1, GROUPS=128, KERNEL_H=1, KERNEL_W=1, PADDING_H=1, PADDING_W=1, STRIDE_H=1, STRIDE_W=1, num_stages=2, num_warps=4
  triton_convolution2d_bwd_input_236 0.0253 ms 61.4% ALLOW_TF32=False, BLOCK_K=16, BLOCK_M=64, BLOCK_N=128, DILATION_H=1, DILATION_W=1, GROUPS=128, KERNEL_H=1, KERNEL_W=1, PADDING_H=1, PADDING_W=1, STRIDE_H=1, STRIDE_W=1, num_stages=2, num_warps=8
  triton_convolution2d_bwd_input_238 0.0274 ms 56.6% ALLOW_TF32=False, BLOCK_K=16, BLOCK_M=128, BLOCK_N=128, DILATION_H=1, DILATION_W=1, GROUPS=128, KERNEL_H=1, KERNEL_W=1, PADDING_H=1, PADDING_W=1, STRIDE_H=1, STRIDE_W=1, num_stages=3, num_warps=8
  triton_convolution2d_bwd_input_234 0.0277 ms 56.0% ALLOW_TF32=False, BLOCK_K=16, BLOCK_M=128, BLOCK_N=128, DILATION_H=1, DILATION_W=1, GROUPS=128, KERNEL_H=1, KERNEL_W=1, PADDING_H=1, PADDING_W=1, STRIDE_H=1, STRIDE_W=1, num_stages=2, num_warps=8
  triton_convolution2d_bwd_input_241 0.0338 ms 45.9% ALLOW_TF32=False, BLOCK_K=16, BLOCK_M=256, BLOCK_N=128, DILATION_H=1, DILATION_W=1, GROUPS=128, KERNEL_H=1, KERNEL_W=1, PADDING_H=1, PADDING_W=1, STRIDE_H=1, STRIDE_W=1, num_stages=2, num_warps=8
SingleProcess AUTOTUNE benchmarking takes 0.2908 seconds and 0.0005 seconds precompiling for 11 choices
.Autotune Choices Stats:
{"num_choices": 11, "num_triton_choices": 11, "best_kernel": "triton_convolution2d_bwd_weight_246", "best_kernel_desc": "ALLOW_TF32=False, BLOCK_K=16, BLOCK_M=64, BLOCK_N=64, DILATION_H=1, DILATION_W=1, GROUPS=128, KERNEL_H=1, KERNEL_W=1, PADDING_H=1, PADDING_W=1, STRIDE_H=1, STRIDE_W=1, num_stages=2, num_warps=4", "best_time": 0.150176003575325, "best_triton_pos": 0}
AUTOTUNE convolution_bwd_weight(2x128x16x16, 2x128x18x18)
strides: [s13**2*s37, s13**2, s13, 1], [s32**2*s37, s32**2, s32, 1]
dtypes: torch.float32, torch.float32
  triton_convolution2d_bwd_weight_246 0.1502 ms 100.0% ALLOW_TF32=False, BLOCK_K=16, BLOCK_M=64, BLOCK_N=64, DILATION_H=1, DILATION_W=1, GROUPS=128, KERNEL_H=1, KERNEL_W=1, PADDING_H=1, PADDING_W=1, STRIDE_H=1, STRIDE_W=1, num_stages=2, num_warps=4
  triton_convolution2d_bwd_weight_247 0.2826 ms 53.1% ALLOW_TF32=False, BLOCK_K=16, BLOCK_M=64, BLOCK_N=128, DILATION_H=1, DILATION_W=1, GROUPS=128, KERNEL_H=1, KERNEL_W=1, PADDING_H=1, PADDING_W=1, STRIDE_H=1, STRIDE_W=1, num_stages=2, num_warps=8
  triton_convolution2d_bwd_weight_251 0.3142 ms 47.8% ALLOW_TF32=False, BLOCK_K=16, BLOCK_M=128, BLOCK_N=64, DILATION_H=1, DILATION_W=1, GROUPS=128, KERNEL_H=1, KERNEL_W=1, PADDING_H=1, PADDING_W=1, STRIDE_H=1, STRIDE_W=1, num_stages=4, num_warps=4
  triton_convolution2d_bwd_weight_250 0.3212 ms 46.7% ALLOW_TF32=False, BLOCK_K=16, BLOCK_M=64, BLOCK_N=128, DILATION_H=1, DILATION_W=1, GROUPS=128, KERNEL_H=1, KERNEL_W=1, PADDING_H=1, PADDING_W=1, STRIDE_H=1, STRIDE_W=1, num_stages=4, num_warps=4
  triton_convolution2d_bwd_weight_242 0.3845 ms 39.1% ALLOW_TF32=False, BLOCK_K=16, BLOCK_M=64, BLOCK_N=128, DILATION_H=1, DILATION_W=1, GROUPS=128, KERNEL_H=1, KERNEL_W=1, PADDING_H=1, PADDING_W=1, STRIDE_H=1, STRIDE_W=1, num_stages=2, num_warps=4
  triton_convolution2d_bwd_weight_249 0.3911 ms 38.4% ALLOW_TF32=False, BLOCK_K=16, BLOCK_M=128, BLOCK_N=128, DILATION_H=1, DILATION_W=1, GROUPS=128, KERNEL_H=1, KERNEL_W=1, PADDING_H=1, PADDING_W=1, STRIDE_H=1, STRIDE_W=1, num_stages=3, num_warps=8
  triton_convolution2d_bwd_weight_248 0.4992 ms 30.1% ALLOW_TF32=False, BLOCK_K=16, BLOCK_M=256, BLOCK_N=64, DILATION_H=1, DILATION_W=1, GROUPS=128, KERNEL_H=1, KERNEL_W=1, PADDING_H=1, PADDING_W=1, STRIDE_H=1, STRIDE_W=1, num_stages=2, num_warps=8
  triton_convolution2d_bwd_weight_245 0.5386 ms 27.9% ALLOW_TF32=False, BLOCK_K=16, BLOCK_M=128, BLOCK_N=128, DILATION_H=1, DILATION_W=1, GROUPS=128, KERNEL_H=1, KERNEL_W=1, PADDING_H=1, PADDING_W=1, STRIDE_H=1, STRIDE_W=1, num_stages=2, num_warps=8
  triton_convolution2d_bwd_weight_244 0.5417 ms 27.7% ALLOW_TF32=False, BLOCK_K=16, BLOCK_M=512, BLOCK_N=16, DILATION_H=1, DILATION_W=1, GROUPS=128, KERNEL_H=1, KERNEL_W=1, PADDING_H=1, PADDING_W=1, STRIDE_H=1, STRIDE_W=1, num_stages=1, num_warps=8
  triton_convolution2d_bwd_weight_243 0.5623 ms 26.7% ALLOW_TF32=False, BLOCK_K=16, BLOCK_M=256, BLOCK_N=64, DILATION_H=1, DILATION_W=1, GROUPS=128, KERNEL_H=1, KERNEL_W=1, PADDING_H=1, PADDING_W=1, STRIDE_H=1, STRIDE_W=1, num_stages=2, num_warps=4
SingleProcess AUTOTUNE benchmarking takes 0.5367 seconds and 12.4534 seconds precompiling for 11 choices
Autotune Choices Stats:
{"num_choices": 11, "num_triton_choices": 11, "best_kernel": "triton_convolution2d_bwd_input_255", "best_kernel_desc": "ALLOW_TF32=False, BLOCK_K=16, BLOCK_M=512, BLOCK_N=16, DILATION_H=1, DILATION_W=1, GROUPS=128, KERNEL_H=1, KERNEL_W=1, PADDING_H=1, PADDING_W=1, STRIDE_H=1, STRIDE_W=1, num_stages=1, num_warps=8", "best_time": 0.015552000142633915, "best_triton_pos": 0}
AUTOTUNE convolution_bwd_input(2x128x18x18, 128x1x1x1)
strides: [s32**2*s37, s32**2, s32, 1], [1, 1, 1, 1]
dtypes: torch.float32, torch.float32
  triton_convolution2d_bwd_input_255 0.0156 ms 100.0% ALLOW_TF32=False, BLOCK_K=16, BLOCK_M=512, BLOCK_N=16, DILATION_H=1, DILATION_W=1, GROUPS=128, KERNEL_H=1, KERNEL_W=1, PADDING_H=1, PADDING_W=1, STRIDE_H=1, STRIDE_W=1, num_stages=1, num_warps=8
  triton_convolution2d_bwd_input_257 0.0160 ms 97.4% ALLOW_TF32=False, BLOCK_K=16, BLOCK_M=64, BLOCK_N=64, DILATION_H=1, DILATION_W=1, GROUPS=128, KERNEL_H=1, KERNEL_W=1, PADDING_H=1, PADDING_W=1, STRIDE_H=1, STRIDE_W=1, num_stages=2, num_warps=4
  triton_convolution2d_bwd_input_262 0.0163 ms 95.3% ALLOW_TF32=False, BLOCK_K=16, BLOCK_M=128, BLOCK_N=64, DILATION_H=1, DILATION_W=1, GROUPS=128, KERNEL_H=1, KERNEL_W=1, PADDING_H=1, PADDING_W=1, STRIDE_H=1, STRIDE_W=1, num_stages=4, num_warps=4
  triton_convolution2d_bwd_input_259 0.0203 ms 76.8% ALLOW_TF32=False, BLOCK_K=16, BLOCK_M=256, BLOCK_N=64, DILATION_H=1, DILATION_W=1, GROUPS=128, KERNEL_H=1, KERNEL_W=1, PADDING_H=1, PADDING_W=1, STRIDE_H=1, STRIDE_W=1, num_stages=2, num_warps=8
  triton_convolution2d_bwd_input_254 0.0205 ms 75.9% ALLOW_TF32=False, BLOCK_K=16, BLOCK_M=256, BLOCK_N=64, DILATION_H=1, DILATION_W=1, GROUPS=128, KERNEL_H=1, KERNEL_W=1, PADDING_H=1, PADDING_W=1, STRIDE_H=1, STRIDE_W=1, num_stages=2, num_warps=4
  triton_convolution2d_bwd_input_261 0.0243 ms 63.9% ALLOW_TF32=False, BLOCK_K=16, BLOCK_M=64, BLOCK_N=128, DILATION_H=1, DILATION_W=1, GROUPS=128, KERNEL_H=1, KERNEL_W=1, PADDING_H=1, PADDING_W=1, STRIDE_H=1, STRIDE_W=1, num_stages=4, num_warps=4
  triton_convolution2d_bwd_input_253 0.0244 ms 63.9% ALLOW_TF32=False, BLOCK_K=16, BLOCK_M=64, BLOCK_N=128, DILATION_H=1, DILATION_W=1, GROUPS=128, KERNEL_H=1, KERNEL_W=1, PADDING_H=1, PADDING_W=1, STRIDE_H=1, STRIDE_W=1, num_stages=2, num_warps=4
  triton_convolution2d_bwd_input_258 0.0252 ms 61.8% ALLOW_TF32=False, BLOCK_K=16, BLOCK_M=64, BLOCK_N=128, DILATION_H=1, DILATION_W=1, GROUPS=128, KERNEL_H=1, KERNEL_W=1, PADDING_H=1, PADDING_W=1, STRIDE_H=1, STRIDE_W=1, num_stages=2, num_warps=8
  triton_convolution2d_bwd_input_256 0.0275 ms 56.5% ALLOW_TF32=False, BLOCK_K=16, BLOCK_M=128, BLOCK_N=128, DILATION_H=1, DILATION_W=1, GROUPS=128, KERNEL_H=1, KERNEL_W=1, PADDING_H=1, PADDING_W=1, STRIDE_H=1, STRIDE_W=1, num_stages=2, num_warps=8
  triton_convolution2d_bwd_input_260 0.0276 ms 56.4% ALLOW_TF32=False, BLOCK_K=16, BLOCK_M=128, BLOCK_N=128, DILATION_H=1, DILATION_W=1, GROUPS=128, KERNEL_H=1, KERNEL_W=1, PADDING_H=1, PADDING_W=1, STRIDE_H=1, STRIDE_W=1, num_stages=3, num_warps=8
SingleProcess AUTOTUNE benchmarking takes 0.2875 seconds and 0.0006 seconds precompiling for 11 choices
.ssssAutotune Choices Stats:
{"num_choices": 11, "num_triton_choices": 11, "best_kernel": "triton_convolution2d_bwd_weight_268", "best_kernel_desc": "ALLOW_TF32=False, BLOCK_K=16, BLOCK_M=64, BLOCK_N=64, DILATION_H=1, DILATION_W=1, GROUPS=4, KERNEL_H=3, KERNEL_W=3, PADDING_H=1, PADDING_W=1, STRIDE_H=1, STRIDE_W=1, num_stages=2, num_warps=4", "best_time": 0.12003199756145477, "best_triton_pos": 0}
AUTOTUNE convolution_bwd_weight(2x4x16x16, 2x128x16x16)
strides: [s32**2*s37, s32**2, s32, 1], [s32**2*s38, s32**2, s32, 1]
dtypes: torch.float32, torch.float32
  triton_convolution2d_bwd_weight_268 0.1200 ms 100.0% ALLOW_TF32=False, BLOCK_K=16, BLOCK_M=64, BLOCK_N=64, DILATION_H=1, DILATION_W=1, GROUPS=4, KERNEL_H=3, KERNEL_W=3, PADDING_H=1, PADDING_W=1, STRIDE_H=1, STRIDE_W=1, num_stages=2, num_warps=4
  triton_convolution2d_bwd_weight_273 0.1891 ms 63.5% ALLOW_TF32=False, BLOCK_K=16, BLOCK_M=128, BLOCK_N=64, DILATION_H=1, DILATION_W=1, GROUPS=4, KERNEL_H=3, KERNEL_W=3, PADDING_H=1, PADDING_W=1, STRIDE_H=1, STRIDE_W=1, num_stages=4, num_warps=4
  triton_convolution2d_bwd_weight_269 0.2003 ms 59.9% ALLOW_TF32=False, BLOCK_K=16, BLOCK_M=64, BLOCK_N=128, DILATION_H=1, DILATION_W=1, GROUPS=4, KERNEL_H=3, KERNEL_W=3, PADDING_H=1, PADDING_W=1, STRIDE_H=1, STRIDE_W=1, num_stages=2, num_warps=8
  triton_convolution2d_bwd_weight_271 0.2068 ms 58.0% ALLOW_TF32=False, BLOCK_K=16, BLOCK_M=128, BLOCK_N=128, DILATION_H=1, DILATION_W=1, GROUPS=4, KERNEL_H=3, KERNEL_W=3, PADDING_H=1, PADDING_W=1, STRIDE_H=1, STRIDE_W=1, num_stages=3, num_warps=8
  triton_convolution2d_bwd_weight_272 0.2099 ms 57.2% ALLOW_TF32=False, BLOCK_K=16, BLOCK_M=64, BLOCK_N=128, DILATION_H=1, DILATION_W=1, GROUPS=4, KERNEL_H=3, KERNEL_W=3, PADDING_H=1, PADDING_W=1, STRIDE_H=1, STRIDE_W=1, num_stages=4, num_warps=4
  triton_convolution2d_bwd_weight_266 0.2468 ms 48.6% ALLOW_TF32=False, BLOCK_K=16, BLOCK_M=512, BLOCK_N=16, DILATION_H=1, DILATION_W=1, GROUPS=4, KERNEL_H=3, KERNEL_W=3, PADDING_H=1, PADDING_W=1, STRIDE_H=1, STRIDE_W=1, num_stages=1, num_warps=8
  triton_convolution2d_bwd_weight_267 0.2595 ms 46.3% ALLOW_TF32=False, BLOCK_K=16, BLOCK_M=128, BLOCK_N=128, DILATION_H=1, DILATION_W=1, GROUPS=4, KERNEL_H=3, KERNEL_W=3, PADDING_H=1, PADDING_W=1, STRIDE_H=1, STRIDE_W=1, num_stages=2, num_warps=8
  triton_convolution2d_bwd_weight_264 0.2704 ms 44.4% ALLOW_TF32=False, BLOCK_K=16, BLOCK_M=64, BLOCK_N=128, DILATION_H=1, DILATION_W=1, GROUPS=4, KERNEL_H=3, KERNEL_W=3, PADDING_H=1, PADDING_W=1, STRIDE_H=1, STRIDE_W=1, num_stages=2, num_warps=4
  triton_convolution2d_bwd_weight_270 0.2860 ms 42.0% ALLOW_TF32=False, BLOCK_K=16, BLOCK_M=256, BLOCK_N=64, DILATION_H=1, DILATION_W=1, GROUPS=4, KERNEL_H=3, KERNEL_W=3, PADDING_H=1, PADDING_W=1, STRIDE_H=1, STRIDE_W=1, num_stages=2, num_warps=8
  triton_convolution2d_bwd_weight_265 0.3341 ms 35.9% ALLOW_TF32=False, BLOCK_K=16, BLOCK_M=256, BLOCK_N=64, DILATION_H=1, DILATION_W=1, GROUPS=4, KERNEL_H=3, KERNEL_W=3, PADDING_H=1, PADDING_W=1, STRIDE_H=1, STRIDE_W=1, num_stages=2, num_warps=4
SingleProcess AUTOTUNE benchmarking takes 0.5250 seconds and 14.9632 seconds precompiling for 11 choices
Autotune Choices Stats:
{"num_choices": 11, "num_triton_choices": 11, "best_kernel": "triton_convolution2d_bwd_input_279", "best_kernel_desc": "ALLOW_TF32=False, BLOCK_K=16, BLOCK_M=64, BLOCK_N=64, DILATION_H=1, DILATION_W=1, GROUPS=4, KERNEL_H=3, KERNEL_W=3, PADDING_H=1, PADDING_W=1, STRIDE_H=1, STRIDE_W=1, num_stages=2, num_warps=4", "best_time": 0.044895999133586884, "best_triton_pos": 0}
AUTOTUNE convolution_bwd_input(2x128x16x16, 128x1x3x3)
strides: [s32**2*s38, s32**2, s32, 1], [s18**2, s18**2, s18, 1]
dtypes: torch.float32, torch.float32
  triton_convolution2d_bwd_input_279 0.0449 ms 100.0% ALLOW_TF32=False, BLOCK_K=16, BLOCK_M=64, BLOCK_N=64, DILATION_H=1, DILATION_W=1, GROUPS=4, KERNEL_H=3, KERNEL_W=3, PADDING_H=1, PADDING_W=1, STRIDE_H=1, STRIDE_W=1, num_stages=2, num_warps=4
  triton_convolution2d_bwd_input_283 0.0512 ms 87.7% ALLOW_TF32=False, BLOCK_K=16, BLOCK_M=64, BLOCK_N=128, DILATION_H=1, DILATION_W=1, GROUPS=4, KERNEL_H=3, KERNEL_W=3, PADDING_H=1, PADDING_W=1, STRIDE_H=1, STRIDE_W=1, num_stages=4, num_warps=4
  triton_convolution2d_bwd_input_275 0.0515 ms 87.2% ALLOW_TF32=False, BLOCK_K=16, BLOCK_M=64, BLOCK_N=128, DILATION_H=1, DILATION_W=1, GROUPS=4, KERNEL_H=3, KERNEL_W=3, PADDING_H=1, PADDING_W=1, STRIDE_H=1, STRIDE_W=1, num_stages=2, num_warps=4
  triton_convolution2d_bwd_input_280 0.0620 ms 72.4% ALLOW_TF32=False, BLOCK_K=16, BLOCK_M=64, BLOCK_N=128, DILATION_H=1, DILATION_W=1, GROUPS=4, KERNEL_H=3, KERNEL_W=3, PADDING_H=1, PADDING_W=1, STRIDE_H=1, STRIDE_W=1, num_stages=2, num_warps=8
  triton_convolution2d_bwd_input_284 0.0712 ms 63.0% ALLOW_TF32=False, BLOCK_K=16, BLOCK_M=128, BLOCK_N=64, DILATION_H=1, DILATION_W=1, GROUPS=4, KERNEL_H=3, KERNEL_W=3, PADDING_H=1, PADDING_W=1, STRIDE_H=1, STRIDE_W=1, num_stages=4, num_warps=4
  triton_convolution2d_bwd_input_277 0.0823 ms 54.6% ALLOW_TF32=False, BLOCK_K=16, BLOCK_M=512, BLOCK_N=16, DILATION_H=1, DILATION_W=1, GROUPS=4, KERNEL_H=3, KERNEL_W=3, PADDING_H=1, PADDING_W=1, STRIDE_H=1, STRIDE_W=1, num_stages=1, num_warps=8
  triton_convolution2d_bwd_input_278 0.1025 ms 43.8% ALLOW_TF32=False, BLOCK_K=16, BLOCK_M=128, BLOCK_N=128, DILATION_H=1, DILATION_W=1, GROUPS=4, KERNEL_H=3, KERNEL_W=3, PADDING_H=1, PADDING_W=1, STRIDE_H=1, STRIDE_W=1, num_stages=2, num_warps=8
  triton_convolution2d_bwd_input_282 0.1044 ms 43.0% ALLOW_TF32=False, BLOCK_K=16, BLOCK_M=128, BLOCK_N=128, DILATION_H=1, DILATION_W=1, GROUPS=4, KERNEL_H=3, KERNEL_W=3, PADDING_H=1, PADDING_W=1, STRIDE_H=1, STRIDE_W=1, num_stages=3, num_warps=8
  triton_convolution2d_bwd_input_276 0.1190 ms 37.7% ALLOW_TF32=False, BLOCK_K=16, BLOCK_M=256, BLOCK_N=64, DILATION_H=1, DILATION_W=1, GROUPS=4, KERNEL_H=3, KERNEL_W=3, PADDING_H=1, PADDING_W=1, STRIDE_H=1, STRIDE_W=1, num_stages=2, num_warps=4
  triton_convolution2d_bwd_input_281 0.1198 ms 37.5% ALLOW_TF32=False, BLOCK_K=16, BLOCK_M=256, BLOCK_N=64, DILATION_H=1, DILATION_W=1, GROUPS=4, KERNEL_H=3, KERNEL_W=3, PADDING_H=1, PADDING_W=1, STRIDE_H=1, STRIDE_W=1, num_stages=2, num_warps=8
SingleProcess AUTOTUNE benchmarking takes 0.3622 seconds and 0.0006 seconds precompiling for 11 choices
.Autotune Choices Stats:
{"num_choices": 11, "num_triton_choices": 11, "best_kernel": "triton_convolution2d_bwd_weight_290", "best_kernel_desc": "ALLOW_TF32=False, BLOCK_K=16, BLOCK_M=64, BLOCK_N=64, DILATION_H=1, DILATION_W=1, GROUPS=4, KERNEL_H=3, KERNEL_W=3, PADDING_H=1, PADDING_W=1, STRIDE_H=1, STRIDE_W=1, num_stages=2, num_warps=4", "best_time": 0.09052799642086029, "best_triton_pos": 0}
AUTOTUNE convolution_bwd_weight(2x4x16x16, 2x128x16x16)
strides: [s32**2*s37, s32, s32*s37, 1], [s32**2*s38, s32, s32*s38, 1]
dtypes: torch.float32, torch.float32
  triton_convolution2d_bwd_weight_290 0.0905 ms 100.0% ALLOW_TF32=False, BLOCK_K=16, BLOCK_M=64, BLOCK_N=64, DILATION_H=1, DILATION_W=1, GROUPS=4, KERNEL_H=3, KERNEL_W=3, PADDING_H=1, PADDING_W=1, STRIDE_H=1, STRIDE_W=1, num_stages=2, num_warps=4
  triton_convolution2d_bwd_weight_291 0.1430 ms 63.3% ALLOW_TF32=False, BLOCK_K=16, BLOCK_M=64, BLOCK_N=128, DILATION_H=1, DILATION_W=1, GROUPS=4, KERNEL_H=3, KERNEL_W=3, PADDING_H=1, PADDING_W=1, STRIDE_H=1, STRIDE_W=1, num_stages=2, num_warps=8
  triton_convolution2d_bwd_weight_293 0.1759 ms 51.5% ALLOW_TF32=False, BLOCK_K=16, BLOCK_M=128, BLOCK_N=128, DILATION_H=1, DILATION_W=1, GROUPS=4, KERNEL_H=3, KERNEL_W=3, PADDING_H=1, PADDING_W=1, STRIDE_H=1, STRIDE_W=1, num_stages=3, num_warps=8
  triton_convolution2d_bwd_weight_295 0.1777 ms 50.9% ALLOW_TF32=False, BLOCK_K=16, BLOCK_M=128, BLOCK_N=64, DILATION_H=1, DILATION_W=1, GROUPS=4, KERNEL_H=3, KERNEL_W=3, PADDING_H=1, PADDING_W=1, STRIDE_H=1, STRIDE_W=1, num_stages=4, num_warps=4
  triton_convolution2d_bwd_weight_294 0.1866 ms 48.5% ALLOW_TF32=False, BLOCK_K=16, BLOCK_M=64, BLOCK_N=128, DILATION_H=1, DILATION_W=1, GROUPS=4, KERNEL_H=3, KERNEL_W=3, PADDING_H=1, PADDING_W=1, STRIDE_H=1, STRIDE_W=1, num_stages=4, num_warps=4
  triton_convolution2d_bwd_weight_289 0.1873 ms 48.3% ALLOW_TF32=False, BLOCK_K=16, BLOCK_M=128, BLOCK_N=128, DILATION_H=1, DILATION_W=1, GROUPS=4, KERNEL_H=3, KERNEL_W=3, PADDING_H=1, PADDING_W=1, STRIDE_H=1, STRIDE_W=1, num_stages=2, num_warps=8
  triton_convolution2d_bwd_weight_288 0.2064 ms 43.9% ALLOW_TF32=False, BLOCK_K=16, BLOCK_M=512, BLOCK_N=16, DILATION_H=1, DILATION_W=1, GROUPS=4, KERNEL_H=3, KERNEL_W=3, PADDING_H=1, PADDING_W=1, STRIDE_H=1, STRIDE_W=1, num_stages=1, num_warps=8
  triton_convolution2d_bwd_weight_286 0.2328 ms 38.9% ALLOW_TF32=False, BLOCK_K=16, BLOCK_M=64, BLOCK_N=128, DILATION_H=1, DILATION_W=1, GROUPS=4, KERNEL_H=3, KERNEL_W=3, PADDING_H=1, PADDING_W=1, STRIDE_H=1, STRIDE_W=1, num_stages=2, num_warps=4
  triton_convolution2d_bwd_weight_292 0.2525 ms 35.9% ALLOW_TF32=False, BLOCK_K=16, BLOCK_M=256, BLOCK_N=64, DILATION_H=1, DILATION_W=1, GROUPS=4, KERNEL_H=3, KERNEL_W=3, PADDING_H=1, PADDING_W=1, STRIDE_H=1, STRIDE_W=1, num_stages=2, num_warps=8
  triton_convolution2d_bwd_weight_287 0.3490 ms 25.9% ALLOW_TF32=False, BLOCK_K=16, BLOCK_M=256, BLOCK_N=64, DILATION_H=1, DILATION_W=1, GROUPS=4, KERNEL_H=3, KERNEL_W=3, PADDING_H=1, PADDING_W=1, STRIDE_H=1, STRIDE_W=1, num_stages=2, num_warps=4
SingleProcess AUTOTUNE benchmarking takes 0.4963 seconds and 14.9103 seconds precompiling for 11 choices
Autotune Choices Stats:
{"num_choices": 11, "num_triton_choices": 11, "best_kernel": "triton_convolution2d_bwd_input_301", "best_kernel_desc": "ALLOW_TF32=False, BLOCK_K=16, BLOCK_M=64, BLOCK_N=64, DILATION_H=1, DILATION_W=1, GROUPS=4, KERNEL_H=3, KERNEL_W=3, PADDING_H=1, PADDING_W=1, STRIDE_H=1, STRIDE_W=1, num_stages=2, num_warps=4", "best_time": 0.047488000243902206, "best_triton_pos": 0}
AUTOTUNE convolution_bwd_input(2x128x16x16, 128x1x3x3)
strides: [s32**2*s38, 1, s32*s38, s38], [s18**2, 1, s18, 1]
dtypes: torch.float32, torch.float32
  triton_convolution2d_bwd_input_301 0.0475 ms 100.0% ALLOW_TF32=False, BLOCK_K=16, BLOCK_M=64, BLOCK_N=64, DILATION_H=1, DILATION_W=1, GROUPS=4, KERNEL_H=3, KERNEL_W=3, PADDING_H=1, PADDING_W=1, STRIDE_H=1, STRIDE_W=1, num_stages=2, num_warps=4
  triton_convolution2d_bwd_input_297 0.0586 ms 81.1% ALLOW_TF32=False, BLOCK_K=16, BLOCK_M=64, BLOCK_N=128, DILATION_H=1, DILATION_W=1, GROUPS=4, KERNEL_H=3, KERNEL_W=3, PADDING_H=1, PADDING_W=1, STRIDE_H=1, STRIDE_W=1, num_stages=2, num_warps=4
  triton_convolution2d_bwd_input_305 0.0688 ms 69.0% ALLOW_TF32=False, BLOCK_K=16, BLOCK_M=64, BLOCK_N=128, DILATION_H=1, DILATION_W=1, GROUPS=4, KERNEL_H=3, KERNEL_W=3, PADDING_H=1, PADDING_W=1, STRIDE_H=1, STRIDE_W=1, num_stages=4, num_warps=4
  triton_convolution2d_bwd_input_302 0.0704 ms 67.5% ALLOW_TF32=False, BLOCK_K=16, BLOCK_M=64, BLOCK_N=128, DILATION_H=1, DILATION_W=1, GROUPS=4, KERNEL_H=3, KERNEL_W=3, PADDING_H=1, PADDING_W=1, STRIDE_H=1, STRIDE_W=1, num_stages=2, num_warps=8
  triton_convolution2d_bwd_input_306 0.0772 ms 61.5% ALLOW_TF32=False, BLOCK_K=16, BLOCK_M=128, BLOCK_N=64, DILATION_H=1, DILATION_W=1, GROUPS=4, KERNEL_H=3, KERNEL_W=3, PADDING_H=1, PADDING_W=1, STRIDE_H=1, STRIDE_W=1, num_stages=4, num_warps=4
  triton_convolution2d_bwd_input_299 0.0960 ms 49.5% ALLOW_TF32=False, BLOCK_K=16, BLOCK_M=512, BLOCK_N=16, DILATION_H=1, DILATION_W=1, GROUPS=4, KERNEL_H=3, KERNEL_W=3, PADDING_H=1, PADDING_W=1, STRIDE_H=1, STRIDE_W=1, num_stages=1, num_warps=8
  triton_convolution2d_bwd_input_300 0.1088 ms 43.7% ALLOW_TF32=False, BLOCK_K=16, BLOCK_M=128, BLOCK_N=128, DILATION_H=1, DILATION_W=1, GROUPS=4, KERNEL_H=3, KERNEL_W=3, PADDING_H=1, PADDING_W=1, STRIDE_H=1, STRIDE_W=1, num_stages=2, num_warps=8
  triton_convolution2d_bwd_input_304 0.1105 ms 43.0% ALLOW_TF32=False, BLOCK_K=16, BLOCK_M=128, BLOCK_N=128, DILATION_H=1, DILATION_W=1, GROUPS=4, KERNEL_H=3, KERNEL_W=3, PADDING_H=1, PADDING_W=1, STRIDE_H=1, STRIDE_W=1, num_stages=3, num_warps=8
  triton_convolution2d_bwd_input_303 0.1109 ms 42.8% ALLOW_TF32=False, BLOCK_K=16, BLOCK_M=256, BLOCK_N=64, DILATION_H=1, DILATION_W=1, GROUPS=4, KERNEL_H=3, KERNEL_W=3, PADDING_H=1, PADDING_W=1, STRIDE_H=1, STRIDE_W=1, num_stages=2, num_warps=8
  triton_convolution2d_bwd_input_298 0.1319 ms 36.0% ALLOW_TF32=False, BLOCK_K=16, BLOCK_M=256, BLOCK_N=64, DILATION_H=1, DILATION_W=1, GROUPS=4, KERNEL_H=3, KERNEL_W=3, PADDING_H=1, PADDING_W=1, STRIDE_H=1, STRIDE_W=1, num_stages=2, num_warps=4
SingleProcess AUTOTUNE benchmarking takes 0.3741 seconds and 0.0006 seconds precompiling for 11 choices
.ssssAutotune Choices Stats:
{"num_choices": 11, "num_triton_choices": 11, "best_kernel": "triton_convolution2d_bwd_weight_312", "best_kernel_desc": "ALLOW_TF32=False, BLOCK_K=16, BLOCK_M=64, BLOCK_N=64, DILATION_H=1, DILATION_W=1, GROUPS=128, KERNEL_H=3, KERNEL_W=3, PADDING_H=1, PADDING_W=1, STRIDE_H=1, STRIDE_W=1, num_stages=2, num_warps=4", "best_time": 0.1189119964838028, "best_triton_pos": 0}
AUTOTUNE convolution_bwd_weight(2x128x16x16, 2x128x16x16)
strides: [s32**2*s37, s32**2, s32, 1], [s32**2*s37, s32**2, s32, 1]
dtypes: torch.float32, torch.float32
  triton_convolution2d_bwd_weight_312 0.1189 ms 100.0% ALLOW_TF32=False, BLOCK_K=16, BLOCK_M=64, BLOCK_N=64, DILATION_H=1, DILATION_W=1, GROUPS=128, KERNEL_H=3, KERNEL_W=3, PADDING_H=1, PADDING_W=1, STRIDE_H=1, STRIDE_W=1, num_stages=2, num_warps=4
  triton_convolution2d_bwd_weight_313 0.2245 ms 53.0% ALLOW_TF32=False, BLOCK_K=16, BLOCK_M=64, BLOCK_N=128, DILATION_H=1, DILATION_W=1, GROUPS=128, KERNEL_H=3, KERNEL_W=3, PADDING_H=1, PADDING_W=1, STRIDE_H=1, STRIDE_W=1, num_stages=2, num_warps=8
  triton_convolution2d_bwd_weight_317 0.2442 ms 48.7% ALLOW_TF32=False, BLOCK_K=16, BLOCK_M=128, BLOCK_N=64, DILATION_H=1, DILATION_W=1, GROUPS=128, KERNEL_H=3, KERNEL_W=3, PADDING_H=1, PADDING_W=1, STRIDE_H=1, STRIDE_W=1, num_stages=4, num_warps=4
  triton_convolution2d_bwd_weight_316 0.2492 ms 47.7% ALLOW_TF32=False, BLOCK_K=16, BLOCK_M=64, BLOCK_N=128, DILATION_H=1, DILATION_W=1, GROUPS=128, KERNEL_H=3, KERNEL_W=3, PADDING_H=1, PADDING_W=1, STRIDE_H=1, STRIDE_W=1, num_stages=4, num_warps=4
  triton_convolution2d_bwd_weight_308 0.2990 ms 39.8% ALLOW_TF32=False, BLOCK_K=16, BLOCK_M=64, BLOCK_N=128, DILATION_H=1, DILATION_W=1, GROUPS=128, KERNEL_H=3, KERNEL_W=3, PADDING_H=1, PADDING_W=1, STRIDE_H=1, STRIDE_W=1, num_stages=2, num_warps=4
  triton_convolution2d_bwd_weight_315 0.3172 ms 37.5% ALLOW_TF32=False, BLOCK_K=16, BLOCK_M=128, BLOCK_N=128, DILATION_H=1, DILATION_W=1, GROUPS=128, KERNEL_H=3, KERNEL_W=3, PADDING_H=1, PADDING_W=1, STRIDE_H=1, STRIDE_W=1, num_stages=3, num_warps=8
  triton_convolution2d_bwd_weight_311 0.4010 ms 29.7% ALLOW_TF32=False, BLOCK_K=16, BLOCK_M=128, BLOCK_N=128, DILATION_H=1, DILATION_W=1, GROUPS=128, KERNEL_H=3, KERNEL_W=3, PADDING_H=1, PADDING_W=1, STRIDE_H=1, STRIDE_W=1, num_stages=2, num_warps=8
  triton_convolution2d_bwd_weight_314 0.4582 ms 25.9% ALLOW_TF32=False, BLOCK_K=16, BLOCK_M=256, BLOCK_N=64, DILATION_H=1, DILATION_W=1, GROUPS=128, KERNEL_H=3, KERNEL_W=3, PADDING_H=1, PADDING_W=1, STRIDE_H=1, STRIDE_W=1, num_stages=2, num_warps=8
  triton_convolution2d_bwd_weight_309 0.4798 ms 24.8% ALLOW_TF32=False, BLOCK_K=16, BLOCK_M=256, BLOCK_N=64, DILATION_H=1, DILATION_W=1, GROUPS=128, KERNEL_H=3, KERNEL_W=3, PADDING_H=1, PADDING_W=1, STRIDE_H=1, STRIDE_W=1, num_stages=2, num_warps=4
  triton_convolution2d_bwd_weight_310 0.5712 ms 20.8% ALLOW_TF32=False, BLOCK_K=16, BLOCK_M=512, BLOCK_N=16, DILATION_H=1, DILATION_W=1, GROUPS=128, KERNEL_H=3, KERNEL_W=3, PADDING_H=1, PADDING_W=1, STRIDE_H=1, STRIDE_W=1, num_stages=1, num_warps=8
SingleProcess AUTOTUNE benchmarking takes 0.5552 seconds and 14.6235 seconds precompiling for 11 choices
Autotune Choices Stats:
{"num_choices": 11, "num_triton_choices": 11, "best_kernel": "triton_convolution2d_bwd_input_321", "best_kernel_desc": "ALLOW_TF32=False, BLOCK_K=16, BLOCK_M=512, BLOCK_N=16, DILATION_H=1, DILATION_W=1, GROUPS=128, KERNEL_H=3, KERNEL_W=3, PADDING_H=1, PADDING_W=1, STRIDE_H=1, STRIDE_W=1, num_stages=1, num_warps=8", "best_time": 0.015424000099301338, "best_triton_pos": 0}
AUTOTUNE convolution_bwd_input(2x128x16x16, 128x1x3x3)
strides: [s32**2*s37, s32**2, s32, 1], [s18**2, s18**2, s18, 1]
dtypes: torch.float32, torch.float32
  triton_convolution2d_bwd_input_321 0.0154 ms 100.0% ALLOW_TF32=False, BLOCK_K=16, BLOCK_M=512, BLOCK_N=16, DILATION_H=1, DILATION_W=1, GROUPS=128, KERNEL_H=3, KERNEL_W=3, PADDING_H=1, PADDING_W=1, STRIDE_H=1, STRIDE_W=1, num_stages=1, num_warps=8
  triton_convolution2d_bwd_input_328 0.0165 ms 93.4% ALLOW_TF32=False, BLOCK_K=16, BLOCK_M=128, BLOCK_N=64, DILATION_H=1, DILATION_W=1, GROUPS=128, KERNEL_H=3, KERNEL_W=3, PADDING_H=1, PADDING_W=1, STRIDE_H=1, STRIDE_W=1, num_stages=4, num_warps=4
  triton_convolution2d_bwd_input_325 0.0203 ms 76.1% ALLOW_TF32=False, BLOCK_K=16, BLOCK_M=256, BLOCK_N=64, DILATION_H=1, DILATION_W=1, GROUPS=128, KERNEL_H=3, KERNEL_W=3, PADDING_H=1, PADDING_W=1, STRIDE_H=1, STRIDE_W=1, num_stages=2, num_warps=8
  triton_convolution2d_bwd_input_319 0.0241 ms 64.1% ALLOW_TF32=False, BLOCK_K=16, BLOCK_M=64, BLOCK_N=128, DILATION_H=1, DILATION_W=1, GROUPS=128, KERNEL_H=3, KERNEL_W=3, PADDING_H=1, PADDING_W=1, STRIDE_H=1, STRIDE_W=1, num_stages=2, num_warps=4
  triton_convolution2d_bwd_input_324 0.0259 ms 59.6% ALLOW_TF32=False, BLOCK_K=16, BLOCK_M=64, BLOCK_N=128, DILATION_H=1, DILATION_W=1, GROUPS=128, KERNEL_H=3, KERNEL_W=3, PADDING_H=1, PADDING_W=1, STRIDE_H=1, STRIDE_W=1, num_stages=2, num_warps=8
  triton_convolution2d_bwd_input_326 0.0266 ms 57.9% ALLOW_TF32=False, BLOCK_K=16, BLOCK_M=128, BLOCK_N=128, DILATION_H=1, DILATION_W=1, GROUPS=128, KERNEL_H=3, KERNEL_W=3, PADDING_H=1, PADDING_W=1, STRIDE_H=1, STRIDE_W=1, num_stages=3, num_warps=8
  triton_convolution2d_bwd_input_322 0.0269 ms 57.4% ALLOW_TF32=False, BLOCK_K=16, BLOCK_M=128, BLOCK_N=128, DILATION_H=1, DILATION_W=1, GROUPS=128, KERNEL_H=3, KERNEL_W=3, PADDING_H=1, PADDING_W=1, STRIDE_H=1, STRIDE_W=1, num_stages=2, num_warps=8
  triton_convolution2d_bwd_input_329 0.0337 ms 45.8% ALLOW_TF32=False, BLOCK_K=16, BLOCK_M=256, BLOCK_N=128, DILATION_H=1, DILATION_W=1, GROUPS=128, KERNEL_H=3, KERNEL_W=3, PADDING_H=1, PADDING_W=1, STRIDE_H=1, STRIDE_W=1, num_stages=2, num_warps=8
  triton_convolution2d_bwd_input_320 0.0394 ms 39.1% ALLOW_TF32=False, BLOCK_K=16, BLOCK_M=256, BLOCK_N=64, DILATION_H=1, DILATION_W=1, GROUPS=128, KERNEL_H=3, KERNEL_W=3, PADDING_H=1, PADDING_W=1, STRIDE_H=1, STRIDE_W=1, num_stages=2, num_warps=4
  triton_convolution2d_bwd_input_327 0.0417 ms 37.0% ALLOW_TF32=False, BLOCK_K=16, BLOCK_M=64, BLOCK_N=128, DILATION_H=1, DILATION_W=1, GROUPS=128, KERNEL_H=3, KERNEL_W=3, PADDING_H=1, PADDING_W=1, STRIDE_H=1, STRIDE_W=1, num_stages=4, num_warps=4
SingleProcess AUTOTUNE benchmarking takes 0.2852 seconds and 0.0006 seconds precompiling for 11 choices
.Autotune Choices Stats:
{"num_choices": 11, "num_triton_choices": 11, "best_kernel": "triton_convolution2d_bwd_weight_334", "best_kernel_desc": "ALLOW_TF32=False, BLOCK_K=16, BLOCK_M=64, BLOCK_N=64, DILATION_H=1, DILATION_W=1, GROUPS=128, KERNEL_H=3, KERNEL_W=3, PADDING_H=1, PADDING_W=1, STRIDE_H=1, STRIDE_W=1, num_stages=2, num_warps=4", "best_time": 0.11948800086975098, "best_triton_pos": 0}
AUTOTUNE convolution_bwd_weight(2x128x16x16, 2x128x16x16)
strides: [s32**2*s37, s32, s32*s37, 1], [s32**2*s37, s32, s32*s37, 1]
dtypes: torch.float32, torch.float32
  triton_convolution2d_bwd_weight_334 0.1195 ms 100.0% ALLOW_TF32=False, BLOCK_K=16, BLOCK_M=64, BLOCK_N=64, DILATION_H=1, DILATION_W=1, GROUPS=128, KERNEL_H=3, KERNEL_W=3, PADDING_H=1, PADDING_W=1, STRIDE_H=1, STRIDE_W=1, num_stages=2, num_warps=4
  triton_convolution2d_bwd_weight_335 0.2270 ms 52.6% ALLOW_TF32=False, BLOCK_K=16, BLOCK_M=64, BLOCK_N=128, DILATION_H=1, DILATION_W=1, GROUPS=128, KERNEL_H=3, KERNEL_W=3, PADDING_H=1, PADDING_W=1, STRIDE_H=1, STRIDE_W=1, num_stages=2, num_warps=8
  triton_convolution2d_bwd_weight_339 0.2451 ms 48.8% ALLOW_TF32=False, BLOCK_K=16, BLOCK_M=128, BLOCK_N=64, DILATION_H=1, DILATION_W=1, GROUPS=128, KERNEL_H=3, KERNEL_W=3, PADDING_H=1, PADDING_W=1, STRIDE_H=1, STRIDE_W=1, num_stages=4, num_warps=4
  triton_convolution2d_bwd_weight_338 0.2520 ms 47.4% ALLOW_TF32=False, BLOCK_K=16, BLOCK_M=64, BLOCK_N=128, DILATION_H=1, DILATION_W=1, GROUPS=128, KERNEL_H=3, KERNEL_W=3, PADDING_H=1, PADDING_W=1, STRIDE_H=1, STRIDE_W=1, num_stages=4, num_warps=4
  triton_convolution2d_bwd_weight_330 0.3037 ms 39.3% ALLOW_TF32=False, BLOCK_K=16, BLOCK_M=64, BLOCK_N=128, DILATION_H=1, DILATION_W=1, GROUPS=128, KERNEL_H=3, KERNEL_W=3, PADDING_H=1, PADDING_W=1, STRIDE_H=1, STRIDE_W=1, num_stages=2, num_warps=4
  triton_convolution2d_bwd_weight_337 0.3177 ms 37.6% ALLOW_TF32=False, BLOCK_K=16, BLOCK_M=128, BLOCK_N=128, DILATION_H=1, DILATION_W=1, GROUPS=128, KERNEL_H=3, KERNEL_W=3, PADDING_H=1, PADDING_W=1, STRIDE_H=1, STRIDE_W=1, num_stages=3, num_warps=8
  triton_convolution2d_bwd_weight_333 0.3258 ms 36.7% ALLOW_TF32=False, BLOCK_K=16, BLOCK_M=128, BLOCK_N=128, DILATION_H=1, DILATION_W=1, GROUPS=128, KERNEL_H=3, KERNEL_W=3, PADDING_H=1, PADDING_W=1, STRIDE_H=1, STRIDE_W=1, num_stages=2, num_warps=8
  triton_convolution2d_bwd_weight_336 0.4706 ms 25.4% ALLOW_TF32=False, BLOCK_K=16, BLOCK_M=256, BLOCK_N=64, DILATION_H=1, DILATION_W=1, GROUPS=128, KERNEL_H=3, KERNEL_W=3, PADDING_H=1, PADDING_W=1, STRIDE_H=1, STRIDE_W=1, num_stages=2, num_warps=8
  triton_convolution2d_bwd_weight_331 0.4786 ms 25.0% ALLOW_TF32=False, BLOCK_K=16, BLOCK_M=256, BLOCK_N=64, DILATION_H=1, DILATION_W=1, GROUPS=128, KERNEL_H=3, KERNEL_W=3, PADDING_H=1, PADDING_W=1, STRIDE_H=1, STRIDE_W=1, num_stages=2, num_warps=4
  triton_convolution2d_bwd_weight_332 0.5652 ms 21.1% ALLOW_TF32=False, BLOCK_K=16, BLOCK_M=512, BLOCK_N=16, DILATION_H=1, DILATION_W=1, GROUPS=128, KERNEL_H=3, KERNEL_W=3, PADDING_H=1, PADDING_W=1, STRIDE_H=1, STRIDE_W=1, num_stages=1, num_warps=8
SingleProcess AUTOTUNE benchmarking takes 0.5388 seconds and 14.6732 seconds precompiling for 11 choices
Autotune Choices Stats:
{"num_choices": 11, "num_triton_choices": 11, "best_kernel": "triton_convolution2d_bwd_input_345", "best_kernel_desc": "ALLOW_TF32=False, BLOCK_K=16, BLOCK_M=64, BLOCK_N=64, DILATION_H=1, DILATION_W=1, GROUPS=128, KERNEL_H=3, KERNEL_W=3, PADDING_H=1, PADDING_W=1, STRIDE_H=1, STRIDE_W=1, num_stages=2, num_warps=4", "best_time": 0.01833599992096424, "best_triton_pos": 0}
AUTOTUNE convolution_bwd_input(2x128x16x16, 128x1x3x3)
strides: [s32**2*s37, 1, s32*s37, s37], [s18**2, 1, s18, 1]
dtypes: torch.float32, torch.float32
  triton_convolution2d_bwd_input_345 0.0183 ms 100.0% ALLOW_TF32=False, BLOCK_K=16, BLOCK_M=64, BLOCK_N=64, DILATION_H=1, DILATION_W=1, GROUPS=128, KERNEL_H=3, KERNEL_W=3, PADDING_H=1, PADDING_W=1, STRIDE_H=1, STRIDE_W=1, num_stages=2, num_warps=4
  triton_convolution2d_bwd_input_350 0.0187 ms 98.3% ALLOW_TF32=False, BLOCK_K=16, BLOCK_M=128, BLOCK_N=64, DILATION_H=1, DILATION_W=1, GROUPS=128, KERNEL_H=3, KERNEL_W=3, PADDING_H=1, PADDING_W=1, STRIDE_H=1, STRIDE_W=1, num_stages=4, num_warps=4
  triton_convolution2d_bwd_input_343 0.0203 ms 90.4% ALLOW_TF32=False, BLOCK_K=16, BLOCK_M=512, BLOCK_N=16, DILATION_H=1, DILATION_W=1, GROUPS=128, KERNEL_H=3, KERNEL_W=3, PADDING_H=1, PADDING_W=1, STRIDE_H=1, STRIDE_W=1, num_stages=1, num_warps=8
  triton_convolution2d_bwd_input_342 0.0238 ms 77.0% ALLOW_TF32=False, BLOCK_K=16, BLOCK_M=256, BLOCK_N=64, DILATION_H=1, DILATION_W=1, GROUPS=128, KERNEL_H=3, KERNEL_W=3, PADDING_H=1, PADDING_W=1, STRIDE_H=1, STRIDE_W=1, num_stages=2, num_warps=4
  triton_convolution2d_bwd_input_347 0.0244 ms 75.2% ALLOW_TF32=False, BLOCK_K=16, BLOCK_M=256, BLOCK_N=64, DILATION_H=1, DILATION_W=1, GROUPS=128, KERNEL_H=3, KERNEL_W=3, PADDING_H=1, PADDING_W=1, STRIDE_H=1, STRIDE_W=1, num_stages=2, num_warps=8
  triton_convolution2d_bwd_input_341 0.0275 ms 66.6% ALLOW_TF32=False, BLOCK_K=16, BLOCK_M=64, BLOCK_N=128, DILATION_H=1, DILATION_W=1, GROUPS=128, KERNEL_H=3, KERNEL_W=3, PADDING_H=1, PADDING_W=1, STRIDE_H=1, STRIDE_W=1, num_stages=2, num_warps=4
  triton_convolution2d_bwd_input_349 0.0276 ms 66.6% ALLOW_TF32=False, BLOCK_K=16, BLOCK_M=64, BLOCK_N=128, DILATION_H=1, DILATION_W=1, GROUPS=128, KERNEL_H=3, KERNEL_W=3, PADDING_H=1, PADDING_W=1, STRIDE_H=1, STRIDE_W=1, num_stages=4, num_warps=4
  triton_convolution2d_bwd_input_346 0.0333 ms 55.1% ALLOW_TF32=False, BLOCK_K=16, BLOCK_M=64, BLOCK_N=128, DILATION_H=1, DILATION_W=1, GROUPS=128, KERNEL_H=3, KERNEL_W=3, PADDING_H=1, PADDING_W=1, STRIDE_H=1, STRIDE_W=1, num_stages=2, num_warps=8
  triton_convolution2d_bwd_input_344 0.0382 ms 48.0% ALLOW_TF32=False, BLOCK_K=16, BLOCK_M=128, BLOCK_N=128, DILATION_H=1, DILATION_W=1, GROUPS=128, KERNEL_H=3, KERNEL_W=3, PADDING_H=1, PADDING_W=1, STRIDE_H=1, STRIDE_W=1, num_stages=2, num_warps=8
  triton_convolution2d_bwd_input_348 0.0387 ms 47.4% ALLOW_TF32=False, BLOCK_K=16, BLOCK_M=128, BLOCK_N=128, DILATION_H=1, DILATION_W=1, GROUPS=128, KERNEL_H=3, KERNEL_W=3, PADDING_H=1, PADDING_W=1, STRIDE_H=1, STRIDE_W=1, num_stages=3, num_warps=8
SingleProcess AUTOTUNE benchmarking takes 0.3004 seconds and 0.0005 seconds precompiling for 11 choices
.ssssAutotune Choices Stats:
{"num_choices": 11, "num_triton_choices": 11, "best_kernel": "triton_convolution2d_bwd_weight_356", "best_kernel_desc": "ALLOW_TF32=False, BLOCK_K=16, BLOCK_M=64, BLOCK_N=64, DILATION_H=1, DILATION_W=1, GROUPS=4, KERNEL_H=1, KERNEL_W=1, PADDING_H=0, PADDING_W=0, STRIDE_H=2, STRIDE_W=2, num_stages=2, num_warps=4", "best_time": 0.03846399858593941, "best_triton_pos": 0}
AUTOTUNE convolution_bwd_weight(2x4x16x16, 2x128x8x8)
strides: [s13**2*s37, s13**2, s13, 1], [s32**2*s38, s32**2, s32, 1]
dtypes: torch.float32, torch.float32
  triton_convolution2d_bwd_weight_356 0.0385 ms 100.0% ALLOW_TF32=False, BLOCK_K=16, BLOCK_M=64, BLOCK_N=64, DILATION_H=1, DILATION_W=1, GROUPS=4, KERNEL_H=1, KERNEL_W=1, PADDING_H=0, PADDING_W=0, STRIDE_H=2, STRIDE_W=2, num_stages=2, num_warps=4
  triton_convolution2d_bwd_weight_357 0.0606 ms 63.5% ALLOW_TF32=False, BLOCK_K=16, BLOCK_M=64, BLOCK_N=128, DILATION_H=1, DILATION_W=1, GROUPS=4, KERNEL_H=1, KERNEL_W=1, PADDING_H=0, PADDING_W=0, STRIDE_H=2, STRIDE_W=2, num_stages=2, num_warps=8
  triton_convolution2d_bwd_weight_354 0.0612 ms 62.8% ALLOW_TF32=False, BLOCK_K=16, BLOCK_M=512, BLOCK_N=16, DILATION_H=1, DILATION_W=1, GROUPS=4, KERNEL_H=1, KERNEL_W=1, PADDING_H=0, PADDING_W=0, STRIDE_H=2, STRIDE_W=2, num_stages=1, num_warps=8
  triton_convolution2d_bwd_weight_360 0.0630 ms 61.1% ALLOW_TF32=False, BLOCK_K=16, BLOCK_M=64, BLOCK_N=128, DILATION_H=1, DILATION_W=1, GROUPS=4, KERNEL_H=1, KERNEL_W=1, PADDING_H=0, PADDING_W=0, STRIDE_H=2, STRIDE_W=2, num_stages=4, num_warps=4
  triton_convolution2d_bwd_weight_361 0.0641 ms 60.0% ALLOW_TF32=False, BLOCK_K=16, BLOCK_M=128, BLOCK_N=64, DILATION_H=1, DILATION_W=1, GROUPS=4, KERNEL_H=1, KERNEL_W=1, PADDING_H=0, PADDING_W=0, STRIDE_H=2, STRIDE_W=2, num_stages=4, num_warps=4
  triton_convolution2d_bwd_weight_359 0.0716 ms 53.8% ALLOW_TF32=False, BLOCK_K=16, BLOCK_M=128, BLOCK_N=128, DILATION_H=1, DILATION_W=1, GROUPS=4, KERNEL_H=1, KERNEL_W=1, PADDING_H=0, PADDING_W=0, STRIDE_H=2, STRIDE_W=2, num_stages=3, num_warps=8
  triton_convolution2d_bwd_weight_355 0.0767 ms 50.1% ALLOW_TF32=False, BLOCK_K=16, BLOCK_M=128, BLOCK_N=128, DILATION_H=1, DILATION_W=1, GROUPS=4, KERNEL_H=1, KERNEL_W=1, PADDING_H=0, PADDING_W=0, STRIDE_H=2, STRIDE_W=2, num_stages=2, num_warps=8
  triton_convolution2d_bwd_weight_352 0.0773 ms 49.8% ALLOW_TF32=False, BLOCK_K=16, BLOCK_M=64, BLOCK_N=128, DILATION_H=1, DILATION_W=1, GROUPS=4, KERNEL_H=1, KERNEL_W=1, PADDING_H=0, PADDING_W=0, STRIDE_H=2, STRIDE_W=2, num_stages=2, num_warps=4
  triton_convolution2d_bwd_weight_353 0.0881 ms 43.7% ALLOW_TF32=False, BLOCK_K=16, BLOCK_M=256, BLOCK_N=64, DILATION_H=1, DILATION_W=1, GROUPS=4, KERNEL_H=1, KERNEL_W=1, PADDING_H=0, PADDING_W=0, STRIDE_H=2, STRIDE_W=2, num_stages=2, num_warps=4
  triton_convolution2d_bwd_weight_358 0.0912 ms 42.2% ALLOW_TF32=False, BLOCK_K=16, BLOCK_M=256, BLOCK_N=64, DILATION_H=1, DILATION_W=1, GROUPS=4, KERNEL_H=1, KERNEL_W=1, PADDING_H=0, PADDING_W=0, STRIDE_H=2, STRIDE_W=2, num_stages=2, num_warps=8
SingleProcess AUTOTUNE benchmarking takes 0.4518 seconds and 14.1324 seconds precompiling for 11 choices
Autotune Choices Stats:
{"num_choices": 11, "num_triton_choices": 11, "best_kernel": "triton_convolution2d_bwd_input_367", "best_kernel_desc": "ALLOW_TF32=False, BLOCK_K=16, BLOCK_M=64, BLOCK_N=64, DILATION_H=1, DILATION_W=1, GROUPS=4, KERNEL_H=1, KERNEL_W=1, PADDING_H=0, PADDING_W=0, STRIDE_H=2, STRIDE_W=2, num_stages=2, num_warps=4", "best_time": 0.010623999871313572, "best_triton_pos": 0}
AUTOTUNE convolution_bwd_input(2x128x8x8, 128x1x1x1)
strides: [s32**2*s38, s32**2, s32, 1], [1, 1, 1, 1]
dtypes: torch.float32, torch.float32
  triton_convolution2d_bwd_input_367 0.0106 ms 100.0% ALLOW_TF32=False, BLOCK_K=16, BLOCK_M=64, BLOCK_N=64, DILATION_H=1, DILATION_W=1, GROUPS=4, KERNEL_H=1, KERNEL_W=1, PADDING_H=0, PADDING_W=0, STRIDE_H=2, STRIDE_W=2, num_stages=2, num_warps=4
  triton_convolution2d_bwd_input_363 0.0128 ms 83.2% ALLOW_TF32=False, BLOCK_K=16, BLOCK_M=64, BLOCK_N=128, DILATION_H=1, DILATION_W=1, GROUPS=4, KERNEL_H=1, KERNEL_W=1, PADDING_H=0, PADDING_W=0, STRIDE_H=2, STRIDE_W=2, num_stages=2, num_warps=4
  triton_convolution2d_bwd_input_368 0.0140 ms 76.1% ALLOW_TF32=False, BLOCK_K=16, BLOCK_M=64, BLOCK_N=128, DILATION_H=1, DILATION_W=1, GROUPS=4, KERNEL_H=1, KERNEL_W=1, PADDING_H=0, PADDING_W=0, STRIDE_H=2, STRIDE_W=2, num_stages=2, num_warps=8
  triton_convolution2d_bwd_input_372 0.0159 ms 66.9% ALLOW_TF32=False, BLOCK_K=16, BLOCK_M=128, BLOCK_N=64, DILATION_H=1, DILATION_W=1, GROUPS=4, KERNEL_H=1, KERNEL_W=1, PADDING_H=0, PADDING_W=0, STRIDE_H=2, STRIDE_W=2, num_stages=4, num_warps=4
  triton_convolution2d_bwd_input_371 0.0161 ms 66.0% ALLOW_TF32=False, BLOCK_K=16, BLOCK_M=64, BLOCK_N=128, DILATION_H=1, DILATION_W=1, GROUPS=4, KERNEL_H=1, KERNEL_W=1, PADDING_H=0, PADDING_W=0, STRIDE_H=2, STRIDE_W=2, num_stages=4, num_warps=4
  triton_convolution2d_bwd_input_366 0.0176 ms 60.3% ALLOW_TF32=False, BLOCK_K=16, BLOCK_M=128, BLOCK_N=128, DILATION_H=1, DILATION_W=1, GROUPS=4, KERNEL_H=1, KERNEL_W=1, PADDING_H=0, PADDING_W=0, STRIDE_H=2, STRIDE_W=2, num_stages=2, num_warps=8
  triton_convolution2d_bwd_input_365 0.0184 ms 57.8% ALLOW_TF32=False, BLOCK_K=16, BLOCK_M=512, BLOCK_N=16, DILATION_H=1, DILATION_W=1, GROUPS=4, KERNEL_H=1, KERNEL_W=1, PADDING_H=0, PADDING_W=0, STRIDE_H=2, STRIDE_W=2, num_stages=1, num_warps=8
  triton_convolution2d_bwd_input_364 0.0190 ms 56.0% ALLOW_TF32=False, BLOCK_K=16, BLOCK_M=256, BLOCK_N=64, DILATION_H=1, DILATION_W=1, GROUPS=4, KERNEL_H=1, KERNEL_W=1, PADDING_H=0, PADDING_W=0, STRIDE_H=2, STRIDE_W=2, num_stages=2, num_warps=4
  triton_convolution2d_bwd_input_370 0.0196 ms 54.1% ALLOW_TF32=False, BLOCK_K=16, BLOCK_M=128, BLOCK_N=128, DILATION_H=1, DILATION_W=1, GROUPS=4, KERNEL_H=1, KERNEL_W=1, PADDING_H=0, PADDING_W=0, STRIDE_H=2, STRIDE_W=2, num_stages=3, num_warps=8
  triton_convolution2d_bwd_input_369 0.0203 ms 52.4% ALLOW_TF32=False, BLOCK_K=16, BLOCK_M=256, BLOCK_N=64, DILATION_H=1, DILATION_W=1, GROUPS=4, KERNEL_H=1, KERNEL_W=1, PADDING_H=0, PADDING_W=0, STRIDE_H=2, STRIDE_W=2, num_stages=2, num_warps=8
SingleProcess AUTOTUNE benchmarking takes 0.3206 seconds and 0.0006 seconds precompiling for 11 choices
.Autotune Choices Stats:
{"num_choices": 11, "num_triton_choices": 11, "best_kernel": "triton_convolution2d_bwd_weight_378", "best_kernel_desc": "ALLOW_TF32=False, BLOCK_K=16, BLOCK_M=64, BLOCK_N=64, DILATION_H=1, DILATION_W=1, GROUPS=4, KERNEL_H=1, KERNEL_W=1, PADDING_H=0, PADDING_W=0, STRIDE_H=2, STRIDE_W=2, num_stages=2, num_warps=4", "best_time": 0.03891199827194214, "best_triton_pos": 0}
AUTOTUNE convolution_bwd_weight(2x4x16x16, 2x128x8x8)
strides: [s13**2*s37, s13**2, s13, 1], [s32**2*s38, s32**2, s32, 1]
dtypes: torch.float32, torch.float32
  triton_convolution2d_bwd_weight_378 0.0389 ms 100.0% ALLOW_TF32=False, BLOCK_K=16, BLOCK_M=64, BLOCK_N=64, DILATION_H=1, DILATION_W=1, GROUPS=4, KERNEL_H=1, KERNEL_W=1, PADDING_H=0, PADDING_W=0, STRIDE_H=2, STRIDE_W=2, num_stages=2, num_warps=4
  triton_convolution2d_bwd_weight_381 0.0580 ms 67.1% ALLOW_TF32=False, BLOCK_K=16, BLOCK_M=128, BLOCK_N=128, DILATION_H=1, DILATION_W=1, GROUPS=4, KERNEL_H=1, KERNEL_W=1, PADDING_H=0, PADDING_W=0, STRIDE_H=2, STRIDE_W=2, num_stages=3, num_warps=8
  triton_convolution2d_bwd_weight_379 0.0607 ms 64.1% ALLOW_TF32=False, BLOCK_K=16, BLOCK_M=64, BLOCK_N=128, DILATION_H=1, DILATION_W=1, GROUPS=4, KERNEL_H=1, KERNEL_W=1, PADDING_H=0, PADDING_W=0, STRIDE_H=2, STRIDE_W=2, num_stages=2, num_warps=8
  triton_convolution2d_bwd_weight_376 0.0612 ms 63.6% ALLOW_TF32=False, BLOCK_K=16, BLOCK_M=512, BLOCK_N=16, DILATION_H=1, DILATION_W=1, GROUPS=4, KERNEL_H=1, KERNEL_W=1, PADDING_H=0, PADDING_W=0, STRIDE_H=2, STRIDE_W=2, num_stages=1, num_warps=8
  triton_convolution2d_bwd_weight_382 0.0627 ms 62.1% ALLOW_TF32=False, BLOCK_K=16, BLOCK_M=64, BLOCK_N=128, DILATION_H=1, DILATION_W=1, GROUPS=4, KERNEL_H=1, KERNEL_W=1, PADDING_H=0, PADDING_W=0, STRIDE_H=2, STRIDE_W=2, num_stages=4, num_warps=4
  triton_convolution2d_bwd_weight_383 0.0630 ms 61.7% ALLOW_TF32=False, BLOCK_K=16, BLOCK_M=128, BLOCK_N=64, DILATION_H=1, DILATION_W=1, GROUPS=4, KERNEL_H=1, KERNEL_W=1, PADDING_H=0, PADDING_W=0, STRIDE_H=2, STRIDE_W=2, num_stages=4, num_warps=4
  triton_convolution2d_bwd_weight_377 0.0766 ms 50.8% ALLOW_TF32=False, BLOCK_K=16, BLOCK_M=128, BLOCK_N=128, DILATION_H=1, DILATION_W=1, GROUPS=4, KERNEL_H=1, KERNEL_W=1, PADDING_H=0, PADDING_W=0, STRIDE_H=2, STRIDE_W=2, num_stages=2, num_warps=8
  triton_convolution2d_bwd_weight_374 0.0774 ms 50.3% ALLOW_TF32=False, BLOCK_K=16, BLOCK_M=64, BLOCK_N=128, DILATION_H=1, DILATION_W=1, GROUPS=4, KERNEL_H=1, KERNEL_W=1, PADDING_H=0, PADDING_W=0, STRIDE_H=2, STRIDE_W=2, num_stages=2, num_warps=4
  triton_convolution2d_bwd_weight_375 0.0881 ms 44.2% ALLOW_TF32=False, BLOCK_K=16, BLOCK_M=256, BLOCK_N=64, DILATION_H=1, DILATION_W=1, GROUPS=4, KERNEL_H=1, KERNEL_W=1, PADDING_H=0, PADDING_W=0, STRIDE_H=2, STRIDE_W=2, num_stages=2, num_warps=4
  triton_convolution2d_bwd_weight_380 0.0913 ms 42.6% ALLOW_TF32=False, BLOCK_K=16, BLOCK_M=256, BLOCK_N=64, DILATION_H=1, DILATION_W=1, GROUPS=4, KERNEL_H=1, KERNEL_W=1, PADDING_H=0, PADDING_W=0, STRIDE_H=2, STRIDE_W=2, num_stages=2, num_warps=8
SingleProcess AUTOTUNE benchmarking takes 0.4176 seconds and 12.9676 seconds precompiling for 11 choices
Autotune Choices Stats:
{"num_choices": 11, "num_triton_choices": 11, "best_kernel": "triton_convolution2d_bwd_input_389", "best_kernel_desc": "ALLOW_TF32=False, BLOCK_K=16, BLOCK_M=64, BLOCK_N=64, DILATION_H=1, DILATION_W=1, GROUPS=4, KERNEL_H=1, KERNEL_W=1, PADDING_H=0, PADDING_W=0, STRIDE_H=2, STRIDE_W=2, num_stages=2, num_warps=4", "best_time": 0.010495999827980995, "best_triton_pos": 0}
AUTOTUNE convolution_bwd_input(2x128x8x8, 128x1x1x1)
strides: [s32**2*s38, s32**2, s32, 1], [1, 1, 1, 1]
dtypes: torch.float32, torch.float32
  triton_convolution2d_bwd_input_389 0.0105 ms 100.0% ALLOW_TF32=False, BLOCK_K=16, BLOCK_M=64, BLOCK_N=64, DILATION_H=1, DILATION_W=1, GROUPS=4, KERNEL_H=1, KERNEL_W=1, PADDING_H=0, PADDING_W=0, STRIDE_H=2, STRIDE_W=2, num_stages=2, num_warps=4
  triton_convolution2d_bwd_input_385 0.0129 ms 81.2% ALLOW_TF32=False, BLOCK_K=16, BLOCK_M=64, BLOCK_N=128, DILATION_H=1, DILATION_W=1, GROUPS=4, KERNEL_H=1, KERNEL_W=1, PADDING_H=0, PADDING_W=0, STRIDE_H=2, STRIDE_W=2, num_stages=2, num_warps=4
  triton_convolution2d_bwd_input_390 0.0139 ms 75.6% ALLOW_TF32=False, BLOCK_K=16, BLOCK_M=64, BLOCK_N=128, DILATION_H=1, DILATION_W=1, GROUPS=4, KERNEL_H=1, KERNEL_W=1, PADDING_H=0, PADDING_W=0, STRIDE_H=2, STRIDE_W=2, num_stages=2, num_warps=8
  triton_convolution2d_bwd_input_393 0.0160 ms 65.5% ALLOW_TF32=False, BLOCK_K=16, BLOCK_M=64, BLOCK_N=128, DILATION_H=1, DILATION_W=1, GROUPS=4, KERNEL_H=1, KERNEL_W=1, PADDING_H=0, PADDING_W=0, STRIDE_H=2, STRIDE_W=2, num_stages=4, num_warps=4
  triton_convolution2d_bwd_input_394 0.0160 ms 65.5% ALLOW_TF32=False, BLOCK_K=16, BLOCK_M=128, BLOCK_N=64, DILATION_H=1, DILATION_W=1, GROUPS=4, KERNEL_H=1, KERNEL_W=1, PADDING_H=0, PADDING_W=0, STRIDE_H=2, STRIDE_W=2, num_stages=4, num_warps=4
  triton_convolution2d_bwd_input_388 0.0176 ms 59.5% ALLOW_TF32=False, BLOCK_K=16, BLOCK_M=128, BLOCK_N=128, DILATION_H=1, DILATION_W=1, GROUPS=4, KERNEL_H=1, KERNEL_W=1, PADDING_H=0, PADDING_W=0, STRIDE_H=2, STRIDE_W=2, num_stages=2, num_warps=8
  triton_convolution2d_bwd_input_387 0.0186 ms 56.5% ALLOW_TF32=False, BLOCK_K=16, BLOCK_M=512, BLOCK_N=16, DILATION_H=1, DILATION_W=1, GROUPS=4, KERNEL_H=1, KERNEL_W=1, PADDING_H=0, PADDING_W=0, STRIDE_H=2, STRIDE_W=2, num_stages=1, num_warps=8
  triton_convolution2d_bwd_input_386 0.0192 ms 54.8% ALLOW_TF32=False, BLOCK_K=16, BLOCK_M=256, BLOCK_N=64, DILATION_H=1, DILATION_W=1, GROUPS=4, KERNEL_H=1, KERNEL_W=1, PADDING_H=0, PADDING_W=0, STRIDE_H=2, STRIDE_W=2, num_stages=2, num_warps=4
  triton_convolution2d_bwd_input_392 0.0194 ms 54.1% ALLOW_TF32=False, BLOCK_K=16, BLOCK_M=128, BLOCK_N=128, DILATION_H=1, DILATION_W=1, GROUPS=4, KERNEL_H=1, KERNEL_W=1, PADDING_H=0, PADDING_W=0, STRIDE_H=2, STRIDE_W=2, num_stages=3, num_warps=8
  triton_convolution2d_bwd_input_391 0.0201 ms 52.1% ALLOW_TF32=False, BLOCK_K=16, BLOCK_M=256, BLOCK_N=64, DILATION_H=1, DILATION_W=1, GROUPS=4, KERNEL_H=1, KERNEL_W=1, PADDING_H=0, PADDING_W=0, STRIDE_H=2, STRIDE_W=2, num_stages=2, num_warps=8
SingleProcess AUTOTUNE benchmarking takes 0.3190 seconds and 0.0005 seconds precompiling for 11 choices
.ssssAutotune Choices Stats:
{"num_choices": 11, "num_triton_choices": 11, "best_kernel": "triton_convolution2d_bwd_weight_400", "best_kernel_desc": "ALLOW_TF32=False, BLOCK_K=16, BLOCK_M=64, BLOCK_N=64, DILATION_H=1, DILATION_W=1, GROUPS=128, KERNEL_H=1, KERNEL_W=1, PADDING_H=0, PADDING_W=0, STRIDE_H=2, STRIDE_W=2, num_stages=2, num_warps=4", "best_time": 0.040352001786231995, "best_triton_pos": 0}
AUTOTUNE convolution_bwd_weight(2x128x16x16, 2x128x8x8)
strides: [s13**2*s37, s13**2, s13, 1], [s32**2*s37, s32**2, s32, 1]
dtypes: torch.float32, torch.float32
  triton_convolution2d_bwd_weight_400 0.0404 ms 100.0% ALLOW_TF32=False, BLOCK_K=16, BLOCK_M=64, BLOCK_N=64, DILATION_H=1, DILATION_W=1, GROUPS=128, KERNEL_H=1, KERNEL_W=1, PADDING_H=0, PADDING_W=0, STRIDE_H=2, STRIDE_W=2, num_stages=2, num_warps=4
  triton_convolution2d_bwd_weight_401 0.0787 ms 51.3% ALLOW_TF32=False, BLOCK_K=16, BLOCK_M=64, BLOCK_N=128, DILATION_H=1, DILATION_W=1, GROUPS=128, KERNEL_H=1, KERNEL_W=1, PADDING_H=0, PADDING_W=0, STRIDE_H=2, STRIDE_W=2, num_stages=2, num_warps=8
  triton_convolution2d_bwd_weight_405 0.0812 ms 49.7% ALLOW_TF32=False, BLOCK_K=16, BLOCK_M=128, BLOCK_N=64, DILATION_H=1, DILATION_W=1, GROUPS=128, KERNEL_H=1, KERNEL_W=1, PADDING_H=0, PADDING_W=0, STRIDE_H=2, STRIDE_W=2, num_stages=4, num_warps=4
  triton_convolution2d_bwd_weight_396 0.0870 ms 46.4% ALLOW_TF32=False, BLOCK_K=16, BLOCK_M=64, BLOCK_N=128, DILATION_H=1, DILATION_W=1, GROUPS=128, KERNEL_H=1, KERNEL_W=1, PADDING_H=0, PADDING_W=0, STRIDE_H=2, STRIDE_W=2, num_stages=2, num_warps=4
  triton_convolution2d_bwd_weight_404 0.0935 ms 43.2% ALLOW_TF32=False, BLOCK_K=16, BLOCK_M=64, BLOCK_N=128, DILATION_H=1, DILATION_W=1, GROUPS=128, KERNEL_H=1, KERNEL_W=1, PADDING_H=0, PADDING_W=0, STRIDE_H=2, STRIDE_W=2, num_stages=4, num_warps=4
  triton_convolution2d_bwd_weight_399 0.1007 ms 40.1% ALLOW_TF32=False, BLOCK_K=16, BLOCK_M=128, BLOCK_N=128, DILATION_H=1, DILATION_W=1, GROUPS=128, KERNEL_H=1, KERNEL_W=1, PADDING_H=0, PADDING_W=0, STRIDE_H=2, STRIDE_W=2, num_stages=2, num_warps=8
  triton_convolution2d_bwd_weight_403 0.1061 ms 38.0% ALLOW_TF32=False, BLOCK_K=16, BLOCK_M=128, BLOCK_N=128, DILATION_H=1, DILATION_W=1, GROUPS=128, KERNEL_H=1, KERNEL_W=1, PADDING_H=0, PADDING_W=0, STRIDE_H=2, STRIDE_W=2, num_stages=3, num_warps=8
  triton_convolution2d_bwd_weight_398 0.1251 ms 32.3% ALLOW_TF32=False, BLOCK_K=16, BLOCK_M=512, BLOCK_N=16, DILATION_H=1, DILATION_W=1, GROUPS=128, KERNEL_H=1, KERNEL_W=1, PADDING_H=0, PADDING_W=0, STRIDE_H=2, STRIDE_W=2, num_stages=1, num_warps=8
  triton_convolution2d_bwd_weight_397 0.1268 ms 31.8% ALLOW_TF32=False, BLOCK_K=16, BLOCK_M=256, BLOCK_N=64, DILATION_H=1, DILATION_W=1, GROUPS=128, KERNEL_H=1, KERNEL_W=1, PADDING_H=0, PADDING_W=0, STRIDE_H=2, STRIDE_W=2, num_stages=2, num_warps=4
  triton_convolution2d_bwd_weight_402 0.1480 ms 27.3% ALLOW_TF32=False, BLOCK_K=16, BLOCK_M=256, BLOCK_N=64, DILATION_H=1, DILATION_W=1, GROUPS=128, KERNEL_H=1, KERNEL_W=1, PADDING_H=0, PADDING_W=0, STRIDE_H=2, STRIDE_W=2, num_stages=2, num_warps=8
SingleProcess AUTOTUNE benchmarking takes 0.3731 seconds and 13.6108 seconds precompiling for 11 choices
Autotune Choices Stats:
{"num_choices": 11, "num_triton_choices": 11, "best_kernel": "triton_convolution2d_bwd_input_409", "best_kernel_desc": "ALLOW_TF32=False, BLOCK_K=16, BLOCK_M=512, BLOCK_N=16, DILATION_H=1, DILATION_W=1, GROUPS=128, KERNEL_H=1, KERNEL_W=1, PADDING_H=0, PADDING_W=0, STRIDE_H=2, STRIDE_W=2, num_stages=1, num_warps=8", "best_time": 0.015936000272631645, "best_triton_pos": 0}
AUTOTUNE convolution_bwd_input(2x128x8x8, 128x1x1x1)
strides: [s32**2*s37, s32**2, s32, 1], [1, 1, 1, 1]
dtypes: torch.float32, torch.float32
  triton_convolution2d_bwd_input_409 0.0159 ms 100.0% ALLOW_TF32=False, BLOCK_K=16, BLOCK_M=512, BLOCK_N=16, DILATION_H=1, DILATION_W=1, GROUPS=128, KERNEL_H=1, KERNEL_W=1, PADDING_H=0, PADDING_W=0, STRIDE_H=2, STRIDE_W=2, num_stages=1, num_warps=8
  triton_convolution2d_bwd_input_416 0.0164 ms 97.5% ALLOW_TF32=False, BLOCK_K=16, BLOCK_M=128, BLOCK_N=64, DILATION_H=1, DILATION_W=1, GROUPS=128, KERNEL_H=1, KERNEL_W=1, PADDING_H=0, PADDING_W=0, STRIDE_H=2, STRIDE_W=2, num_stages=4, num_warps=4
  triton_convolution2d_bwd_input_411 0.0164 ms 97.1% ALLOW_TF32=False, BLOCK_K=16, BLOCK_M=64, BLOCK_N=64, DILATION_H=1, DILATION_W=1, GROUPS=128, KERNEL_H=1, KERNEL_W=1, PADDING_H=0, PADDING_W=0, STRIDE_H=2, STRIDE_W=2, num_stages=2, num_warps=4
  triton_convolution2d_bwd_input_408 0.0200 ms 79.7% ALLOW_TF32=False, BLOCK_K=16, BLOCK_M=256, BLOCK_N=64, DILATION_H=1, DILATION_W=1, GROUPS=128, KERNEL_H=1, KERNEL_W=1, PADDING_H=0, PADDING_W=0, STRIDE_H=2, STRIDE_W=2, num_stages=2, num_warps=4
  triton_convolution2d_bwd_input_413 0.0203 ms 78.7% ALLOW_TF32=False, BLOCK_K=16, BLOCK_M=256, BLOCK_N=64, DILATION_H=1, DILATION_W=1, GROUPS=128, KERNEL_H=1, KERNEL_W=1, PADDING_H=0, PADDING_W=0, STRIDE_H=2, STRIDE_W=2, num_stages=2, num_warps=8
  triton_convolution2d_bwd_input_415 0.0243 ms 65.5% ALLOW_TF32=False, BLOCK_K=16, BLOCK_M=64, BLOCK_N=128, DILATION_H=1, DILATION_W=1, GROUPS=128, KERNEL_H=1, KERNEL_W=1, PADDING_H=0, PADDING_W=0, STRIDE_H=2, STRIDE_W=2, num_stages=4, num_warps=4
  triton_convolution2d_bwd_input_407 0.0245 ms 65.0% ALLOW_TF32=False, BLOCK_K=16, BLOCK_M=64, BLOCK_N=128, DILATION_H=1, DILATION_W=1, GROUPS=128, KERNEL_H=1, KERNEL_W=1, PADDING_H=0, PADDING_W=0, STRIDE_H=2, STRIDE_W=2, num_stages=2, num_warps=4
  triton_convolution2d_bwd_input_412 0.0260 ms 61.3% ALLOW_TF32=False, BLOCK_K=16, BLOCK_M=64, BLOCK_N=128, DILATION_H=1, DILATION_W=1, GROUPS=128, KERNEL_H=1, KERNEL_W=1, PADDING_H=0, PADDING_W=0, STRIDE_H=2, STRIDE_W=2, num_stages=2, num_warps=8
  triton_convolution2d_bwd_input_410 0.0275 ms 58.0% ALLOW_TF32=False, BLOCK_K=16, BLOCK_M=128, BLOCK_N=128, DILATION_H=1, DILATION_W=1, GROUPS=128, KERNEL_H=1, KERNEL_W=1, PADDING_H=0, PADDING_W=0, STRIDE_H=2, STRIDE_W=2, num_stages=2, num_warps=8
  triton_convolution2d_bwd_input_414 0.0278 ms 57.2% ALLOW_TF32=False, BLOCK_K=16, BLOCK_M=128, BLOCK_N=128, DILATION_H=1, DILATION_W=1, GROUPS=128, KERNEL_H=1, KERNEL_W=1, PADDING_H=0, PADDING_W=0, STRIDE_H=2, STRIDE_W=2, num_stages=3, num_warps=8
SingleProcess AUTOTUNE benchmarking takes 0.3000 seconds and 0.0006 seconds precompiling for 11 choices
.Autotune Choices Stats:
{"num_choices": 11, "num_triton_choices": 11, "best_kernel": "triton_convolution2d_bwd_weight_422", "best_kernel_desc": "ALLOW_TF32=False, BLOCK_K=16, BLOCK_M=64, BLOCK_N=64, DILATION_H=1, DILATION_W=1, GROUPS=128, KERNEL_H=1, KERNEL_W=1, PADDING_H=0, PADDING_W=0, STRIDE_H=2, STRIDE_W=2, num_stages=2, num_warps=4", "best_time": 0.04057599976658821, "best_triton_pos": 0}
AUTOTUNE convolution_bwd_weight(2x128x16x16, 2x128x8x8)
strides: [s13**2*s37, s13**2, s13, 1], [s32**2*s37, s32**2, s32, 1]
dtypes: torch.float32, torch.float32
  triton_convolution2d_bwd_weight_422 0.0406 ms 100.0% ALLOW_TF32=False, BLOCK_K=16, BLOCK_M=64, BLOCK_N=64, DILATION_H=1, DILATION_W=1, GROUPS=128, KERNEL_H=1, KERNEL_W=1, PADDING_H=0, PADDING_W=0, STRIDE_H=2, STRIDE_W=2, num_stages=2, num_warps=4
  triton_convolution2d_bwd_weight_423 0.0787 ms 51.6% ALLOW_TF32=False, BLOCK_K=16, BLOCK_M=64, BLOCK_N=128, DILATION_H=1, DILATION_W=1, GROUPS=128, KERNEL_H=1, KERNEL_W=1, PADDING_H=0, PADDING_W=0, STRIDE_H=2, STRIDE_W=2, num_stages=2, num_warps=8
  triton_convolution2d_bwd_weight_418 0.0871 ms 46.6% ALLOW_TF32=False, BLOCK_K=16, BLOCK_M=64, BLOCK_N=128, DILATION_H=1, DILATION_W=1, GROUPS=128, KERNEL_H=1, KERNEL_W=1, PADDING_H=0, PADDING_W=0, STRIDE_H=2, STRIDE_W=2, num_stages=2, num_warps=4
  triton_convolution2d_bwd_weight_426 0.0936 ms 43.4% ALLOW_TF32=False, BLOCK_K=16, BLOCK_M=64, BLOCK_N=128, DILATION_H=1, DILATION_W=1, GROUPS=128, KERNEL_H=1, KERNEL_W=1, PADDING_H=0, PADDING_W=0, STRIDE_H=2, STRIDE_W=2, num_stages=4, num_warps=4
  triton_convolution2d_bwd_weight_427 0.0998 ms 40.7% ALLOW_TF32=False, BLOCK_K=16, BLOCK_M=128, BLOCK_N=64, DILATION_H=1, DILATION_W=1, GROUPS=128, KERNEL_H=1, KERNEL_W=1, PADDING_H=0, PADDING_W=0, STRIDE_H=2, STRIDE_W=2, num_stages=4, num_warps=4
  triton_convolution2d_bwd_weight_421 0.1009 ms 40.2% ALLOW_TF32=False, BLOCK_K=16, BLOCK_M=128, BLOCK_N=128, DILATION_H=1, DILATION_W=1, GROUPS=128, KERNEL_H=1, KERNEL_W=1, PADDING_H=0, PADDING_W=0, STRIDE_H=2, STRIDE_W=2, num_stages=2, num_warps=8
  triton_convolution2d_bwd_weight_425 0.1061 ms 38.2% ALLOW_TF32=False, BLOCK_K=16, BLOCK_M=128, BLOCK_N=128, DILATION_H=1, DILATION_W=1, GROUPS=128, KERNEL_H=1, KERNEL_W=1, PADDING_H=0, PADDING_W=0, STRIDE_H=2, STRIDE_W=2, num_stages=3, num_warps=8
  triton_convolution2d_bwd_weight_420 0.1251 ms 32.4% ALLOW_TF32=False, BLOCK_K=16, BLOCK_M=512, BLOCK_N=16, DILATION_H=1, DILATION_W=1, GROUPS=128, KERNEL_H=1, KERNEL_W=1, PADDING_H=0, PADDING_W=0, STRIDE_H=2, STRIDE_W=2, num_stages=1, num_warps=8
  triton_convolution2d_bwd_weight_419 0.1265 ms 32.1% ALLOW_TF32=False, BLOCK_K=16, BLOCK_M=256, BLOCK_N=64, DILATION_H=1, DILATION_W=1, GROUPS=128, KERNEL_H=1, KERNEL_W=1, PADDING_H=0, PADDING_W=0, STRIDE_H=2, STRIDE_W=2, num_stages=2, num_warps=4
  triton_convolution2d_bwd_weight_424 0.1480 ms 27.4% ALLOW_TF32=False, BLOCK_K=16, BLOCK_M=256, BLOCK_N=64, DILATION_H=1, DILATION_W=1, GROUPS=128, KERNEL_H=1, KERNEL_W=1, PADDING_H=0, PADDING_W=0, STRIDE_H=2, STRIDE_W=2, num_stages=2, num_warps=8
SingleProcess AUTOTUNE benchmarking takes 0.3914 seconds and 13.2777 seconds precompiling for 11 choices
Autotune Choices Stats:
{"num_choices": 11, "num_triton_choices": 11, "best_kernel": "triton_convolution2d_bwd_input_431", "best_kernel_desc": "ALLOW_TF32=False, BLOCK_K=16, BLOCK_M=512, BLOCK_N=16, DILATION_H=1, DILATION_W=1, GROUPS=128, KERNEL_H=1, KERNEL_W=1, PADDING_H=0, PADDING_W=0, STRIDE_H=2, STRIDE_W=2, num_stages=1, num_warps=8", "best_time": 0.016063999384641647, "best_triton_pos": 0}
AUTOTUNE convolution_bwd_input(2x128x8x8, 128x1x1x1)
strides: [s32**2*s37, s32**2, s32, 1], [1, 1, 1, 1]
dtypes: torch.float32, torch.float32
  triton_convolution2d_bwd_input_431 0.0161 ms 100.0% ALLOW_TF32=False, BLOCK_K=16, BLOCK_M=512, BLOCK_N=16, DILATION_H=1, DILATION_W=1, GROUPS=128, KERNEL_H=1, KERNEL_W=1, PADDING_H=0, PADDING_W=0, STRIDE_H=2, STRIDE_W=2, num_stages=1, num_warps=8
  triton_convolution2d_bwd_input_433 0.0164 ms 98.2% ALLOW_TF32=False, BLOCK_K=16, BLOCK_M=64, BLOCK_N=64, DILATION_H=1, DILATION_W=1, GROUPS=128, KERNEL_H=1, KERNEL_W=1, PADDING_H=0, PADDING_W=0, STRIDE_H=2, STRIDE_W=2, num_stages=2, num_warps=4
  triton_convolution2d_bwd_input_438 0.0164 ms 97.7% ALLOW_TF32=False, BLOCK_K=16, BLOCK_M=128, BLOCK_N=64, DILATION_H=1, DILATION_W=1, GROUPS=128, KERNEL_H=1, KERNEL_W=1, PADDING_H=0, PADDING_W=0, STRIDE_H=2, STRIDE_W=2, num_stages=4, num_warps=4
  triton_convolution2d_bwd_input_430 0.0199 ms 80.8% ALLOW_TF32=False, BLOCK_K=16, BLOCK_M=256, BLOCK_N=64, DILATION_H=1, DILATION_W=1, GROUPS=128, KERNEL_H=1, KERNEL_W=1, PADDING_H=0, PADDING_W=0, STRIDE_H=2, STRIDE_W=2, num_stages=2, num_warps=4
  triton_convolution2d_bwd_input_435 0.0203 ms 79.2% ALLOW_TF32=False, BLOCK_K=16, BLOCK_M=256, BLOCK_N=64, DILATION_H=1, DILATION_W=1, GROUPS=128, KERNEL_H=1, KERNEL_W=1, PADDING_H=0, PADDING_W=0, STRIDE_H=2, STRIDE_W=2, num_stages=2, num_warps=8
  triton_convolution2d_bwd_input_437 0.0242 ms 66.3% ALLOW_TF32=False, BLOCK_K=16, BLOCK_M=64, BLOCK_N=128, DILATION_H=1, DILATION_W=1, GROUPS=128, KERNEL_H=1, KERNEL_W=1, PADDING_H=0, PADDING_W=0, STRIDE_H=2, STRIDE_W=2, num_stages=4, num_warps=4
  triton_convolution2d_bwd_input_429 0.0244 ms 65.9% ALLOW_TF32=False, BLOCK_K=16, BLOCK_M=64, BLOCK_N=128, DILATION_H=1, DILATION_W=1, GROUPS=128, KERNEL_H=1, KERNEL_W=1, PADDING_H=0, PADDING_W=0, STRIDE_H=2, STRIDE_W=2, num_stages=2, num_warps=4
  triton_convolution2d_bwd_input_434 0.0262 ms 61.4% ALLOW_TF32=False, BLOCK_K=16, BLOCK_M=64, BLOCK_N=128, DILATION_H=1, DILATION_W=1, GROUPS=128, KERNEL_H=1, KERNEL_W=1, PADDING_H=0, PADDING_W=0, STRIDE_H=2, STRIDE_W=2, num_stages=2, num_warps=8
  triton_convolution2d_bwd_input_432 0.0276 ms 58.2% ALLOW_TF32=False, BLOCK_K=16, BLOCK_M=128, BLOCK_N=128, DILATION_H=1, DILATION_W=1, GROUPS=128, KERNEL_H=1, KERNEL_W=1, PADDING_H=0, PADDING_W=0, STRIDE_H=2, STRIDE_W=2, num_stages=2, num_warps=8
  triton_convolution2d_bwd_input_436 0.0277 ms 57.9% ALLOW_TF32=False, BLOCK_K=16, BLOCK_M=128, BLOCK_N=128, DILATION_H=1, DILATION_W=1, GROUPS=128, KERNEL_H=1, KERNEL_W=1, PADDING_H=0, PADDING_W=0, STRIDE_H=2, STRIDE_W=2, num_stages=3, num_warps=8
SingleProcess AUTOTUNE benchmarking takes 0.2969 seconds and 0.0007 seconds precompiling for 11 choices
.ssssAutotune Choices Stats:
{"num_choices": 11, "num_triton_choices": 11, "best_kernel": "triton_convolution2d_bwd_weight_444", "best_kernel_desc": "ALLOW_TF32=False, BLOCK_K=16, BLOCK_M=64, BLOCK_N=64, DILATION_H=1, DILATION_W=1, GROUPS=4, KERNEL_H=3, KERNEL_W=3, PADDING_H=0, PADDING_W=0, STRIDE_H=2, STRIDE_W=2, num_stages=2, num_warps=4", "best_time": 0.03235200047492981, "best_triton_pos": 0}
AUTOTUNE convolution_bwd_weight(2x4x16x16, 2x128x7x7)
strides: [s13**2*s37, s13**2, s13, 1], [s32**2*s38, s32**2, s32, 1]
dtypes: torch.float32, torch.float32
  triton_convolution2d_bwd_weight_444 0.0324 ms 100.0% ALLOW_TF32=False, BLOCK_K=16, BLOCK_M=64, BLOCK_N=64, DILATION_H=1, DILATION_W=1, GROUPS=4, KERNEL_H=3, KERNEL_W=3, PADDING_H=0, PADDING_W=0, STRIDE_H=2, STRIDE_W=2, num_stages=2, num_warps=4
  triton_convolution2d_bwd_weight_445 0.0446 ms 72.5% ALLOW_TF32=False, BLOCK_K=16, BLOCK_M=64, BLOCK_N=128, DILATION_H=1, DILATION_W=1, GROUPS=4, KERNEL_H=3, KERNEL_W=3, PADDING_H=0, PADDING_W=0, STRIDE_H=2, STRIDE_W=2, num_stages=2, num_warps=8
  triton_convolution2d_bwd_weight_447 0.0455 ms 71.0% ALLOW_TF32=False, BLOCK_K=16, BLOCK_M=128, BLOCK_N=128, DILATION_H=1, DILATION_W=1, GROUPS=4, KERNEL_H=3, KERNEL_W=3, PADDING_H=0, PADDING_W=0, STRIDE_H=2, STRIDE_W=2, num_stages=3, num_warps=8
  triton_convolution2d_bwd_weight_448 0.0535 ms 60.5% ALLOW_TF32=False, BLOCK_K=16, BLOCK_M=64, BLOCK_N=128, DILATION_H=1, DILATION_W=1, GROUPS=4, KERNEL_H=3, KERNEL_W=3, PADDING_H=0, PADDING_W=0, STRIDE_H=2, STRIDE_W=2, num_stages=4, num_warps=4
  triton_convolution2d_bwd_weight_443 0.0568 ms 56.9% ALLOW_TF32=False, BLOCK_K=16, BLOCK_M=128, BLOCK_N=128, DILATION_H=1, DILATION_W=1, GROUPS=4, KERNEL_H=3, KERNEL_W=3, PADDING_H=0, PADDING_W=0, STRIDE_H=2, STRIDE_W=2, num_stages=2, num_warps=8
  triton_convolution2d_bwd_weight_442 0.0596 ms 54.3% ALLOW_TF32=False, BLOCK_K=16, BLOCK_M=512, BLOCK_N=16, DILATION_H=1, DILATION_W=1, GROUPS=4, KERNEL_H=3, KERNEL_W=3, PADDING_H=0, PADDING_W=0, STRIDE_H=2, STRIDE_W=2, num_stages=1, num_warps=8
  triton_convolution2d_bwd_weight_440 0.0599 ms 54.0% ALLOW_TF32=False, BLOCK_K=16, BLOCK_M=64, BLOCK_N=128, DILATION_H=1, DILATION_W=1, GROUPS=4, KERNEL_H=3, KERNEL_W=3, PADDING_H=0, PADDING_W=0, STRIDE_H=2, STRIDE_W=2, num_stages=2, num_warps=4
  triton_convolution2d_bwd_weight_449 0.0650 ms 49.8% ALLOW_TF32=False, BLOCK_K=16, BLOCK_M=128, BLOCK_N=64, DILATION_H=1, DILATION_W=1, GROUPS=4, KERNEL_H=3, KERNEL_W=3, PADDING_H=0, PADDING_W=0, STRIDE_H=2, STRIDE_W=2, num_stages=4, num_warps=4
  triton_convolution2d_bwd_weight_446 0.0754 ms 42.9% ALLOW_TF32=False, BLOCK_K=16, BLOCK_M=256, BLOCK_N=64, DILATION_H=1, DILATION_W=1, GROUPS=4, KERNEL_H=3, KERNEL_W=3, PADDING_H=0, PADDING_W=0, STRIDE_H=2, STRIDE_W=2, num_stages=2, num_warps=8
  triton_convolution2d_bwd_weight_450 0.0918 ms 35.3% ALLOW_TF32=False, BLOCK_K=16, BLOCK_M=256, BLOCK_N=128, DILATION_H=1, DILATION_W=1, GROUPS=4, KERNEL_H=3, KERNEL_W=3, PADDING_H=0, PADDING_W=0, STRIDE_H=2, STRIDE_W=2, num_stages=2, num_warps=8
SingleProcess AUTOTUNE benchmarking takes 0.3650 seconds and 17.4919 seconds precompiling for 11 choices
Autotune Choices Stats:
{"num_choices": 11, "num_triton_choices": 11, "best_kernel": "triton_convolution2d_bwd_input_455", "best_kernel_desc": "ALLOW_TF32=False, BLOCK_K=16, BLOCK_M=64, BLOCK_N=64, DILATION_H=1, DILATION_W=1, GROUPS=4, KERNEL_H=3, KERNEL_W=3, PADDING_H=0, PADDING_W=0, STRIDE_H=2, STRIDE_W=2, num_stages=2, num_warps=4", "best_time": 0.046879999339580536, "best_triton_pos": 0}
AUTOTUNE convolution_bwd_input(2x128x7x7, 128x1x3x3)
strides: [s32**2*s38, s32**2, s32, 1], [s18**2, s18**2, s18, 1]
dtypes: torch.float32, torch.float32
  triton_convolution2d_bwd_input_455 0.0469 ms 100.0% ALLOW_TF32=False, BLOCK_K=16, BLOCK_M=64, BLOCK_N=64, DILATION_H=1, DILATION_W=1, GROUPS=4, KERNEL_H=3, KERNEL_W=3, PADDING_H=0, PADDING_W=0, STRIDE_H=2, STRIDE_W=2, num_stages=2, num_warps=4
  triton_convolution2d_bwd_input_459 0.0513 ms 91.4% ALLOW_TF32=False, BLOCK_K=16, BLOCK_M=64, BLOCK_N=128, DILATION_H=1, DILATION_W=1, GROUPS=4, KERNEL_H=3, KERNEL_W=3, PADDING_H=0, PADDING_W=0, STRIDE_H=2, STRIDE_W=2, num_stages=4, num_warps=4
  triton_convolution2d_bwd_input_451 0.0514 ms 91.3% ALLOW_TF32=False, BLOCK_K=16, BLOCK_M=64, BLOCK_N=128, DILATION_H=1, DILATION_W=1, GROUPS=4, KERNEL_H=3, KERNEL_W=3, PADDING_H=0, PADDING_W=0, STRIDE_H=2, STRIDE_W=2, num_stages=2, num_warps=4
  triton_convolution2d_bwd_input_456 0.0594 ms 79.0% ALLOW_TF32=False, BLOCK_K=16, BLOCK_M=64, BLOCK_N=128, DILATION_H=1, DILATION_W=1, GROUPS=4, KERNEL_H=3, KERNEL_W=3, PADDING_H=0, PADDING_W=0, STRIDE_H=2, STRIDE_W=2, num_stages=2, num_warps=8
  triton_convolution2d_bwd_input_460 0.0717 ms 65.4% ALLOW_TF32=False, BLOCK_K=16, BLOCK_M=128, BLOCK_N=64, DILATION_H=1, DILATION_W=1, GROUPS=4, KERNEL_H=3, KERNEL_W=3, PADDING_H=0, PADDING_W=0, STRIDE_H=2, STRIDE_W=2, num_stages=4, num_warps=4
  triton_convolution2d_bwd_input_453 0.1053 ms 44.5% ALLOW_TF32=False, BLOCK_K=16, BLOCK_M=512, BLOCK_N=16, DILATION_H=1, DILATION_W=1, GROUPS=4, KERNEL_H=3, KERNEL_W=3, PADDING_H=0, PADDING_W=0, STRIDE_H=2, STRIDE_W=2, num_stages=1, num_warps=8
  triton_convolution2d_bwd_input_454 0.1140 ms 41.1% ALLOW_TF32=False, BLOCK_K=16, BLOCK_M=128, BLOCK_N=128, DILATION_H=1, DILATION_W=1, GROUPS=4, KERNEL_H=3, KERNEL_W=3, PADDING_H=0, PADDING_W=0, STRIDE_H=2, STRIDE_W=2, num_stages=2, num_warps=8
  triton_convolution2d_bwd_input_458 0.1160 ms 40.4% ALLOW_TF32=False, BLOCK_K=16, BLOCK_M=128, BLOCK_N=128, DILATION_H=1, DILATION_W=1, GROUPS=4, KERNEL_H=3, KERNEL_W=3, PADDING_H=0, PADDING_W=0, STRIDE_H=2, STRIDE_W=2, num_stages=3, num_warps=8
  triton_convolution2d_bwd_input_457 0.1236 ms 37.9% ALLOW_TF32=False, BLOCK_K=16, BLOCK_M=256, BLOCK_N=64, DILATION_H=1, DILATION_W=1, GROUPS=4, KERNEL_H=3, KERNEL_W=3, PADDING_H=0, PADDING_W=0, STRIDE_H=2, STRIDE_W=2, num_stages=2, num_warps=8
  triton_convolution2d_bwd_input_452 0.1327 ms 35.3% ALLOW_TF32=False, BLOCK_K=16, BLOCK_M=256, BLOCK_N=64, DILATION_H=1, DILATION_W=1, GROUPS=4, KERNEL_H=3, KERNEL_W=3, PADDING_H=0, PADDING_W=0, STRIDE_H=2, STRIDE_W=2, num_stages=2, num_warps=4
SingleProcess AUTOTUNE benchmarking takes 0.3614 seconds and 0.0007 seconds precompiling for 11 choices
.Autotune Choices Stats:
{"num_choices": 11, "num_triton_choices": 11, "best_kernel": "triton_convolution2d_bwd_weight_466", "best_kernel_desc": "ALLOW_TF32=False, BLOCK_K=16, BLOCK_M=64, BLOCK_N=64, DILATION_H=1, DILATION_W=1, GROUPS=4, KERNEL_H=3, KERNEL_W=3, PADDING_H=0, PADDING_W=0, STRIDE_H=2, STRIDE_W=2, num_stages=2, num_warps=4", "best_time": 0.03171199932694435, "best_triton_pos": 0}
AUTOTUNE convolution_bwd_weight(2x4x16x16, 2x128x7x7)
strides: [s13**2*s37, s13, s13*s37, 1], [s32**2*s38, s32, s32*s38, 1]
dtypes: torch.float32, torch.float32
  triton_convolution2d_bwd_weight_466 0.0317 ms 100.0% ALLOW_TF32=False, BLOCK_K=16, BLOCK_M=64, BLOCK_N=64, DILATION_H=1, DILATION_W=1, GROUPS=4, KERNEL_H=3, KERNEL_W=3, PADDING_H=0, PADDING_W=0, STRIDE_H=2, STRIDE_W=2, num_stages=2, num_warps=4
  triton_convolution2d_bwd_weight_467 0.0432 ms 73.5% ALLOW_TF32=False, BLOCK_K=16, BLOCK_M=64, BLOCK_N=128, DILATION_H=1, DILATION_W=1, GROUPS=4, KERNEL_H=3, KERNEL_W=3, PADDING_H=0, PADDING_W=0, STRIDE_H=2, STRIDE_W=2, num_stages=2, num_warps=8
  triton_convolution2d_bwd_weight_469 0.0451 ms 70.3% ALLOW_TF32=False, BLOCK_K=16, BLOCK_M=128, BLOCK_N=128, DILATION_H=1, DILATION_W=1, GROUPS=4, KERNEL_H=3, KERNEL_W=3, PADDING_H=0, PADDING_W=0, STRIDE_H=2, STRIDE_W=2, num_stages=3, num_warps=8
  triton_convolution2d_bwd_weight_470 0.0533 ms 59.5% ALLOW_TF32=False, BLOCK_K=16, BLOCK_M=64, BLOCK_N=128, DILATION_H=1, DILATION_W=1, GROUPS=4, KERNEL_H=3, KERNEL_W=3, PADDING_H=0, PADDING_W=0, STRIDE_H=2, STRIDE_W=2, num_stages=4, num_warps=4
  triton_convolution2d_bwd_weight_465 0.0563 ms 56.4% ALLOW_TF32=False, BLOCK_K=16, BLOCK_M=128, BLOCK_N=128, DILATION_H=1, DILATION_W=1, GROUPS=4, KERNEL_H=3, KERNEL_W=3, PADDING_H=0, PADDING_W=0, STRIDE_H=2, STRIDE_W=2, num_stages=2, num_warps=8
  triton_convolution2d_bwd_weight_471 0.0580 ms 54.7% ALLOW_TF32=False, BLOCK_K=16, BLOCK_M=128, BLOCK_N=64, DILATION_H=1, DILATION_W=1, GROUPS=4, KERNEL_H=3, KERNEL_W=3, PADDING_H=0, PADDING_W=0, STRIDE_H=2, STRIDE_W=2, num_stages=4, num_warps=4
  triton_convolution2d_bwd_weight_464 0.0592 ms 53.5% ALLOW_TF32=False, BLOCK_K=16, BLOCK_M=512, BLOCK_N=16, DILATION_H=1, DILATION_W=1, GROUPS=4, KERNEL_H=3, KERNEL_W=3, PADDING_H=0, PADDING_W=0, STRIDE_H=2, STRIDE_W=2, num_stages=1, num_warps=8
  triton_convolution2d_bwd_weight_462 0.0596 ms 53.2% ALLOW_TF32=False, BLOCK_K=16, BLOCK_M=64, BLOCK_N=128, DILATION_H=1, DILATION_W=1, GROUPS=4, KERNEL_H=3, KERNEL_W=3, PADDING_H=0, PADDING_W=0, STRIDE_H=2, STRIDE_W=2, num_stages=2, num_warps=4
  triton_convolution2d_bwd_weight_468 0.0755 ms 42.0% ALLOW_TF32=False, BLOCK_K=16, BLOCK_M=256, BLOCK_N=64, DILATION_H=1, DILATION_W=1, GROUPS=4, KERNEL_H=3, KERNEL_W=3, PADDING_H=0, PADDING_W=0, STRIDE_H=2, STRIDE_W=2, num_stages=2, num_warps=8
  triton_convolution2d_bwd_weight_472 0.0925 ms 34.3% ALLOW_TF32=False, BLOCK_K=16, BLOCK_M=256, BLOCK_N=128, DILATION_H=1, DILATION_W=1, GROUPS=4, KERNEL_H=3, KERNEL_W=3, PADDING_H=0, PADDING_W=0, STRIDE_H=2, STRIDE_W=2, num_stages=2, num_warps=8
SingleProcess AUTOTUNE benchmarking takes 0.3778 seconds and 15.7972 seconds precompiling for 11 choices
Autotune Choices Stats:
{"num_choices": 11, "num_triton_choices": 11, "best_kernel": "triton_convolution2d_bwd_input_473", "best_kernel_desc": "ALLOW_TF32=False, BLOCK_K=16, BLOCK_M=64, BLOCK_N=128, DILATION_H=1, DILATION_W=1, GROUPS=4, KERNEL_H=3, KERNEL_W=3, PADDING_H=0, PADDING_W=0, STRIDE_H=2, STRIDE_W=2, num_stages=2, num_warps=4", "best_time": 0.051392000168561935, "best_triton_pos": 0}
AUTOTUNE convolution_bwd_input(2x128x7x7, 128x1x3x3)
strides: [s32**2*s38, 1, s32*s38, s38], [s18**2, 1, s18, 1]
dtypes: torch.float32, torch.float32
  triton_convolution2d_bwd_input_473 0.0514 ms 100.0% ALLOW_TF32=False, BLOCK_K=16, BLOCK_M=64, BLOCK_N=128, DILATION_H=1, DILATION_W=1, GROUPS=4, KERNEL_H=3, KERNEL_W=3, PADDING_H=0, PADDING_W=0, STRIDE_H=2, STRIDE_W=2, num_stages=2, num_warps=4
  triton_convolution2d_bwd_input_477 0.0530 ms 97.0% ALLOW_TF32=False, BLOCK_K=16, BLOCK_M=64, BLOCK_N=64, DILATION_H=1, DILATION_W=1, GROUPS=4, KERNEL_H=3, KERNEL_W=3, PADDING_H=0, PADDING_W=0, STRIDE_H=2, STRIDE_W=2, num_stages=2, num_warps=4
  triton_convolution2d_bwd_input_481 0.0530 ms 96.9% ALLOW_TF32=False, BLOCK_K=16, BLOCK_M=64, BLOCK_N=128, DILATION_H=1, DILATION_W=1, GROUPS=4, KERNEL_H=3, KERNEL_W=3, PADDING_H=0, PADDING_W=0, STRIDE_H=2, STRIDE_W=2, num_stages=4, num_warps=4
  triton_convolution2d_bwd_input_478 0.0610 ms 84.2% ALLOW_TF32=False, BLOCK_K=16, BLOCK_M=64, BLOCK_N=128, DILATION_H=1, DILATION_W=1, GROUPS=4, KERNEL_H=3, KERNEL_W=3, PADDING_H=0, PADDING_W=0, STRIDE_H=2, STRIDE_W=2, num_stages=2, num_warps=8
  triton_convolution2d_bwd_input_482 0.0696 ms 73.8% ALLOW_TF32=False, BLOCK_K=16, BLOCK_M=128, BLOCK_N=64, DILATION_H=1, DILATION_W=1, GROUPS=4, KERNEL_H=3, KERNEL_W=3, PADDING_H=0, PADDING_W=0, STRIDE_H=2, STRIDE_W=2, num_stages=4, num_warps=4
  triton_convolution2d_bwd_input_480 0.1074 ms 47.8% ALLOW_TF32=False, BLOCK_K=16, BLOCK_M=128, BLOCK_N=128, DILATION_H=1, DILATION_W=1, GROUPS=4, KERNEL_H=3, KERNEL_W=3, PADDING_H=0, PADDING_W=0, STRIDE_H=2, STRIDE_W=2, num_stages=3, num_warps=8
  triton_convolution2d_bwd_input_476 0.1096 ms 46.9% ALLOW_TF32=False, BLOCK_K=16, BLOCK_M=128, BLOCK_N=128, DILATION_H=1, DILATION_W=1, GROUPS=4, KERNEL_H=3, KERNEL_W=3, PADDING_H=0, PADDING_W=0, STRIDE_H=2, STRIDE_W=2, num_stages=2, num_warps=8
  triton_convolution2d_bwd_input_475 0.1099 ms 46.8% ALLOW_TF32=False, BLOCK_K=16, BLOCK_M=512, BLOCK_N=16, DILATION_H=1, DILATION_W=1, GROUPS=4, KERNEL_H=3, KERNEL_W=3, PADDING_H=0, PADDING_W=0, STRIDE_H=2, STRIDE_W=2, num_stages=1, num_warps=8
  triton_convolution2d_bwd_input_479 0.1100 ms 46.7% ALLOW_TF32=False, BLOCK_K=16, BLOCK_M=256, BLOCK_N=64, DILATION_H=1, DILATION_W=1, GROUPS=4, KERNEL_H=3, KERNEL_W=3, PADDING_H=0, PADDING_W=0, STRIDE_H=2, STRIDE_W=2, num_stages=2, num_warps=8
  triton_convolution2d_bwd_input_474 0.1369 ms 37.5% ALLOW_TF32=False, BLOCK_K=16, BLOCK_M=256, BLOCK_N=64, DILATION_H=1, DILATION_W=1, GROUPS=4, KERNEL_H=3, KERNEL_W=3, PADDING_H=0, PADDING_W=0, STRIDE_H=2, STRIDE_W=2, num_stages=2, num_warps=4
SingleProcess AUTOTUNE benchmarking takes 0.3735 seconds and 0.0008 seconds precompiling for 11 choices
.ssssAutotune Choices Stats:
{"num_choices": 11, "num_triton_choices": 11, "best_kernel": "triton_convolution2d_bwd_weight_488", "best_kernel_desc": "ALLOW_TF32=False, BLOCK_K=16, BLOCK_M=64, BLOCK_N=64, DILATION_H=1, DILATION_W=1, GROUPS=128, KERNEL_H=3, KERNEL_W=3, PADDING_H=0, PADDING_W=0, STRIDE_H=2, STRIDE_W=2, num_stages=2, num_warps=4", "best_time": 0.041152000427246094, "best_triton_pos": 0}
AUTOTUNE convolution_bwd_weight(2x128x16x16, 2x128x7x7)
strides: [s13**2*s37, s13**2, s13, 1], [s32**2*s37, s32**2, s32, 1]
dtypes: torch.float32, torch.float32
  triton_convolution2d_bwd_weight_488 0.0412 ms 100.0% ALLOW_TF32=False, BLOCK_K=16, BLOCK_M=64, BLOCK_N=64, DILATION_H=1, DILATION_W=1, GROUPS=128, KERNEL_H=3, KERNEL_W=3, PADDING_H=0, PADDING_W=0, STRIDE_H=2, STRIDE_W=2, num_stages=2, num_warps=4
  triton_convolution2d_bwd_weight_492 0.0695 ms 59.2% ALLOW_TF32=False, BLOCK_K=16, BLOCK_M=64, BLOCK_N=128, DILATION_H=1, DILATION_W=1, GROUPS=128, KERNEL_H=3, KERNEL_W=3, PADDING_H=0, PADDING_W=0, STRIDE_H=2, STRIDE_W=2, num_stages=4, num_warps=4
  triton_convolution2d_bwd_weight_489 0.0715 ms 57.6% ALLOW_TF32=False, BLOCK_K=16, BLOCK_M=64, BLOCK_N=128, DILATION_H=1, DILATION_W=1, GROUPS=128, KERNEL_H=3, KERNEL_W=3, PADDING_H=0, PADDING_W=0, STRIDE_H=2, STRIDE_W=2, num_stages=2, num_warps=8
  triton_convolution2d_bwd_weight_493 0.0725 ms 56.8% ALLOW_TF32=False, BLOCK_K=16, BLOCK_M=128, BLOCK_N=64, DILATION_H=1, DILATION_W=1, GROUPS=128, KERNEL_H=3, KERNEL_W=3, PADDING_H=0, PADDING_W=0, STRIDE_H=2, STRIDE_W=2, num_stages=4, num_warps=4
  triton_convolution2d_bwd_weight_484 0.0766 ms 53.7% ALLOW_TF32=False, BLOCK_K=16, BLOCK_M=64, BLOCK_N=128, DILATION_H=1, DILATION_W=1, GROUPS=128, KERNEL_H=3, KERNEL_W=3, PADDING_H=0, PADDING_W=0, STRIDE_H=2, STRIDE_W=2, num_stages=2, num_warps=4
  triton_convolution2d_bwd_weight_491 0.0854 ms 48.2% ALLOW_TF32=False, BLOCK_K=16, BLOCK_M=128, BLOCK_N=128, DILATION_H=1, DILATION_W=1, GROUPS=128, KERNEL_H=3, KERNEL_W=3, PADDING_H=0, PADDING_W=0, STRIDE_H=2, STRIDE_W=2, num_stages=3, num_warps=8
  triton_convolution2d_bwd_weight_487 0.1045 ms 39.4% ALLOW_TF32=False, BLOCK_K=16, BLOCK_M=128, BLOCK_N=128, DILATION_H=1, DILATION_W=1, GROUPS=128, KERNEL_H=3, KERNEL_W=3, PADDING_H=0, PADDING_W=0, STRIDE_H=2, STRIDE_W=2, num_stages=2, num_warps=8
  triton_convolution2d_bwd_weight_490 0.1280 ms 32.1% ALLOW_TF32=False, BLOCK_K=16, BLOCK_M=256, BLOCK_N=64, DILATION_H=1, DILATION_W=1, GROUPS=128, KERNEL_H=3, KERNEL_W=3, PADDING_H=0, PADDING_W=0, STRIDE_H=2, STRIDE_W=2, num_stages=2, num_warps=8
  triton_convolution2d_bwd_weight_486 0.1333 ms 30.9% ALLOW_TF32=False, BLOCK_K=16, BLOCK_M=512, BLOCK_N=16, DILATION_H=1, DILATION_W=1, GROUPS=128, KERNEL_H=3, KERNEL_W=3, PADDING_H=0, PADDING_W=0, STRIDE_H=2, STRIDE_W=2, num_stages=1, num_warps=8
  triton_convolution2d_bwd_weight_485 0.1351 ms 30.5% ALLOW_TF32=False, BLOCK_K=16, BLOCK_M=256, BLOCK_N=64, DILATION_H=1, DILATION_W=1, GROUPS=128, KERNEL_H=3, KERNEL_W=3, PADDING_H=0, PADDING_W=0, STRIDE_H=2, STRIDE_W=2, num_stages=2, num_warps=4
SingleProcess AUTOTUNE benchmarking takes 0.3738 seconds and 16.4380 seconds precompiling for 11 choices
Autotune Choices Stats:
{"num_choices": 11, "num_triton_choices": 11, "best_kernel": "triton_convolution2d_bwd_input_504", "best_kernel_desc": "ALLOW_TF32=False, BLOCK_K=16, BLOCK_M=128, BLOCK_N=64, DILATION_H=1, DILATION_W=1, GROUPS=128, KERNEL_H=3, KERNEL_W=3, PADDING_H=0, PADDING_W=0, STRIDE_H=2, STRIDE_W=2, num_stages=4, num_warps=4", "best_time": 0.016416000202298164, "best_triton_pos": 0}
AUTOTUNE convolution_bwd_input(2x128x7x7, 128x1x3x3)
strides: [s32**2*s37, s32**2, s32, 1], [s18**2, s18**2, s18, 1]
dtypes: torch.float32, torch.float32
  triton_convolution2d_bwd_input_504 0.0164 ms 100.0% ALLOW_TF32=False, BLOCK_K=16, BLOCK_M=128, BLOCK_N=64, DILATION_H=1, DILATION_W=1, GROUPS=128, KERNEL_H=3, KERNEL_W=3, PADDING_H=0, PADDING_W=0, STRIDE_H=2, STRIDE_W=2, num_stages=4, num_warps=4
  triton_convolution2d_bwd_input_497 0.0165 ms 99.2% ALLOW_TF32=False, BLOCK_K=16, BLOCK_M=512, BLOCK_N=16, DILATION_H=1, DILATION_W=1, GROUPS=128, KERNEL_H=3, KERNEL_W=3, PADDING_H=0, PADDING_W=0, STRIDE_H=2, STRIDE_W=2, num_stages=1, num_warps=8
  triton_convolution2d_bwd_input_499 0.0171 ms 95.9% ALLOW_TF32=False, BLOCK_K=16, BLOCK_M=64, BLOCK_N=64, DILATION_H=1, DILATION_W=1, GROUPS=128, KERNEL_H=3, KERNEL_W=3, PADDING_H=0, PADDING_W=0, STRIDE_H=2, STRIDE_W=2, num_stages=2, num_warps=4
  triton_convolution2d_bwd_input_496 0.0200 ms 81.9% ALLOW_TF32=False, BLOCK_K=16, BLOCK_M=256, BLOCK_N=64, DILATION_H=1, DILATION_W=1, GROUPS=128, KERNEL_H=3, KERNEL_W=3, PADDING_H=0, PADDING_W=0, STRIDE_H=2, STRIDE_W=2, num_stages=2, num_warps=4
  triton_convolution2d_bwd_input_501 0.0209 ms 78.4% ALLOW_TF32=False, BLOCK_K=16, BLOCK_M=256, BLOCK_N=64, DILATION_H=1, DILATION_W=1, GROUPS=128, KERNEL_H=3, KERNEL_W=3, PADDING_H=0, PADDING_W=0, STRIDE_H=2, STRIDE_W=2, num_stages=2, num_warps=8
  triton_convolution2d_bwd_input_495 0.0244 ms 67.4% ALLOW_TF32=False, BLOCK_K=16, BLOCK_M=64, BLOCK_N=128, DILATION_H=1, DILATION_W=1, GROUPS=128, KERNEL_H=3, KERNEL_W=3, PADDING_H=0, PADDING_W=0, STRIDE_H=2, STRIDE_W=2, num_stages=2, num_warps=4
  triton_convolution2d_bwd_input_503 0.0244 ms 67.3% ALLOW_TF32=False, BLOCK_K=16, BLOCK_M=64, BLOCK_N=128, DILATION_H=1, DILATION_W=1, GROUPS=128, KERNEL_H=3, KERNEL_W=3, PADDING_H=0, PADDING_W=0, STRIDE_H=2, STRIDE_W=2, num_stages=4, num_warps=4
  triton_convolution2d_bwd_input_500 0.0271 ms 60.6% ALLOW_TF32=False, BLOCK_K=16, BLOCK_M=64, BLOCK_N=128, DILATION_H=1, DILATION_W=1, GROUPS=128, KERNEL_H=3, KERNEL_W=3, PADDING_H=0, PADDING_W=0, STRIDE_H=2, STRIDE_W=2, num_stages=2, num_warps=8
  triton_convolution2d_bwd_input_498 0.0273 ms 60.1% ALLOW_TF32=False, BLOCK_K=16, BLOCK_M=128, BLOCK_N=128, DILATION_H=1, DILATION_W=1, GROUPS=128, KERNEL_H=3, KERNEL_W=3, PADDING_H=0, PADDING_W=0, STRIDE_H=2, STRIDE_W=2, num_stages=2, num_warps=8
  triton_convolution2d_bwd_input_502 0.0275 ms 59.8% ALLOW_TF32=False, BLOCK_K=16, BLOCK_M=128, BLOCK_N=128, DILATION_H=1, DILATION_W=1, GROUPS=128, KERNEL_H=3, KERNEL_W=3, PADDING_H=0, PADDING_W=0, STRIDE_H=2, STRIDE_W=2, num_stages=3, num_warps=8
SingleProcess AUTOTUNE benchmarking takes 0.3065 seconds and 0.0006 seconds precompiling for 11 choices
.Autotune Choices Stats:
{"num_choices": 11, "num_triton_choices": 11, "best_kernel": "triton_convolution2d_bwd_weight_510", "best_kernel_desc": "ALLOW_TF32=False, BLOCK_K=16, BLOCK_M=64, BLOCK_N=64, DILATION_H=1, DILATION_W=1, GROUPS=128, KERNEL_H=3, KERNEL_W=3, PADDING_H=0, PADDING_W=0, STRIDE_H=2, STRIDE_W=2, num_stages=2, num_warps=4", "best_time": 0.04105599969625473, "best_triton_pos": 0}
AUTOTUNE convolution_bwd_weight(2x128x16x16, 2x128x7x7)
strides: [s13**2*s37, s13, s13*s37, 1], [s32**2*s37, s32, s32*s37, 1]
dtypes: torch.float32, torch.float32
  triton_convolution2d_bwd_weight_510 0.0411 ms 100.0% ALLOW_TF32=False, BLOCK_K=16, BLOCK_M=64, BLOCK_N=64, DILATION_H=1, DILATION_W=1, GROUPS=128, KERNEL_H=3, KERNEL_W=3, PADDING_H=0, PADDING_W=0, STRIDE_H=2, STRIDE_W=2, num_stages=2, num_warps=4
  triton_convolution2d_bwd_weight_511 0.0651 ms 63.0% ALLOW_TF32=False, BLOCK_K=16, BLOCK_M=64, BLOCK_N=128, DILATION_H=1, DILATION_W=1, GROUPS=128, KERNEL_H=3, KERNEL_W=3, PADDING_H=0, PADDING_W=0, STRIDE_H=2, STRIDE_W=2, num_stages=2, num_warps=8
  triton_convolution2d_bwd_weight_514 0.0771 ms 53.3% ALLOW_TF32=False, BLOCK_K=16, BLOCK_M=64, BLOCK_N=128, DILATION_H=1, DILATION_W=1, GROUPS=128, KERNEL_H=3, KERNEL_W=3, PADDING_H=0, PADDING_W=0, STRIDE_H=2, STRIDE_W=2, num_stages=4, num_warps=4
  triton_convolution2d_bwd_weight_506 0.0777 ms 52.9% ALLOW_TF32=False, BLOCK_K=16, BLOCK_M=64, BLOCK_N=128, DILATION_H=1, DILATION_W=1, GROUPS=128, KERNEL_H=3, KERNEL_W=3, PADDING_H=0, PADDING_W=0, STRIDE_H=2, STRIDE_W=2, num_stages=2, num_warps=4
  triton_convolution2d_bwd_weight_515 0.0813 ms 50.5% ALLOW_TF32=False, BLOCK_K=16, BLOCK_M=128, BLOCK_N=64, DILATION_H=1, DILATION_W=1, GROUPS=128, KERNEL_H=3, KERNEL_W=3, PADDING_H=0, PADDING_W=0, STRIDE_H=2, STRIDE_W=2, num_stages=4, num_warps=4
  triton_convolution2d_bwd_weight_513 0.0956 ms 42.9% ALLOW_TF32=False, BLOCK_K=16, BLOCK_M=128, BLOCK_N=128, DILATION_H=1, DILATION_W=1, GROUPS=128, KERNEL_H=3, KERNEL_W=3, PADDING_H=0, PADDING_W=0, STRIDE_H=2, STRIDE_W=2, num_stages=3, num_warps=8
  triton_convolution2d_bwd_weight_509 0.1060 ms 38.7% ALLOW_TF32=False, BLOCK_K=16, BLOCK_M=128, BLOCK_N=128, DILATION_H=1, DILATION_W=1, GROUPS=128, KERNEL_H=3, KERNEL_W=3, PADDING_H=0, PADDING_W=0, STRIDE_H=2, STRIDE_W=2, num_stages=2, num_warps=8
  triton_convolution2d_bwd_weight_512 0.1169 ms 35.1% ALLOW_TF32=False, BLOCK_K=16, BLOCK_M=256, BLOCK_N=64, DILATION_H=1, DILATION_W=1, GROUPS=128, KERNEL_H=3, KERNEL_W=3, PADDING_H=0, PADDING_W=0, STRIDE_H=2, STRIDE_W=2, num_stages=2, num_warps=8
  triton_convolution2d_bwd_weight_508 0.1346 ms 30.5% ALLOW_TF32=False, BLOCK_K=16, BLOCK_M=512, BLOCK_N=16, DILATION_H=1, DILATION_W=1, GROUPS=128, KERNEL_H=3, KERNEL_W=3, PADDING_H=0, PADDING_W=0, STRIDE_H=2, STRIDE_W=2, num_stages=1, num_warps=8
  triton_convolution2d_bwd_weight_507 0.1358 ms 30.2% ALLOW_TF32=False, BLOCK_K=16, BLOCK_M=256, BLOCK_N=64, DILATION_H=1, DILATION_W=1, GROUPS=128, KERNEL_H=3, KERNEL_W=3, PADDING_H=0, PADDING_W=0, STRIDE_H=2, STRIDE_W=2, num_stages=2, num_warps=4
SingleProcess AUTOTUNE benchmarking takes 0.3811 seconds and 15.3946 seconds precompiling for 11 choices
Autotune Choices Stats:
{"num_choices": 11, "num_triton_choices": 11, "best_kernel": "triton_convolution2d_bwd_input_526", "best_kernel_desc": "ALLOW_TF32=False, BLOCK_K=16, BLOCK_M=128, BLOCK_N=64, DILATION_H=1, DILATION_W=1, GROUPS=128, KERNEL_H=3, KERNEL_W=3, PADDING_H=0, PADDING_W=0, STRIDE_H=2, STRIDE_W=2, num_stages=4, num_warps=4", "best_time": 0.018400000408291817, "best_triton_pos": 0}
AUTOTUNE convolution_bwd_input(2x128x7x7, 128x1x3x3)
strides: [s32**2*s37, 1, s32*s37, s37], [s18**2, 1, s18, 1]
dtypes: torch.float32, torch.float32
  triton_convolution2d_bwd_input_526 0.0184 ms 100.0% ALLOW_TF32=False, BLOCK_K=16, BLOCK_M=128, BLOCK_N=64, DILATION_H=1, DILATION_W=1, GROUPS=128, KERNEL_H=3, KERNEL_W=3, PADDING_H=0, PADDING_W=0, STRIDE_H=2, STRIDE_W=2, num_stages=4, num_warps=4
  triton_convolution2d_bwd_input_521 0.0185 ms 99.3% ALLOW_TF32=False, BLOCK_K=16, BLOCK_M=64, BLOCK_N=64, DILATION_H=1, DILATION_W=1, GROUPS=128, KERNEL_H=3, KERNEL_W=3, PADDING_H=0, PADDING_W=0, STRIDE_H=2, STRIDE_W=2, num_stages=2, num_warps=4
  triton_convolution2d_bwd_input_519 0.0205 ms 89.8% ALLOW_TF32=False, BLOCK_K=16, BLOCK_M=512, BLOCK_N=16, DILATION_H=1, DILATION_W=1, GROUPS=128, KERNEL_H=3, KERNEL_W=3, PADDING_H=0, PADDING_W=0, STRIDE_H=2, STRIDE_W=2, num_stages=1, num_warps=8
  triton_convolution2d_bwd_input_518 0.0232 ms 79.3% ALLOW_TF32=False, BLOCK_K=16, BLOCK_M=256, BLOCK_N=64, DILATION_H=1, DILATION_W=1, GROUPS=128, KERNEL_H=3, KERNEL_W=3, PADDING_H=0, PADDING_W=0, STRIDE_H=2, STRIDE_W=2, num_stages=2, num_warps=4
  triton_convolution2d_bwd_input_523 0.0252 ms 72.9% ALLOW_TF32=False, BLOCK_K=16, BLOCK_M=256, BLOCK_N=64, DILATION_H=1, DILATION_W=1, GROUPS=128, KERNEL_H=3, KERNEL_W=3, PADDING_H=0, PADDING_W=0, STRIDE_H=2, STRIDE_W=2, num_stages=2, num_warps=8
  triton_convolution2d_bwd_input_517 0.0260 ms 70.6% ALLOW_TF32=False, BLOCK_K=16, BLOCK_M=64, BLOCK_N=128, DILATION_H=1, DILATION_W=1, GROUPS=128, KERNEL_H=3, KERNEL_W=3, PADDING_H=0, PADDING_W=0, STRIDE_H=2, STRIDE_W=2, num_stages=2, num_warps=4
  triton_convolution2d_bwd_input_525 0.0260 ms 70.6% ALLOW_TF32=False, BLOCK_K=16, BLOCK_M=64, BLOCK_N=128, DILATION_H=1, DILATION_W=1, GROUPS=128, KERNEL_H=3, KERNEL_W=3, PADDING_H=0, PADDING_W=0, STRIDE_H=2, STRIDE_W=2, num_stages=4, num_warps=4
  triton_convolution2d_bwd_input_522 0.0328 ms 56.2% ALLOW_TF32=False, BLOCK_K=16, BLOCK_M=64, BLOCK_N=128, DILATION_H=1, DILATION_W=1, GROUPS=128, KERNEL_H=3, KERNEL_W=3, PADDING_H=0, PADDING_W=0, STRIDE_H=2, STRIDE_W=2, num_stages=2, num_warps=8
  triton_convolution2d_bwd_input_520 0.0372 ms 49.5% ALLOW_TF32=False, BLOCK_K=16, BLOCK_M=128, BLOCK_N=128, DILATION_H=1, DILATION_W=1, GROUPS=128, KERNEL_H=3, KERNEL_W=3, PADDING_H=0, PADDING_W=0, STRIDE_H=2, STRIDE_W=2, num_stages=2, num_warps=8
  triton_convolution2d_bwd_input_524 0.0372 ms 49.4% ALLOW_TF32=False, BLOCK_K=16, BLOCK_M=128, BLOCK_N=128, DILATION_H=1, DILATION_W=1, GROUPS=128, KERNEL_H=3, KERNEL_W=3, PADDING_H=0, PADDING_W=0, STRIDE_H=2, STRIDE_W=2, num_stages=3, num_warps=8
SingleProcess AUTOTUNE benchmarking takes 0.3183 seconds and 0.0006 seconds precompiling for 11 choices
.ssssAutotune Choices Stats:
{"num_choices": 11, "num_triton_choices": 11, "best_kernel": "triton_convolution2d_bwd_weight_532", "best_kernel_desc": "ALLOW_TF32=False, BLOCK_K=16, BLOCK_M=64, BLOCK_N=64, DILATION_H=1, DILATION_W=1, GROUPS=4, KERNEL_H=1, KERNEL_W=1, PADDING_H=1, PADDING_W=1, STRIDE_H=2, STRIDE_W=2, num_stages=2, num_warps=4", "best_time": 0.043296001851558685, "best_triton_pos": 0}
AUTOTUNE convolution_bwd_weight(2x4x16x16, 2x128x9x9)
strides: [s13**2*s37, s13**2, s13, 1], [s32**2*s38, s32**2, s32, 1]
dtypes: torch.float32, torch.float32
  triton_convolution2d_bwd_weight_532 0.0433 ms 100.0% ALLOW_TF32=False, BLOCK_K=16, BLOCK_M=64, BLOCK_N=64, DILATION_H=1, DILATION_W=1, GROUPS=4, KERNEL_H=1, KERNEL_W=1, PADDING_H=1, PADDING_W=1, STRIDE_H=2, STRIDE_W=2, num_stages=2, num_warps=4
  triton_convolution2d_bwd_weight_533 0.0644 ms 67.3% ALLOW_TF32=False, BLOCK_K=16, BLOCK_M=64, BLOCK_N=128, DILATION_H=1, DILATION_W=1, GROUPS=4, KERNEL_H=1, KERNEL_W=1, PADDING_H=1, PADDING_W=1, STRIDE_H=2, STRIDE_W=2, num_stages=2, num_warps=8
  triton_convolution2d_bwd_weight_535 0.0760 ms 57.0% ALLOW_TF32=False, BLOCK_K=16, BLOCK_M=128, BLOCK_N=128, DILATION_H=1, DILATION_W=1, GROUPS=4, KERNEL_H=1, KERNEL_W=1, PADDING_H=1, PADDING_W=1, STRIDE_H=2, STRIDE_W=2, num_stages=3, num_warps=8
  triton_convolution2d_bwd_weight_530 0.0809 ms 53.5% ALLOW_TF32=False, BLOCK_K=16, BLOCK_M=512, BLOCK_N=16, DILATION_H=1, DILATION_W=1, GROUPS=4, KERNEL_H=1, KERNEL_W=1, PADDING_H=1, PADDING_W=1, STRIDE_H=2, STRIDE_W=2, num_stages=1, num_warps=8
  triton_convolution2d_bwd_weight_531 0.0849 ms 51.0% ALLOW_TF32=False, BLOCK_K=16, BLOCK_M=128, BLOCK_N=128, DILATION_H=1, DILATION_W=1, GROUPS=4, KERNEL_H=1, KERNEL_W=1, PADDING_H=1, PADDING_W=1, STRIDE_H=2, STRIDE_W=2, num_stages=2, num_warps=8
  triton_convolution2d_bwd_weight_528 0.0873 ms 49.6% ALLOW_TF32=False, BLOCK_K=16, BLOCK_M=64, BLOCK_N=128, DILATION_H=1, DILATION_W=1, GROUPS=4, KERNEL_H=1, KERNEL_W=1, PADDING_H=1, PADDING_W=1, STRIDE_H=2, STRIDE_W=2, num_stages=2, num_warps=4
  triton_convolution2d_bwd_weight_536 0.0900 ms 48.1% ALLOW_TF32=False, BLOCK_K=16, BLOCK_M=64, BLOCK_N=128, DILATION_H=1, DILATION_W=1, GROUPS=4, KERNEL_H=1, KERNEL_W=1, PADDING_H=1, PADDING_W=1, STRIDE_H=2, STRIDE_W=2, num_stages=4, num_warps=4
  triton_convolution2d_bwd_weight_537 0.0946 ms 45.8% ALLOW_TF32=False, BLOCK_K=16, BLOCK_M=128, BLOCK_N=64, DILATION_H=1, DILATION_W=1, GROUPS=4, KERNEL_H=1, KERNEL_W=1, PADDING_H=1, PADDING_W=1, STRIDE_H=2, STRIDE_W=2, num_stages=4, num_warps=4
  triton_convolution2d_bwd_weight_529 0.1110 ms 39.0% ALLOW_TF32=False, BLOCK_K=16, BLOCK_M=256, BLOCK_N=64, DILATION_H=1, DILATION_W=1, GROUPS=4, KERNEL_H=1, KERNEL_W=1, PADDING_H=1, PADDING_W=1, STRIDE_H=2, STRIDE_W=2, num_stages=2, num_warps=4
  triton_convolution2d_bwd_weight_534 0.1212 ms 35.7% ALLOW_TF32=False, BLOCK_K=16, BLOCK_M=256, BLOCK_N=64, DILATION_H=1, DILATION_W=1, GROUPS=4, KERNEL_H=1, KERNEL_W=1, PADDING_H=1, PADDING_W=1, STRIDE_H=2, STRIDE_W=2, num_stages=2, num_warps=8
SingleProcess AUTOTUNE benchmarking takes 0.3670 seconds and 13.0930 seconds precompiling for 11 choices
Autotune Choices Stats:
{"num_choices": 11, "num_triton_choices": 11, "best_kernel": "triton_convolution2d_bwd_input_543", "best_kernel_desc": "ALLOW_TF32=False, BLOCK_K=16, BLOCK_M=64, BLOCK_N=64, DILATION_H=1, DILATION_W=1, GROUPS=4, KERNEL_H=1, KERNEL_W=1, PADDING_H=1, PADDING_W=1, STRIDE_H=2, STRIDE_W=2, num_stages=2, num_warps=4", "best_time": 0.009952000342309475, "best_triton_pos": 0}
AUTOTUNE convolution_bwd_input(2x128x9x9, 128x1x1x1)
strides: [s32**2*s38, s32**2, s32, 1], [1, 1, 1, 1]
dtypes: torch.float32, torch.float32
  triton_convolution2d_bwd_input_543 0.0100 ms 100.0% ALLOW_TF32=False, BLOCK_K=16, BLOCK_M=64, BLOCK_N=64, DILATION_H=1, DILATION_W=1, GROUPS=4, KERNEL_H=1, KERNEL_W=1, PADDING_H=1, PADDING_W=1, STRIDE_H=2, STRIDE_W=2, num_stages=2, num_warps=4
  triton_convolution2d_bwd_input_544 0.0118 ms 84.3% ALLOW_TF32=False, BLOCK_K=16, BLOCK_M=64, BLOCK_N=128, DILATION_H=1, DILATION_W=1, GROUPS=4, KERNEL_H=1, KERNEL_W=1, PADDING_H=1, PADDING_W=1, STRIDE_H=2, STRIDE_W=2, num_stages=2, num_warps=8
  triton_convolution2d_bwd_input_547 0.0119 ms 83.6% ALLOW_TF32=False, BLOCK_K=16, BLOCK_M=64, BLOCK_N=128, DILATION_H=1, DILATION_W=1, GROUPS=4, KERNEL_H=1, KERNEL_W=1, PADDING_H=1, PADDING_W=1, STRIDE_H=2, STRIDE_W=2, num_stages=4, num_warps=4
  triton_convolution2d_bwd_input_539 0.0120 ms 82.9% ALLOW_TF32=False, BLOCK_K=16, BLOCK_M=64, BLOCK_N=128, DILATION_H=1, DILATION_W=1, GROUPS=4, KERNEL_H=1, KERNEL_W=1, PADDING_H=1, PADDING_W=1, STRIDE_H=2, STRIDE_W=2, num_stages=2, num_warps=4
  triton_convolution2d_bwd_input_548 0.0122 ms 81.8% ALLOW_TF32=False, BLOCK_K=16, BLOCK_M=128, BLOCK_N=64, DILATION_H=1, DILATION_W=1, GROUPS=4, KERNEL_H=1, KERNEL_W=1, PADDING_H=1, PADDING_W=1, STRIDE_H=2, STRIDE_W=2, num_stages=4, num_warps=4
  triton_convolution2d_bwd_input_546 0.0154 ms 64.8% ALLOW_TF32=False, BLOCK_K=16, BLOCK_M=128, BLOCK_N=128, DILATION_H=1, DILATION_W=1, GROUPS=4, KERNEL_H=1, KERNEL_W=1, PADDING_H=1, PADDING_W=1, STRIDE_H=2, STRIDE_W=2, num_stages=3, num_warps=8
  triton_convolution2d_bwd_input_542 0.0157 ms 63.2% ALLOW_TF32=False, BLOCK_K=16, BLOCK_M=128, BLOCK_N=128, DILATION_H=1, DILATION_W=1, GROUPS=4, KERNEL_H=1, KERNEL_W=1, PADDING_H=1, PADDING_W=1, STRIDE_H=2, STRIDE_W=2, num_stages=2, num_warps=8
  triton_convolution2d_bwd_input_545 0.0172 ms 57.9% ALLOW_TF32=False, BLOCK_K=16, BLOCK_M=256, BLOCK_N=64, DILATION_H=1, DILATION_W=1, GROUPS=4, KERNEL_H=1, KERNEL_W=1, PADDING_H=1, PADDING_W=1, STRIDE_H=2, STRIDE_W=2, num_stages=2, num_warps=8
  triton_convolution2d_bwd_input_541 0.0179 ms 55.5% ALLOW_TF32=False, BLOCK_K=16, BLOCK_M=512, BLOCK_N=16, DILATION_H=1, DILATION_W=1, GROUPS=4, KERNEL_H=1, KERNEL_W=1, PADDING_H=1, PADDING_W=1, STRIDE_H=2, STRIDE_W=2, num_stages=1, num_warps=8
  triton_convolution2d_bwd_input_540 0.0186 ms 53.5% ALLOW_TF32=False, BLOCK_K=16, BLOCK_M=256, BLOCK_N=64, DILATION_H=1, DILATION_W=1, GROUPS=4, KERNEL_H=1, KERNEL_W=1, PADDING_H=1, PADDING_W=1, STRIDE_H=2, STRIDE_W=2, num_stages=2, num_warps=4
SingleProcess AUTOTUNE benchmarking takes 0.3052 seconds and 0.0006 seconds precompiling for 11 choices
.Autotune Choices Stats:
{"num_choices": 11, "num_triton_choices": 11, "best_kernel": "triton_convolution2d_bwd_weight_554", "best_kernel_desc": "ALLOW_TF32=False, BLOCK_K=16, BLOCK_M=64, BLOCK_N=64, DILATION_H=1, DILATION_W=1, GROUPS=4, KERNEL_H=1, KERNEL_W=1, PADDING_H=1, PADDING_W=1, STRIDE_H=2, STRIDE_W=2, num_stages=2, num_warps=4", "best_time": 0.061184000223875046, "best_triton_pos": 0}
AUTOTUNE convolution_bwd_weight(2x4x16x16, 2x128x9x9)
strides: [s13**2*s37, s13**2, s13, 1], [s32**2*s38, s32**2, s32, 1]
dtypes: torch.float32, torch.float32
  triton_convolution2d_bwd_weight_554 0.0612 ms 100.0% ALLOW_TF32=False, BLOCK_K=16, BLOCK_M=64, BLOCK_N=64, DILATION_H=1, DILATION_W=1, GROUPS=4, KERNEL_H=1, KERNEL_W=1, PADDING_H=1, PADDING_W=1, STRIDE_H=2, STRIDE_W=2, num_stages=2, num_warps=4
  triton_convolution2d_bwd_weight_555 0.0651 ms 94.0% ALLOW_TF32=False, BLOCK_K=16, BLOCK_M=64, BLOCK_N=128, DILATION_H=1, DILATION_W=1, GROUPS=4, KERNEL_H=1, KERNEL_W=1, PADDING_H=1, PADDING_W=1, STRIDE_H=2, STRIDE_W=2, num_stages=2, num_warps=8
  triton_convolution2d_bwd_weight_557 0.0770 ms 79.4% ALLOW_TF32=False, BLOCK_K=16, BLOCK_M=128, BLOCK_N=128, DILATION_H=1, DILATION_W=1, GROUPS=4, KERNEL_H=1, KERNEL_W=1, PADDING_H=1, PADDING_W=1, STRIDE_H=2, STRIDE_W=2, num_stages=3, num_warps=8
  triton_convolution2d_bwd_weight_559 0.0781 ms 78.4% ALLOW_TF32=False, BLOCK_K=16, BLOCK_M=128, BLOCK_N=64, DILATION_H=1, DILATION_W=1, GROUPS=4, KERNEL_H=1, KERNEL_W=1, PADDING_H=1, PADDING_W=1, STRIDE_H=2, STRIDE_W=2, num_stages=4, num_warps=4
  triton_convolution2d_bwd_weight_552 0.0808 ms 75.7% ALLOW_TF32=False, BLOCK_K=16, BLOCK_M=512, BLOCK_N=16, DILATION_H=1, DILATION_W=1, GROUPS=4, KERNEL_H=1, KERNEL_W=1, PADDING_H=1, PADDING_W=1, STRIDE_H=2, STRIDE_W=2, num_stages=1, num_warps=8
  triton_convolution2d_bwd_weight_553 0.0849 ms 72.0% ALLOW_TF32=False, BLOCK_K=16, BLOCK_M=128, BLOCK_N=128, DILATION_H=1, DILATION_W=1, GROUPS=4, KERNEL_H=1, KERNEL_W=1, PADDING_H=1, PADDING_W=1, STRIDE_H=2, STRIDE_W=2, num_stages=2, num_warps=8
  triton_convolution2d_bwd_weight_550 0.0872 ms 70.1% ALLOW_TF32=False, BLOCK_K=16, BLOCK_M=64, BLOCK_N=128, DILATION_H=1, DILATION_W=1, GROUPS=4, KERNEL_H=1, KERNEL_W=1, PADDING_H=1, PADDING_W=1, STRIDE_H=2, STRIDE_W=2, num_stages=2, num_warps=4
  triton_convolution2d_bwd_weight_558 0.0911 ms 67.1% ALLOW_TF32=False, BLOCK_K=16, BLOCK_M=64, BLOCK_N=128, DILATION_H=1, DILATION_W=1, GROUPS=4, KERNEL_H=1, KERNEL_W=1, PADDING_H=1, PADDING_W=1, STRIDE_H=2, STRIDE_W=2, num_stages=4, num_warps=4
  triton_convolution2d_bwd_weight_551 0.1110 ms 55.1% ALLOW_TF32=False, BLOCK_K=16, BLOCK_M=256, BLOCK_N=64, DILATION_H=1, DILATION_W=1, GROUPS=4, KERNEL_H=1, KERNEL_W=1, PADDING_H=1, PADDING_W=1, STRIDE_H=2, STRIDE_W=2, num_stages=2, num_warps=4
  triton_convolution2d_bwd_weight_556 0.1146 ms 53.4% ALLOW_TF32=False, BLOCK_K=16, BLOCK_M=256, BLOCK_N=64, DILATION_H=1, DILATION_W=1, GROUPS=4, KERNEL_H=1, KERNEL_W=1, PADDING_H=1, PADDING_W=1, STRIDE_H=2, STRIDE_W=2, num_stages=2, num_warps=8
SingleProcess AUTOTUNE benchmarking takes 0.3650 seconds and 12.9616 seconds precompiling for 11 choices
Autotune Choices Stats:
{"num_choices": 11, "num_triton_choices": 11, "best_kernel": "triton_convolution2d_bwd_input_565", "best_kernel_desc": "ALLOW_TF32=False, BLOCK_K=16, BLOCK_M=64, BLOCK_N=64, DILATION_H=1, DILATION_W=1, GROUPS=4, KERNEL_H=1, KERNEL_W=1, PADDING_H=1, PADDING_W=1, STRIDE_H=2, STRIDE_W=2, num_stages=2, num_warps=4", "best_time": 0.009952000342309475, "best_triton_pos": 0}
AUTOTUNE convolution_bwd_input(2x128x9x9, 128x1x1x1)
strides: [s32**2*s38, s32**2, s32, 1], [1, 1, 1, 1]
dtypes: torch.float32, torch.float32
  triton_convolution2d_bwd_input_565 0.0100 ms 100.0% ALLOW_TF32=False, BLOCK_K=16, BLOCK_M=64, BLOCK_N=64, DILATION_H=1, DILATION_W=1, GROUPS=4, KERNEL_H=1, KERNEL_W=1, PADDING_H=1, PADDING_W=1, STRIDE_H=2, STRIDE_W=2, num_stages=2, num_warps=4
  triton_convolution2d_bwd_input_569 0.0119 ms 83.4% ALLOW_TF32=False, BLOCK_K=16, BLOCK_M=64, BLOCK_N=128, DILATION_H=1, DILATION_W=1, GROUPS=4, KERNEL_H=1, KERNEL_W=1, PADDING_H=1, PADDING_W=1, STRIDE_H=2, STRIDE_W=2, num_stages=4, num_warps=4
  triton_convolution2d_bwd_input_570 0.0121 ms 82.5% ALLOW_TF32=False, BLOCK_K=16, BLOCK_M=128, BLOCK_N=64, DILATION_H=1, DILATION_W=1, GROUPS=4, KERNEL_H=1, KERNEL_W=1, PADDING_H=1, PADDING_W=1, STRIDE_H=2, STRIDE_W=2, num_stages=4, num_warps=4
  triton_convolution2d_bwd_input_566 0.0122 ms 81.8% ALLOW_TF32=False, BLOCK_K=16, BLOCK_M=64, BLOCK_N=128, DILATION_H=1, DILATION_W=1, GROUPS=4, KERNEL_H=1, KERNEL_W=1, PADDING_H=1, PADDING_W=1, STRIDE_H=2, STRIDE_W=2, num_stages=2, num_warps=8
  triton_convolution2d_bwd_input_561 0.0122 ms 81.4% ALLOW_TF32=False, BLOCK_K=16, BLOCK_M=64, BLOCK_N=128, DILATION_H=1, DILATION_W=1, GROUPS=4, KERNEL_H=1, KERNEL_W=1, PADDING_H=1, PADDING_W=1, STRIDE_H=2, STRIDE_W=2, num_stages=2, num_warps=4
  triton_convolution2d_bwd_input_564 0.0154 ms 64.8% ALLOW_TF32=False, BLOCK_K=16, BLOCK_M=128, BLOCK_N=128, DILATION_H=1, DILATION_W=1, GROUPS=4, KERNEL_H=1, KERNEL_W=1, PADDING_H=1, PADDING_W=1, STRIDE_H=2, STRIDE_W=2, num_stages=2, num_warps=8
  triton_convolution2d_bwd_input_568 0.0155 ms 64.1% ALLOW_TF32=False, BLOCK_K=16, BLOCK_M=128, BLOCK_N=128, DILATION_H=1, DILATION_W=1, GROUPS=4, KERNEL_H=1, KERNEL_W=1, PADDING_H=1, PADDING_W=1, STRIDE_H=2, STRIDE_W=2, num_stages=3, num_warps=8
  triton_convolution2d_bwd_input_567 0.0174 ms 57.3% ALLOW_TF32=False, BLOCK_K=16, BLOCK_M=256, BLOCK_N=64, DILATION_H=1, DILATION_W=1, GROUPS=4, KERNEL_H=1, KERNEL_W=1, PADDING_H=1, PADDING_W=1, STRIDE_H=2, STRIDE_W=2, num_stages=2, num_warps=8
  triton_convolution2d_bwd_input_563 0.0177 ms 56.1% ALLOW_TF32=False, BLOCK_K=16, BLOCK_M=512, BLOCK_N=16, DILATION_H=1, DILATION_W=1, GROUPS=4, KERNEL_H=1, KERNEL_W=1, PADDING_H=1, PADDING_W=1, STRIDE_H=2, STRIDE_W=2, num_stages=1, num_warps=8
  triton_convolution2d_bwd_input_562 0.0192 ms 51.8% ALLOW_TF32=False, BLOCK_K=16, BLOCK_M=256, BLOCK_N=64, DILATION_H=1, DILATION_W=1, GROUPS=4, KERNEL_H=1, KERNEL_W=1, PADDING_H=1, PADDING_W=1, STRIDE_H=2, STRIDE_W=2, num_stages=2, num_warps=4
SingleProcess AUTOTUNE benchmarking takes 0.2870 seconds and 0.0007 seconds precompiling for 11 choices
.ssssAutotune Choices Stats:
{"num_choices": 11, "num_triton_choices": 11, "best_kernel": "triton_convolution2d_bwd_weight_576", "best_kernel_desc": "ALLOW_TF32=False, BLOCK_K=16, BLOCK_M=64, BLOCK_N=64, DILATION_H=1, DILATION_W=1, GROUPS=128, KERNEL_H=1, KERNEL_W=1, PADDING_H=1, PADDING_W=1, STRIDE_H=2, STRIDE_W=2, num_stages=2, num_warps=4", "best_time": 0.05801599845290184, "best_triton_pos": 0}
AUTOTUNE convolution_bwd_weight(2x128x16x16, 2x128x9x9)
strides: [s13**2*s37, s13**2, s13, 1], [s32**2*s37, s32**2, s32, 1]
dtypes: torch.float32, torch.float32
  triton_convolution2d_bwd_weight_576 0.0580 ms 100.0% ALLOW_TF32=False, BLOCK_K=16, BLOCK_M=64, BLOCK_N=64, DILATION_H=1, DILATION_W=1, GROUPS=128, KERNEL_H=1, KERNEL_W=1, PADDING_H=1, PADDING_W=1, STRIDE_H=2, STRIDE_W=2, num_stages=2, num_warps=4
  triton_convolution2d_bwd_weight_580 0.0994 ms 58.4% ALLOW_TF32=False, BLOCK_K=16, BLOCK_M=64, BLOCK_N=128, DILATION_H=1, DILATION_W=1, GROUPS=128, KERNEL_H=1, KERNEL_W=1, PADDING_H=1, PADDING_W=1, STRIDE_H=2, STRIDE_W=2, num_stages=4, num_warps=4
  triton_convolution2d_bwd_weight_577 0.1039 ms 55.9% ALLOW_TF32=False, BLOCK_K=16, BLOCK_M=64, BLOCK_N=128, DILATION_H=1, DILATION_W=1, GROUPS=128, KERNEL_H=1, KERNEL_W=1, PADDING_H=1, PADDING_W=1, STRIDE_H=2, STRIDE_W=2, num_stages=2, num_warps=8
  triton_convolution2d_bwd_weight_581 0.1057 ms 54.9% ALLOW_TF32=False, BLOCK_K=16, BLOCK_M=128, BLOCK_N=64, DILATION_H=1, DILATION_W=1, GROUPS=128, KERNEL_H=1, KERNEL_W=1, PADDING_H=1, PADDING_W=1, STRIDE_H=2, STRIDE_W=2, num_stages=4, num_warps=4
  triton_convolution2d_bwd_weight_572 0.1161 ms 50.0% ALLOW_TF32=False, BLOCK_K=16, BLOCK_M=64, BLOCK_N=128, DILATION_H=1, DILATION_W=1, GROUPS=128, KERNEL_H=1, KERNEL_W=1, PADDING_H=1, PADDING_W=1, STRIDE_H=2, STRIDE_W=2, num_stages=2, num_warps=4
  triton_convolution2d_bwd_weight_579 0.1202 ms 48.3% ALLOW_TF32=False, BLOCK_K=16, BLOCK_M=128, BLOCK_N=128, DILATION_H=1, DILATION_W=1, GROUPS=128, KERNEL_H=1, KERNEL_W=1, PADDING_H=1, PADDING_W=1, STRIDE_H=2, STRIDE_W=2, num_stages=3, num_warps=8
  triton_convolution2d_bwd_weight_575 0.1504 ms 38.6% ALLOW_TF32=False, BLOCK_K=16, BLOCK_M=128, BLOCK_N=128, DILATION_H=1, DILATION_W=1, GROUPS=128, KERNEL_H=1, KERNEL_W=1, PADDING_H=1, PADDING_W=1, STRIDE_H=2, STRIDE_W=2, num_stages=2, num_warps=8
  triton_convolution2d_bwd_weight_578 0.1588 ms 36.5% ALLOW_TF32=False, BLOCK_K=16, BLOCK_M=256, BLOCK_N=64, DILATION_H=1, DILATION_W=1, GROUPS=128, KERNEL_H=1, KERNEL_W=1, PADDING_H=1, PADDING_W=1, STRIDE_H=2, STRIDE_W=2, num_stages=2, num_warps=8
  triton_convolution2d_bwd_weight_574 0.1696 ms 34.2% ALLOW_TF32=False, BLOCK_K=16, BLOCK_M=512, BLOCK_N=16, DILATION_H=1, DILATION_W=1, GROUPS=128, KERNEL_H=1, KERNEL_W=1, PADDING_H=1, PADDING_W=1, STRIDE_H=2, STRIDE_W=2, num_stages=1, num_warps=8
  triton_convolution2d_bwd_weight_573 0.1740 ms 33.3% ALLOW_TF32=False, BLOCK_K=16, BLOCK_M=256, BLOCK_N=64, DILATION_H=1, DILATION_W=1, GROUPS=128, KERNEL_H=1, KERNEL_W=1, PADDING_H=1, PADDING_W=1, STRIDE_H=2, STRIDE_W=2, num_stages=2, num_warps=4
SingleProcess AUTOTUNE benchmarking takes 0.4447 seconds and 13.1137 seconds precompiling for 11 choices
Autotune Choices Stats:
{"num_choices": 11, "num_triton_choices": 11, "best_kernel": "triton_convolution2d_bwd_input_592", "best_kernel_desc": "ALLOW_TF32=False, BLOCK_K=16, BLOCK_M=128, BLOCK_N=64, DILATION_H=1, DILATION_W=1, GROUPS=128, KERNEL_H=1, KERNEL_W=1, PADDING_H=1, PADDING_W=1, STRIDE_H=2, STRIDE_W=2, num_stages=4, num_warps=4", "best_time": 0.0163199994713068, "best_triton_pos": 0}
AUTOTUNE convolution_bwd_input(2x128x9x9, 128x1x1x1)
strides: [s32**2*s37, s32**2, s32, 1], [1, 1, 1, 1]
dtypes: torch.float32, torch.float32
  triton_convolution2d_bwd_input_592 0.0163 ms 100.0% ALLOW_TF32=False, BLOCK_K=16, BLOCK_M=128, BLOCK_N=64, DILATION_H=1, DILATION_W=1, GROUPS=128, KERNEL_H=1, KERNEL_W=1, PADDING_H=1, PADDING_W=1, STRIDE_H=2, STRIDE_W=2, num_stages=4, num_warps=4
  triton_convolution2d_bwd_input_585 0.0165 ms 98.6% ALLOW_TF32=False, BLOCK_K=16, BLOCK_M=512, BLOCK_N=16, DILATION_H=1, DILATION_W=1, GROUPS=128, KERNEL_H=1, KERNEL_W=1, PADDING_H=1, PADDING_W=1, STRIDE_H=2, STRIDE_W=2, num_stages=1, num_warps=8
  triton_convolution2d_bwd_input_587 0.0168 ms 97.3% ALLOW_TF32=False, BLOCK_K=16, BLOCK_M=64, BLOCK_N=64, DILATION_H=1, DILATION_W=1, GROUPS=128, KERNEL_H=1, KERNEL_W=1, PADDING_H=1, PADDING_W=1, STRIDE_H=2, STRIDE_W=2, num_stages=2, num_warps=4
  triton_convolution2d_bwd_input_584 0.0201 ms 81.1% ALLOW_TF32=False, BLOCK_K=16, BLOCK_M=256, BLOCK_N=64, DILATION_H=1, DILATION_W=1, GROUPS=128, KERNEL_H=1, KERNEL_W=1, PADDING_H=1, PADDING_W=1, STRIDE_H=2, STRIDE_W=2, num_stages=2, num_warps=4
  triton_convolution2d_bwd_input_589 0.0205 ms 79.4% ALLOW_TF32=False, BLOCK_K=16, BLOCK_M=256, BLOCK_N=64, DILATION_H=1, DILATION_W=1, GROUPS=128, KERNEL_H=1, KERNEL_W=1, PADDING_H=1, PADDING_W=1, STRIDE_H=2, STRIDE_W=2, num_stages=2, num_warps=8
  triton_convolution2d_bwd_input_583 0.0246 ms 66.3% ALLOW_TF32=False, BLOCK_K=16, BLOCK_M=64, BLOCK_N=128, DILATION_H=1, DILATION_W=1, GROUPS=128, KERNEL_H=1, KERNEL_W=1, PADDING_H=1, PADDING_W=1, STRIDE_H=2, STRIDE_W=2, num_stages=2, num_warps=4
  triton_convolution2d_bwd_input_591 0.0246 ms 66.2% ALLOW_TF32=False, BLOCK_K=16, BLOCK_M=64, BLOCK_N=128, DILATION_H=1, DILATION_W=1, GROUPS=128, KERNEL_H=1, KERNEL_W=1, PADDING_H=1, PADDING_W=1, STRIDE_H=2, STRIDE_W=2, num_stages=4, num_warps=4
  triton_convolution2d_bwd_input_588 0.0261 ms 62.5% ALLOW_TF32=False, BLOCK_K=16, BLOCK_M=64, BLOCK_N=128, DILATION_H=1, DILATION_W=1, GROUPS=128, KERNEL_H=1, KERNEL_W=1, PADDING_H=1, PADDING_W=1, STRIDE_H=2, STRIDE_W=2, num_stages=2, num_warps=8
  triton_convolution2d_bwd_input_586 0.0280 ms 58.2% ALLOW_TF32=False, BLOCK_K=16, BLOCK_M=128, BLOCK_N=128, DILATION_H=1, DILATION_W=1, GROUPS=128, KERNEL_H=1, KERNEL_W=1, PADDING_H=1, PADDING_W=1, STRIDE_H=2, STRIDE_W=2, num_stages=2, num_warps=8
  triton_convolution2d_bwd_input_593 0.0341 ms 47.9% ALLOW_TF32=False, BLOCK_K=16, BLOCK_M=256, BLOCK_N=128, DILATION_H=1, DILATION_W=1, GROUPS=128, KERNEL_H=1, KERNEL_W=1, PADDING_H=1, PADDING_W=1, STRIDE_H=2, STRIDE_W=2, num_stages=2, num_warps=8
SingleProcess AUTOTUNE benchmarking takes 0.3073 seconds and 0.0006 seconds precompiling for 11 choices
.Autotune Choices Stats:
{"num_choices": 11, "num_triton_choices": 11, "best_kernel": "triton_convolution2d_bwd_weight_598", "best_kernel_desc": "ALLOW_TF32=False, BLOCK_K=16, BLOCK_M=64, BLOCK_N=64, DILATION_H=1, DILATION_W=1, GROUPS=128, KERNEL_H=1, KERNEL_W=1, PADDING_H=1, PADDING_W=1, STRIDE_H=2, STRIDE_W=2, num_stages=2, num_warps=4", "best_time": 0.05801599845290184, "best_triton_pos": 0}
AUTOTUNE convolution_bwd_weight(2x128x16x16, 2x128x9x9)
strides: [s13**2*s37, s13**2, s13, 1], [s32**2*s37, s32**2, s32, 1]
dtypes: torch.float32, torch.float32
  triton_convolution2d_bwd_weight_598 0.0580 ms 100.0% ALLOW_TF32=False, BLOCK_K=16, BLOCK_M=64, BLOCK_N=64, DILATION_H=1, DILATION_W=1, GROUPS=128, KERNEL_H=1, KERNEL_W=1, PADDING_H=1, PADDING_W=1, STRIDE_H=2, STRIDE_W=2, num_stages=2, num_warps=4
  triton_convolution2d_bwd_weight_599 0.0846 ms 68.6% ALLOW_TF32=False, BLOCK_K=16, BLOCK_M=64, BLOCK_N=128, DILATION_H=1, DILATION_W=1, GROUPS=128, KERNEL_H=1, KERNEL_W=1, PADDING_H=1, PADDING_W=1, STRIDE_H=2, STRIDE_W=2, num_stages=2, num_warps=8
  triton_convolution2d_bwd_weight_602 0.0994 ms 58.4% ALLOW_TF32=False, BLOCK_K=16, BLOCK_M=64, BLOCK_N=128, DILATION_H=1, DILATION_W=1, GROUPS=128, KERNEL_H=1, KERNEL_W=1, PADDING_H=1, PADDING_W=1, STRIDE_H=2, STRIDE_W=2, num_stages=4, num_warps=4
  triton_convolution2d_bwd_weight_603 0.1059 ms 54.8% ALLOW_TF32=False, BLOCK_K=16, BLOCK_M=128, BLOCK_N=64, DILATION_H=1, DILATION_W=1, GROUPS=128, KERNEL_H=1, KERNEL_W=1, PADDING_H=1, PADDING_W=1, STRIDE_H=2, STRIDE_W=2, num_stages=4, num_warps=4
  triton_convolution2d_bwd_weight_594 0.1156 ms 50.2% ALLOW_TF32=False, BLOCK_K=16, BLOCK_M=64, BLOCK_N=128, DILATION_H=1, DILATION_W=1, GROUPS=128, KERNEL_H=1, KERNEL_W=1, PADDING_H=1, PADDING_W=1, STRIDE_H=2, STRIDE_W=2, num_stages=2, num_warps=4
  triton_convolution2d_bwd_weight_601 0.1201 ms 48.3% ALLOW_TF32=False, BLOCK_K=16, BLOCK_M=128, BLOCK_N=128, DILATION_H=1, DILATION_W=1, GROUPS=128, KERNEL_H=1, KERNEL_W=1, PADDING_H=1, PADDING_W=1, STRIDE_H=2, STRIDE_W=2, num_stages=3, num_warps=8
  triton_convolution2d_bwd_weight_597 0.1504 ms 38.6% ALLOW_TF32=False, BLOCK_K=16, BLOCK_M=128, BLOCK_N=128, DILATION_H=1, DILATION_W=1, GROUPS=128, KERNEL_H=1, KERNEL_W=1, PADDING_H=1, PADDING_W=1, STRIDE_H=2, STRIDE_W=2, num_stages=2, num_warps=8
  triton_convolution2d_bwd_weight_600 0.1588 ms 36.5% ALLOW_TF32=False, BLOCK_K=16, BLOCK_M=256, BLOCK_N=64, DILATION_H=1, DILATION_W=1, GROUPS=128, KERNEL_H=1, KERNEL_W=1, PADDING_H=1, PADDING_W=1, STRIDE_H=2, STRIDE_W=2, num_stages=2, num_warps=8
  triton_convolution2d_bwd_weight_596 0.1698 ms 34.2% ALLOW_TF32=False, BLOCK_K=16, BLOCK_M=512, BLOCK_N=16, DILATION_H=1, DILATION_W=1, GROUPS=128, KERNEL_H=1, KERNEL_W=1, PADDING_H=1, PADDING_W=1, STRIDE_H=2, STRIDE_W=2, num_stages=1, num_warps=8
  triton_convolution2d_bwd_weight_595 0.1736 ms 33.4% ALLOW_TF32=False, BLOCK_K=16, BLOCK_M=256, BLOCK_N=64, DILATION_H=1, DILATION_W=1, GROUPS=128, KERNEL_H=1, KERNEL_W=1, PADDING_H=1, PADDING_W=1, STRIDE_H=2, STRIDE_W=2, num_stages=2, num_warps=4
SingleProcess AUTOTUNE benchmarking takes 0.4121 seconds and 13.2029 seconds precompiling for 11 choices
Autotune Choices Stats:
{"num_choices": 11, "num_triton_choices": 11, "best_kernel": "triton_convolution2d_bwd_input_614", "best_kernel_desc": "ALLOW_TF32=False, BLOCK_K=16, BLOCK_M=128, BLOCK_N=64, DILATION_H=1, DILATION_W=1, GROUPS=128, KERNEL_H=1, KERNEL_W=1, PADDING_H=1, PADDING_W=1, STRIDE_H=2, STRIDE_W=2, num_stages=4, num_warps=4", "best_time": 0.016383999958634377, "best_triton_pos": 0}
AUTOTUNE convolution_bwd_input(2x128x9x9, 128x1x1x1)
strides: [s32**2*s37, s32**2, s32, 1], [1, 1, 1, 1]
dtypes: torch.float32, torch.float32
  triton_convolution2d_bwd_input_614 0.0164 ms 100.0% ALLOW_TF32=False, BLOCK_K=16, BLOCK_M=128, BLOCK_N=64, DILATION_H=1, DILATION_W=1, GROUPS=128, KERNEL_H=1, KERNEL_W=1, PADDING_H=1, PADDING_W=1, STRIDE_H=2, STRIDE_W=2, num_stages=4, num_warps=4
  triton_convolution2d_bwd_input_607 0.0165 ms 99.0% ALLOW_TF32=False, BLOCK_K=16, BLOCK_M=512, BLOCK_N=16, DILATION_H=1, DILATION_W=1, GROUPS=128, KERNEL_H=1, KERNEL_W=1, PADDING_H=1, PADDING_W=1, STRIDE_H=2, STRIDE_W=2, num_stages=1, num_warps=8
  triton_convolution2d_bwd_input_609 0.0167 ms 97.9% ALLOW_TF32=False, BLOCK_K=16, BLOCK_M=64, BLOCK_N=64, DILATION_H=1, DILATION_W=1, GROUPS=128, KERNEL_H=1, KERNEL_W=1, PADDING_H=1, PADDING_W=1, STRIDE_H=2, STRIDE_W=2, num_stages=2, num_warps=4
  triton_convolution2d_bwd_input_606 0.0201 ms 81.4% ALLOW_TF32=False, BLOCK_K=16, BLOCK_M=256, BLOCK_N=64, DILATION_H=1, DILATION_W=1, GROUPS=128, KERNEL_H=1, KERNEL_W=1, PADDING_H=1, PADDING_W=1, STRIDE_H=2, STRIDE_W=2, num_stages=2, num_warps=4
  triton_convolution2d_bwd_input_611 0.0206 ms 79.4% ALLOW_TF32=False, BLOCK_K=16, BLOCK_M=256, BLOCK_N=64, DILATION_H=1, DILATION_W=1, GROUPS=128, KERNEL_H=1, KERNEL_W=1, PADDING_H=1, PADDING_W=1, STRIDE_H=2, STRIDE_W=2, num_stages=2, num_warps=8
  triton_convolution2d_bwd_input_605 0.0245 ms 66.8% ALLOW_TF32=False, BLOCK_K=16, BLOCK_M=64, BLOCK_N=128, DILATION_H=1, DILATION_W=1, GROUPS=128, KERNEL_H=1, KERNEL_W=1, PADDING_H=1, PADDING_W=1, STRIDE_H=2, STRIDE_W=2, num_stages=2, num_warps=4
  triton_convolution2d_bwd_input_613 0.0246 ms 66.6% ALLOW_TF32=False, BLOCK_K=16, BLOCK_M=64, BLOCK_N=128, DILATION_H=1, DILATION_W=1, GROUPS=128, KERNEL_H=1, KERNEL_W=1, PADDING_H=1, PADDING_W=1, STRIDE_H=2, STRIDE_W=2, num_stages=4, num_warps=4
  triton_convolution2d_bwd_input_610 0.0261 ms 62.7% ALLOW_TF32=False, BLOCK_K=16, BLOCK_M=64, BLOCK_N=128, DILATION_H=1, DILATION_W=1, GROUPS=128, KERNEL_H=1, KERNEL_W=1, PADDING_H=1, PADDING_W=1, STRIDE_H=2, STRIDE_W=2, num_stages=2, num_warps=8
  triton_convolution2d_bwd_input_608 0.0281 ms 58.2% ALLOW_TF32=False, BLOCK_K=16, BLOCK_M=128, BLOCK_N=128, DILATION_H=1, DILATION_W=1, GROUPS=128, KERNEL_H=1, KERNEL_W=1, PADDING_H=1, PADDING_W=1, STRIDE_H=2, STRIDE_W=2, num_stages=2, num_warps=8
  triton_convolution2d_bwd_input_615 0.0343 ms 47.8% ALLOW_TF32=False, BLOCK_K=16, BLOCK_M=256, BLOCK_N=128, DILATION_H=1, DILATION_W=1, GROUPS=128, KERNEL_H=1, KERNEL_W=1, PADDING_H=1, PADDING_W=1, STRIDE_H=2, STRIDE_W=2, num_stages=2, num_warps=8
SingleProcess AUTOTUNE benchmarking takes 0.3080 seconds and 0.0006 seconds precompiling for 11 choices
.ssssAutotune Choices Stats:
{"num_choices": 11, "num_triton_choices": 11, "best_kernel": "triton_convolution2d_bwd_weight_620", "best_kernel_desc": "ALLOW_TF32=False, BLOCK_K=16, BLOCK_M=64, BLOCK_N=64, DILATION_H=1, DILATION_W=1, GROUPS=4, KERNEL_H=3, KERNEL_W=3, PADDING_H=1, PADDING_W=1, STRIDE_H=2, STRIDE_W=2, num_stages=2, num_warps=4", "best_time": 0.0379519984126091, "best_triton_pos": 0}
AUTOTUNE convolution_bwd_weight(2x4x16x16, 2x128x8x8)
strides: [s13**2*s37, s13**2, s13, 1], [s32**2*s38, s32**2, s32, 1]
dtypes: torch.float32, torch.float32
  triton_convolution2d_bwd_weight_620 0.0380 ms 100.0% ALLOW_TF32=False, BLOCK_K=16, BLOCK_M=64, BLOCK_N=64, DILATION_H=1, DILATION_W=1, GROUPS=4, KERNEL_H=3, KERNEL_W=3, PADDING_H=1, PADDING_W=1, STRIDE_H=2, STRIDE_W=2, num_stages=2, num_warps=4
  triton_convolution2d_bwd_weight_621 0.0595 ms 63.8% ALLOW_TF32=False, BLOCK_K=16, BLOCK_M=64, BLOCK_N=128, DILATION_H=1, DILATION_W=1, GROUPS=4, KERNEL_H=3, KERNEL_W=3, PADDING_H=1, PADDING_W=1, STRIDE_H=2, STRIDE_W=2, num_stages=2, num_warps=8
  triton_convolution2d_bwd_weight_623 0.0628 ms 60.4% ALLOW_TF32=False, BLOCK_K=16, BLOCK_M=128, BLOCK_N=128, DILATION_H=1, DILATION_W=1, GROUPS=4, KERNEL_H=3, KERNEL_W=3, PADDING_H=1, PADDING_W=1, STRIDE_H=2, STRIDE_W=2, num_stages=3, num_warps=8
  triton_convolution2d_bwd_weight_618 0.0675 ms 56.2% ALLOW_TF32=False, BLOCK_K=16, BLOCK_M=512, BLOCK_N=16, DILATION_H=1, DILATION_W=1, GROUPS=4, KERNEL_H=3, KERNEL_W=3, PADDING_H=1, PADDING_W=1, STRIDE_H=2, STRIDE_W=2, num_stages=1, num_warps=8
  triton_convolution2d_bwd_weight_625 0.0707 ms 53.7% ALLOW_TF32=False, BLOCK_K=16, BLOCK_M=128, BLOCK_N=64, DILATION_H=1, DILATION_W=1, GROUPS=4, KERNEL_H=3, KERNEL_W=3, PADDING_H=1, PADDING_W=1, STRIDE_H=2, STRIDE_W=2, num_stages=4, num_warps=4
  triton_convolution2d_bwd_weight_624 0.0713 ms 53.2% ALLOW_TF32=False, BLOCK_K=16, BLOCK_M=64, BLOCK_N=128, DILATION_H=1, DILATION_W=1, GROUPS=4, KERNEL_H=3, KERNEL_W=3, PADDING_H=1, PADDING_W=1, STRIDE_H=2, STRIDE_W=2, num_stages=4, num_warps=4
  triton_convolution2d_bwd_weight_622 0.0731 ms 51.9% ALLOW_TF32=False, BLOCK_K=16, BLOCK_M=256, BLOCK_N=64, DILATION_H=1, DILATION_W=1, GROUPS=4, KERNEL_H=3, KERNEL_W=3, PADDING_H=1, PADDING_W=1, STRIDE_H=2, STRIDE_W=2, num_stages=2, num_warps=8
  triton_convolution2d_bwd_weight_619 0.0747 ms 50.8% ALLOW_TF32=False, BLOCK_K=16, BLOCK_M=128, BLOCK_N=128, DILATION_H=1, DILATION_W=1, GROUPS=4, KERNEL_H=3, KERNEL_W=3, PADDING_H=1, PADDING_W=1, STRIDE_H=2, STRIDE_W=2, num_stages=2, num_warps=8
  triton_convolution2d_bwd_weight_616 0.0774 ms 49.0% ALLOW_TF32=False, BLOCK_K=16, BLOCK_M=64, BLOCK_N=128, DILATION_H=1, DILATION_W=1, GROUPS=4, KERNEL_H=3, KERNEL_W=3, PADDING_H=1, PADDING_W=1, STRIDE_H=2, STRIDE_W=2, num_stages=2, num_warps=4
  triton_convolution2d_bwd_weight_626 0.1068 ms 35.6% ALLOW_TF32=False, BLOCK_K=16, BLOCK_M=256, BLOCK_N=128, DILATION_H=1, DILATION_W=1, GROUPS=4, KERNEL_H=3, KERNEL_W=3, PADDING_H=1, PADDING_W=1, STRIDE_H=2, STRIDE_W=2, num_stages=2, num_warps=8
SingleProcess AUTOTUNE benchmarking takes 0.3498 seconds and 15.9235 seconds precompiling for 11 choices
Autotune Choices Stats:
{"num_choices": 11, "num_triton_choices": 11, "best_kernel": "triton_convolution2d_bwd_input_631", "best_kernel_desc": "ALLOW_TF32=False, BLOCK_K=16, BLOCK_M=64, BLOCK_N=64, DILATION_H=1, DILATION_W=1, GROUPS=4, KERNEL_H=3, KERNEL_W=3, PADDING_H=1, PADDING_W=1, STRIDE_H=2, STRIDE_W=2, num_stages=2, num_warps=4", "best_time": 0.04819199815392494, "best_triton_pos": 0}
AUTOTUNE convolution_bwd_input(2x128x8x8, 128x1x3x3)
strides: [s32**2*s38, s32**2, s32, 1], [s18**2, s18**2, s18, 1]
dtypes: torch.float32, torch.float32
  triton_convolution2d_bwd_input_631 0.0482 ms 100.0% ALLOW_TF32=False, BLOCK_K=16, BLOCK_M=64, BLOCK_N=64, DILATION_H=1, DILATION_W=1, GROUPS=4, KERNEL_H=3, KERNEL_W=3, PADDING_H=1, PADDING_W=1, STRIDE_H=2, STRIDE_W=2, num_stages=2, num_warps=4
  triton_convolution2d_bwd_input_627 0.0561 ms 86.0% ALLOW_TF32=False, BLOCK_K=16, BLOCK_M=64, BLOCK_N=128, DILATION_H=1, DILATION_W=1, GROUPS=4, KERNEL_H=3, KERNEL_W=3, PADDING_H=1, PADDING_W=1, STRIDE_H=2, STRIDE_W=2, num_stages=2, num_warps=4
  triton_convolution2d_bwd_input_635 0.0590 ms 81.6% ALLOW_TF32=False, BLOCK_K=16, BLOCK_M=64, BLOCK_N=128, DILATION_H=1, DILATION_W=1, GROUPS=4, KERNEL_H=3, KERNEL_W=3, PADDING_H=1, PADDING_W=1, STRIDE_H=2, STRIDE_W=2, num_stages=4, num_warps=4
  triton_convolution2d_bwd_input_632 0.0624 ms 77.2% ALLOW_TF32=False, BLOCK_K=16, BLOCK_M=64, BLOCK_N=128, DILATION_H=1, DILATION_W=1, GROUPS=4, KERNEL_H=3, KERNEL_W=3, PADDING_H=1, PADDING_W=1, STRIDE_H=2, STRIDE_W=2, num_stages=2, num_warps=8
  triton_convolution2d_bwd_input_636 0.0754 ms 63.9% ALLOW_TF32=False, BLOCK_K=16, BLOCK_M=128, BLOCK_N=64, DILATION_H=1, DILATION_W=1, GROUPS=4, KERNEL_H=3, KERNEL_W=3, PADDING_H=1, PADDING_W=1, STRIDE_H=2, STRIDE_W=2, num_stages=4, num_warps=4
  triton_convolution2d_bwd_input_629 0.1054 ms 45.7% ALLOW_TF32=False, BLOCK_K=16, BLOCK_M=512, BLOCK_N=16, DILATION_H=1, DILATION_W=1, GROUPS=4, KERNEL_H=3, KERNEL_W=3, PADDING_H=1, PADDING_W=1, STRIDE_H=2, STRIDE_W=2, num_stages=1, num_warps=8
  triton_convolution2d_bwd_input_630 0.1141 ms 42.2% ALLOW_TF32=False, BLOCK_K=16, BLOCK_M=128, BLOCK_N=128, DILATION_H=1, DILATION_W=1, GROUPS=4, KERNEL_H=3, KERNEL_W=3, PADDING_H=1, PADDING_W=1, STRIDE_H=2, STRIDE_W=2, num_stages=2, num_warps=8
  triton_convolution2d_bwd_input_634 0.1177 ms 41.0% ALLOW_TF32=False, BLOCK_K=16, BLOCK_M=128, BLOCK_N=128, DILATION_H=1, DILATION_W=1, GROUPS=4, KERNEL_H=3, KERNEL_W=3, PADDING_H=1, PADDING_W=1, STRIDE_H=2, STRIDE_W=2, num_stages=3, num_warps=8
  triton_convolution2d_bwd_input_633 0.1230 ms 39.2% ALLOW_TF32=False, BLOCK_K=16, BLOCK_M=256, BLOCK_N=64, DILATION_H=1, DILATION_W=1, GROUPS=4, KERNEL_H=3, KERNEL_W=3, PADDING_H=1, PADDING_W=1, STRIDE_H=2, STRIDE_W=2, num_stages=2, num_warps=8
  triton_convolution2d_bwd_input_628 0.1359 ms 35.5% ALLOW_TF32=False, BLOCK_K=16, BLOCK_M=256, BLOCK_N=64, DILATION_H=1, DILATION_W=1, GROUPS=4, KERNEL_H=3, KERNEL_W=3, PADDING_H=1, PADDING_W=1, STRIDE_H=2, STRIDE_W=2, num_stages=2, num_warps=4
SingleProcess AUTOTUNE benchmarking takes 0.3683 seconds and 0.0006 seconds precompiling for 11 choices
.Autotune Choices Stats:
{"num_choices": 11, "num_triton_choices": 11, "best_kernel": "triton_convolution2d_bwd_weight_642", "best_kernel_desc": "ALLOW_TF32=False, BLOCK_K=16, BLOCK_M=64, BLOCK_N=64, DILATION_H=1, DILATION_W=1, GROUPS=4, KERNEL_H=3, KERNEL_W=3, PADDING_H=1, PADDING_W=1, STRIDE_H=2, STRIDE_W=2, num_stages=2, num_warps=4", "best_time": 0.03478400036692619, "best_triton_pos": 0}
AUTOTUNE convolution_bwd_weight(2x4x16x16, 2x128x8x8)
strides: [s13**2*s37, s13, s13*s37, 1], [s32**2*s38, s32, s32*s38, 1]
dtypes: torch.float32, torch.float32
  triton_convolution2d_bwd_weight_642 0.0348 ms 100.0% ALLOW_TF32=False, BLOCK_K=16, BLOCK_M=64, BLOCK_N=64, DILATION_H=1, DILATION_W=1, GROUPS=4, KERNEL_H=3, KERNEL_W=3, PADDING_H=1, PADDING_W=1, STRIDE_H=2, STRIDE_W=2, num_stages=2, num_warps=4
  triton_convolution2d_bwd_weight_643 0.0484 ms 71.8% ALLOW_TF32=False, BLOCK_K=16, BLOCK_M=64, BLOCK_N=128, DILATION_H=1, DILATION_W=1, GROUPS=4, KERNEL_H=3, KERNEL_W=3, PADDING_H=1, PADDING_W=1, STRIDE_H=2, STRIDE_W=2, num_stages=2, num_warps=8
  triton_convolution2d_bwd_weight_645 0.0604 ms 57.5% ALLOW_TF32=False, BLOCK_K=16, BLOCK_M=128, BLOCK_N=128, DILATION_H=1, DILATION_W=1, GROUPS=4, KERNEL_H=3, KERNEL_W=3, PADDING_H=1, PADDING_W=1, STRIDE_H=2, STRIDE_W=2, num_stages=3, num_warps=8
  triton_convolution2d_bwd_weight_641 0.0618 ms 56.3% ALLOW_TF32=False, BLOCK_K=16, BLOCK_M=128, BLOCK_N=128, DILATION_H=1, DILATION_W=1, GROUPS=4, KERNEL_H=3, KERNEL_W=3, PADDING_H=1, PADDING_W=1, STRIDE_H=2, STRIDE_W=2, num_stages=2, num_warps=8
  triton_convolution2d_bwd_weight_640 0.0667 ms 52.2% ALLOW_TF32=False, BLOCK_K=16, BLOCK_M=512, BLOCK_N=16, DILATION_H=1, DILATION_W=1, GROUPS=4, KERNEL_H=3, KERNEL_W=3, PADDING_H=1, PADDING_W=1, STRIDE_H=2, STRIDE_W=2, num_stages=1, num_warps=8
  triton_convolution2d_bwd_weight_638 0.0674 ms 51.6% ALLOW_TF32=False, BLOCK_K=16, BLOCK_M=64, BLOCK_N=128, DILATION_H=1, DILATION_W=1, GROUPS=4, KERNEL_H=3, KERNEL_W=3, PADDING_H=1, PADDING_W=1, STRIDE_H=2, STRIDE_W=2, num_stages=2, num_warps=4
  triton_convolution2d_bwd_weight_646 0.0723 ms 48.1% ALLOW_TF32=False, BLOCK_K=16, BLOCK_M=64, BLOCK_N=128, DILATION_H=1, DILATION_W=1, GROUPS=4, KERNEL_H=3, KERNEL_W=3, PADDING_H=1, PADDING_W=1, STRIDE_H=2, STRIDE_W=2, num_stages=4, num_warps=4
  triton_convolution2d_bwd_weight_647 0.0794 ms 43.8% ALLOW_TF32=False, BLOCK_K=16, BLOCK_M=128, BLOCK_N=64, DILATION_H=1, DILATION_W=1, GROUPS=4, KERNEL_H=3, KERNEL_W=3, PADDING_H=1, PADDING_W=1, STRIDE_H=2, STRIDE_W=2, num_stages=4, num_warps=4
  triton_convolution2d_bwd_weight_644 0.0854 ms 40.7% ALLOW_TF32=False, BLOCK_K=16, BLOCK_M=256, BLOCK_N=64, DILATION_H=1, DILATION_W=1, GROUPS=4, KERNEL_H=3, KERNEL_W=3, PADDING_H=1, PADDING_W=1, STRIDE_H=2, STRIDE_W=2, num_stages=2, num_warps=8
  triton_convolution2d_bwd_weight_648 0.1016 ms 34.2% ALLOW_TF32=False, BLOCK_K=16, BLOCK_M=256, BLOCK_N=128, DILATION_H=1, DILATION_W=1, GROUPS=4, KERNEL_H=3, KERNEL_W=3, PADDING_H=1, PADDING_W=1, STRIDE_H=2, STRIDE_W=2, num_stages=2, num_warps=8
SingleProcess AUTOTUNE benchmarking takes 0.3517 seconds and 15.5622 seconds precompiling for 11 choices
Autotune Choices Stats:
{"num_choices": 11, "num_triton_choices": 11, "best_kernel": "triton_convolution2d_bwd_input_653", "best_kernel_desc": "ALLOW_TF32=False, BLOCK_K=16, BLOCK_M=64, BLOCK_N=64, DILATION_H=1, DILATION_W=1, GROUPS=4, KERNEL_H=3, KERNEL_W=3, PADDING_H=1, PADDING_W=1, STRIDE_H=2, STRIDE_W=2, num_stages=2, num_warps=4", "best_time": 0.051872000098228455, "best_triton_pos": 0}
AUTOTUNE convolution_bwd_input(2x128x8x8, 128x1x3x3)
strides: [s32**2*s38, 1, s32*s38, s38], [s18**2, 1, s18, 1]
dtypes: torch.float32, torch.float32
  triton_convolution2d_bwd_input_653 0.0519 ms 100.0% ALLOW_TF32=False, BLOCK_K=16, BLOCK_M=64, BLOCK_N=64, DILATION_H=1, DILATION_W=1, GROUPS=4, KERNEL_H=3, KERNEL_W=3, PADDING_H=1, PADDING_W=1, STRIDE_H=2, STRIDE_W=2, num_stages=2, num_warps=4
  triton_convolution2d_bwd_input_657 0.0526 ms 98.5% ALLOW_TF32=False, BLOCK_K=16, BLOCK_M=64, BLOCK_N=128, DILATION_H=1, DILATION_W=1, GROUPS=4, KERNEL_H=3, KERNEL_W=3, PADDING_H=1, PADDING_W=1, STRIDE_H=2, STRIDE_W=2, num_stages=4, num_warps=4
  triton_convolution2d_bwd_input_649 0.0545 ms 95.2% ALLOW_TF32=False, BLOCK_K=16, BLOCK_M=64, BLOCK_N=128, DILATION_H=1, DILATION_W=1, GROUPS=4, KERNEL_H=3, KERNEL_W=3, PADDING_H=1, PADDING_W=1, STRIDE_H=2, STRIDE_W=2, num_stages=2, num_warps=4
  triton_convolution2d_bwd_input_654 0.0614 ms 84.5% ALLOW_TF32=False, BLOCK_K=16, BLOCK_M=64, BLOCK_N=128, DILATION_H=1, DILATION_W=1, GROUPS=4, KERNEL_H=3, KERNEL_W=3, PADDING_H=1, PADDING_W=1, STRIDE_H=2, STRIDE_W=2, num_stages=2, num_warps=8
  triton_convolution2d_bwd_input_658 0.0717 ms 72.3% ALLOW_TF32=False, BLOCK_K=16, BLOCK_M=128, BLOCK_N=64, DILATION_H=1, DILATION_W=1, GROUPS=4, KERNEL_H=3, KERNEL_W=3, PADDING_H=1, PADDING_W=1, STRIDE_H=2, STRIDE_W=2, num_stages=4, num_warps=4
  triton_convolution2d_bwd_input_652 0.1053 ms 49.3% ALLOW_TF32=False, BLOCK_K=16, BLOCK_M=128, BLOCK_N=128, DILATION_H=1, DILATION_W=1, GROUPS=4, KERNEL_H=3, KERNEL_W=3, PADDING_H=1, PADDING_W=1, STRIDE_H=2, STRIDE_W=2, num_stages=2, num_warps=8
  triton_convolution2d_bwd_input_656 0.1068 ms 48.5% ALLOW_TF32=False, BLOCK_K=16, BLOCK_M=128, BLOCK_N=128, DILATION_H=1, DILATION_W=1, GROUPS=4, KERNEL_H=3, KERNEL_W=3, PADDING_H=1, PADDING_W=1, STRIDE_H=2, STRIDE_W=2, num_stages=3, num_warps=8
  triton_convolution2d_bwd_input_655 0.1098 ms 47.3% ALLOW_TF32=False, BLOCK_K=16, BLOCK_M=256, BLOCK_N=64, DILATION_H=1, DILATION_W=1, GROUPS=4, KERNEL_H=3, KERNEL_W=3, PADDING_H=1, PADDING_W=1, STRIDE_H=2, STRIDE_W=2, num_stages=2, num_warps=8
  triton_convolution2d_bwd_input_651 0.1104 ms 47.0% ALLOW_TF32=False, BLOCK_K=16, BLOCK_M=512, BLOCK_N=16, DILATION_H=1, DILATION_W=1, GROUPS=4, KERNEL_H=3, KERNEL_W=3, PADDING_H=1, PADDING_W=1, STRIDE_H=2, STRIDE_W=2, num_stages=1, num_warps=8
  triton_convolution2d_bwd_input_650 0.1365 ms 38.0% ALLOW_TF32=False, BLOCK_K=16, BLOCK_M=256, BLOCK_N=64, DILATION_H=1, DILATION_W=1, GROUPS=4, KERNEL_H=3, KERNEL_W=3, PADDING_H=1, PADDING_W=1, STRIDE_H=2, STRIDE_W=2, num_stages=2, num_warps=4
SingleProcess AUTOTUNE benchmarking takes 0.3716 seconds and 0.0006 seconds precompiling for 11 choices
.ssssAutotune Choices Stats:
{"num_choices": 11, "num_triton_choices": 11, "best_kernel": "triton_convolution2d_bwd_weight_664", "best_kernel_desc": "ALLOW_TF32=False, BLOCK_K=16, BLOCK_M=64, BLOCK_N=64, DILATION_H=1, DILATION_W=1, GROUPS=128, KERNEL_H=3, KERNEL_W=3, PADDING_H=1, PADDING_W=1, STRIDE_H=2, STRIDE_W=2, num_stages=2, num_warps=4", "best_time": 0.04524800181388855, "best_triton_pos": 0}
AUTOTUNE convolution_bwd_weight(2x128x16x16, 2x128x8x8)
strides: [s13**2*s37, s13**2, s13, 1], [s32**2*s37, s32**2, s32, 1]
dtypes: torch.float32, torch.float32
  triton_convolution2d_bwd_weight_664 0.0452 ms 100.0% ALLOW_TF32=False, BLOCK_K=16, BLOCK_M=64, BLOCK_N=64, DILATION_H=1, DILATION_W=1, GROUPS=128, KERNEL_H=3, KERNEL_W=3, PADDING_H=1, PADDING_W=1, STRIDE_H=2, STRIDE_W=2, num_stages=2, num_warps=4
  triton_convolution2d_bwd_weight_668 0.0772 ms 58.6% ALLOW_TF32=False, BLOCK_K=16, BLOCK_M=64, BLOCK_N=128, DILATION_H=1, DILATION_W=1, GROUPS=128, KERNEL_H=3, KERNEL_W=3, PADDING_H=1, PADDING_W=1, STRIDE_H=2, STRIDE_W=2, num_stages=4, num_warps=4
  triton_convolution2d_bwd_weight_665 0.0783 ms 57.8% ALLOW_TF32=False, BLOCK_K=16, BLOCK_M=64, BLOCK_N=128, DILATION_H=1, DILATION_W=1, GROUPS=128, KERNEL_H=3, KERNEL_W=3, PADDING_H=1, PADDING_W=1, STRIDE_H=2, STRIDE_W=2, num_stages=2, num_warps=8
  triton_convolution2d_bwd_weight_669 0.0799 ms 56.7% ALLOW_TF32=False, BLOCK_K=16, BLOCK_M=128, BLOCK_N=64, DILATION_H=1, DILATION_W=1, GROUPS=128, KERNEL_H=3, KERNEL_W=3, PADDING_H=1, PADDING_W=1, STRIDE_H=2, STRIDE_W=2, num_stages=4, num_warps=4
  triton_convolution2d_bwd_weight_660 0.0856 ms 52.8% ALLOW_TF32=False, BLOCK_K=16, BLOCK_M=64, BLOCK_N=128, DILATION_H=1, DILATION_W=1, GROUPS=128, KERNEL_H=3, KERNEL_W=3, PADDING_H=1, PADDING_W=1, STRIDE_H=2, STRIDE_W=2, num_stages=2, num_warps=4
  triton_convolution2d_bwd_weight_667 0.0915 ms 49.5% ALLOW_TF32=False, BLOCK_K=16, BLOCK_M=128, BLOCK_N=128, DILATION_H=1, DILATION_W=1, GROUPS=128, KERNEL_H=3, KERNEL_W=3, PADDING_H=1, PADDING_W=1, STRIDE_H=2, STRIDE_W=2, num_stages=3, num_warps=8
  triton_convolution2d_bwd_weight_663 0.1132 ms 40.0% ALLOW_TF32=False, BLOCK_K=16, BLOCK_M=128, BLOCK_N=128, DILATION_H=1, DILATION_W=1, GROUPS=128, KERNEL_H=3, KERNEL_W=3, PADDING_H=1, PADDING_W=1, STRIDE_H=2, STRIDE_W=2, num_stages=2, num_warps=8
  triton_convolution2d_bwd_weight_666 0.1427 ms 31.7% ALLOW_TF32=False, BLOCK_K=16, BLOCK_M=256, BLOCK_N=64, DILATION_H=1, DILATION_W=1, GROUPS=128, KERNEL_H=3, KERNEL_W=3, PADDING_H=1, PADDING_W=1, STRIDE_H=2, STRIDE_W=2, num_stages=2, num_warps=8
  triton_convolution2d_bwd_weight_662 0.1495 ms 30.3% ALLOW_TF32=False, BLOCK_K=16, BLOCK_M=512, BLOCK_N=16, DILATION_H=1, DILATION_W=1, GROUPS=128, KERNEL_H=3, KERNEL_W=3, PADDING_H=1, PADDING_W=1, STRIDE_H=2, STRIDE_W=2, num_stages=1, num_warps=8
  triton_convolution2d_bwd_weight_661 0.1546 ms 29.3% ALLOW_TF32=False, BLOCK_K=16, BLOCK_M=256, BLOCK_N=64, DILATION_H=1, DILATION_W=1, GROUPS=128, KERNEL_H=3, KERNEL_W=3, PADDING_H=1, PADDING_W=1, STRIDE_H=2, STRIDE_W=2, num_stages=2, num_warps=4
SingleProcess AUTOTUNE benchmarking takes 0.4109 seconds and 15.5582 seconds precompiling for 11 choices
Autotune Choices Stats:
{"num_choices": 11, "num_triton_choices": 11, "best_kernel": "triton_convolution2d_bwd_input_680", "best_kernel_desc": "ALLOW_TF32=False, BLOCK_K=16, BLOCK_M=128, BLOCK_N=64, DILATION_H=1, DILATION_W=1, GROUPS=128, KERNEL_H=3, KERNEL_W=3, PADDING_H=1, PADDING_W=1, STRIDE_H=2, STRIDE_W=2, num_stages=4, num_warps=4", "best_time": 0.016607999801635742, "best_triton_pos": 0}
AUTOTUNE convolution_bwd_input(2x128x8x8, 128x1x3x3)
strides: [s32**2*s37, s32**2, s32, 1], [s18**2, s18**2, s18, 1]
dtypes: torch.float32, torch.float32
  triton_convolution2d_bwd_input_680 0.0166 ms 100.0% ALLOW_TF32=False, BLOCK_K=16, BLOCK_M=128, BLOCK_N=64, DILATION_H=1, DILATION_W=1, GROUPS=128, KERNEL_H=3, KERNEL_W=3, PADDING_H=1, PADDING_W=1, STRIDE_H=2, STRIDE_W=2, num_stages=4, num_warps=4
  triton_convolution2d_bwd_input_673 0.0170 ms 97.9% ALLOW_TF32=False, BLOCK_K=16, BLOCK_M=512, BLOCK_N=16, DILATION_H=1, DILATION_W=1, GROUPS=128, KERNEL_H=3, KERNEL_W=3, PADDING_H=1, PADDING_W=1, STRIDE_H=2, STRIDE_W=2, num_stages=1, num_warps=8
  triton_convolution2d_bwd_input_675 0.0172 ms 96.3% ALLOW_TF32=False, BLOCK_K=16, BLOCK_M=64, BLOCK_N=64, DILATION_H=1, DILATION_W=1, GROUPS=128, KERNEL_H=3, KERNEL_W=3, PADDING_H=1, PADDING_W=1, STRIDE_H=2, STRIDE_W=2, num_stages=2, num_warps=4
  triton_convolution2d_bwd_input_672 0.0204 ms 81.5% ALLOW_TF32=False, BLOCK_K=16, BLOCK_M=256, BLOCK_N=64, DILATION_H=1, DILATION_W=1, GROUPS=128, KERNEL_H=3, KERNEL_W=3, PADDING_H=1, PADDING_W=1, STRIDE_H=2, STRIDE_W=2, num_stages=2, num_warps=4
  triton_convolution2d_bwd_input_677 0.0212 ms 78.5% ALLOW_TF32=False, BLOCK_K=16, BLOCK_M=256, BLOCK_N=64, DILATION_H=1, DILATION_W=1, GROUPS=128, KERNEL_H=3, KERNEL_W=3, PADDING_H=1, PADDING_W=1, STRIDE_H=2, STRIDE_W=2, num_stages=2, num_warps=8
  triton_convolution2d_bwd_input_671 0.0246 ms 67.4% ALLOW_TF32=False, BLOCK_K=16, BLOCK_M=64, BLOCK_N=128, DILATION_H=1, DILATION_W=1, GROUPS=128, KERNEL_H=3, KERNEL_W=3, PADDING_H=1, PADDING_W=1, STRIDE_H=2, STRIDE_W=2, num_stages=2, num_warps=4
  triton_convolution2d_bwd_input_679 0.0246 ms 67.4% ALLOW_TF32=False, BLOCK_K=16, BLOCK_M=64, BLOCK_N=128, DILATION_H=1, DILATION_W=1, GROUPS=128, KERNEL_H=3, KERNEL_W=3, PADDING_H=1, PADDING_W=1, STRIDE_H=2, STRIDE_W=2, num_stages=4, num_warps=4
  triton_convolution2d_bwd_input_678 0.0282 ms 58.9% ALLOW_TF32=False, BLOCK_K=16, BLOCK_M=128, BLOCK_N=128, DILATION_H=1, DILATION_W=1, GROUPS=128, KERNEL_H=3, KERNEL_W=3, PADDING_H=1, PADDING_W=1, STRIDE_H=2, STRIDE_W=2, num_stages=3, num_warps=8
  triton_convolution2d_bwd_input_674 0.0282 ms 58.8% ALLOW_TF32=False, BLOCK_K=16, BLOCK_M=128, BLOCK_N=128, DILATION_H=1, DILATION_W=1, GROUPS=128, KERNEL_H=3, KERNEL_W=3, PADDING_H=1, PADDING_W=1, STRIDE_H=2, STRIDE_W=2, num_stages=2, num_warps=8
  triton_convolution2d_bwd_input_681 0.0339 ms 49.0% ALLOW_TF32=False, BLOCK_K=16, BLOCK_M=256, BLOCK_N=128, DILATION_H=1, DILATION_W=1, GROUPS=128, KERNEL_H=3, KERNEL_W=3, PADDING_H=1, PADDING_W=1, STRIDE_H=2, STRIDE_W=2, num_stages=2, num_warps=8
SingleProcess AUTOTUNE benchmarking takes 0.3141 seconds and 0.0006 seconds precompiling for 11 choices
.Autotune Choices Stats:
{"num_choices": 11, "num_triton_choices": 11, "best_kernel": "triton_convolution2d_bwd_weight_686", "best_kernel_desc": "ALLOW_TF32=False, BLOCK_K=16, BLOCK_M=64, BLOCK_N=64, DILATION_H=1, DILATION_W=1, GROUPS=128, KERNEL_H=3, KERNEL_W=3, PADDING_H=1, PADDING_W=1, STRIDE_H=2, STRIDE_W=2, num_stages=2, num_warps=4", "best_time": 0.04259200021624565, "best_triton_pos": 0}
AUTOTUNE convolution_bwd_weight(2x128x16x16, 2x128x8x8)
strides: [s13**2*s37, s13, s13*s37, 1], [s32**2*s37, s32, s32*s37, 1]
dtypes: torch.float32, torch.float32
  triton_convolution2d_bwd_weight_686 0.0426 ms 100.0% ALLOW_TF32=False, BLOCK_K=16, BLOCK_M=64, BLOCK_N=64, DILATION_H=1, DILATION_W=1, GROUPS=128, KERNEL_H=3, KERNEL_W=3, PADDING_H=1, PADDING_W=1, STRIDE_H=2, STRIDE_W=2, num_stages=2, num_warps=4
  triton_convolution2d_bwd_weight_687 0.0737 ms 57.8% ALLOW_TF32=False, BLOCK_K=16, BLOCK_M=64, BLOCK_N=128, DILATION_H=1, DILATION_W=1, GROUPS=128, KERNEL_H=3, KERNEL_W=3, PADDING_H=1, PADDING_W=1, STRIDE_H=2, STRIDE_W=2, num_stages=2, num_warps=8
  triton_convolution2d_bwd_weight_682 0.0860 ms 49.5% ALLOW_TF32=False, BLOCK_K=16, BLOCK_M=64, BLOCK_N=128, DILATION_H=1, DILATION_W=1, GROUPS=128, KERNEL_H=3, KERNEL_W=3, PADDING_H=1, PADDING_W=1, STRIDE_H=2, STRIDE_W=2, num_stages=2, num_warps=4
  triton_convolution2d_bwd_weight_690 0.0864 ms 49.3% ALLOW_TF32=False, BLOCK_K=16, BLOCK_M=64, BLOCK_N=128, DILATION_H=1, DILATION_W=1, GROUPS=128, KERNEL_H=3, KERNEL_W=3, PADDING_H=1, PADDING_W=1, STRIDE_H=2, STRIDE_W=2, num_stages=4, num_warps=4
  triton_convolution2d_bwd_weight_691 0.0910 ms 46.8% ALLOW_TF32=False, BLOCK_K=16, BLOCK_M=128, BLOCK_N=64, DILATION_H=1, DILATION_W=1, GROUPS=128, KERNEL_H=3, KERNEL_W=3, PADDING_H=1, PADDING_W=1, STRIDE_H=2, STRIDE_W=2, num_stages=4, num_warps=4
  triton_convolution2d_bwd_weight_689 0.1040 ms 41.0% ALLOW_TF32=False, BLOCK_K=16, BLOCK_M=128, BLOCK_N=128, DILATION_H=1, DILATION_W=1, GROUPS=128, KERNEL_H=3, KERNEL_W=3, PADDING_H=1, PADDING_W=1, STRIDE_H=2, STRIDE_W=2, num_stages=3, num_warps=8
  triton_convolution2d_bwd_weight_685 0.1057 ms 40.3% ALLOW_TF32=False, BLOCK_K=16, BLOCK_M=128, BLOCK_N=128, DILATION_H=1, DILATION_W=1, GROUPS=128, KERNEL_H=3, KERNEL_W=3, PADDING_H=1, PADDING_W=1, STRIDE_H=2, STRIDE_W=2, num_stages=2, num_warps=8
  triton_convolution2d_bwd_weight_688 0.1317 ms 32.3% ALLOW_TF32=False, BLOCK_K=16, BLOCK_M=256, BLOCK_N=64, DILATION_H=1, DILATION_W=1, GROUPS=128, KERNEL_H=3, KERNEL_W=3, PADDING_H=1, PADDING_W=1, STRIDE_H=2, STRIDE_W=2, num_stages=2, num_warps=8
  triton_convolution2d_bwd_weight_684 0.1513 ms 28.2% ALLOW_TF32=False, BLOCK_K=16, BLOCK_M=512, BLOCK_N=16, DILATION_H=1, DILATION_W=1, GROUPS=128, KERNEL_H=3, KERNEL_W=3, PADDING_H=1, PADDING_W=1, STRIDE_H=2, STRIDE_W=2, num_stages=1, num_warps=8
  triton_convolution2d_bwd_weight_683 0.1551 ms 27.5% ALLOW_TF32=False, BLOCK_K=16, BLOCK_M=256, BLOCK_N=64, DILATION_H=1, DILATION_W=1, GROUPS=128, KERNEL_H=3, KERNEL_W=3, PADDING_H=1, PADDING_W=1, STRIDE_H=2, STRIDE_W=2, num_stages=2, num_warps=4
SingleProcess AUTOTUNE benchmarking takes 0.3956 seconds and 15.3446 seconds precompiling for 11 choices
Autotune Choices Stats:
{"num_choices": 11, "num_triton_choices": 11, "best_kernel": "triton_convolution2d_bwd_input_697", "best_kernel_desc": "ALLOW_TF32=False, BLOCK_K=16, BLOCK_M=64, BLOCK_N=64, DILATION_H=1, DILATION_W=1, GROUPS=128, KERNEL_H=3, KERNEL_W=3, PADDING_H=1, PADDING_W=1, STRIDE_H=2, STRIDE_W=2, num_stages=2, num_warps=4", "best_time": 0.01833599992096424, "best_triton_pos": 0}
AUTOTUNE convolution_bwd_input(2x128x8x8, 128x1x3x3)
strides: [s32**2*s37, 1, s32*s37, s37], [s18**2, 1, s18, 1]
dtypes: torch.float32, torch.float32
  triton_convolution2d_bwd_input_697 0.0183 ms 100.0% ALLOW_TF32=False, BLOCK_K=16, BLOCK_M=64, BLOCK_N=64, DILATION_H=1, DILATION_W=1, GROUPS=128, KERNEL_H=3, KERNEL_W=3, PADDING_H=1, PADDING_W=1, STRIDE_H=2, STRIDE_W=2, num_stages=2, num_warps=4
  triton_convolution2d_bwd_input_702 0.0183 ms 100.0% ALLOW_TF32=False, BLOCK_K=16, BLOCK_M=128, BLOCK_N=64, DILATION_H=1, DILATION_W=1, GROUPS=128, KERNEL_H=3, KERNEL_W=3, PADDING_H=1, PADDING_W=1, STRIDE_H=2, STRIDE_W=2, num_stages=4, num_warps=4
  triton_convolution2d_bwd_input_695 0.0209 ms 87.6% ALLOW_TF32=False, BLOCK_K=16, BLOCK_M=512, BLOCK_N=16, DILATION_H=1, DILATION_W=1, GROUPS=128, KERNEL_H=3, KERNEL_W=3, PADDING_H=1, PADDING_W=1, STRIDE_H=2, STRIDE_W=2, num_stages=1, num_warps=8
  triton_convolution2d_bwd_input_694 0.0232 ms 78.9% ALLOW_TF32=False, BLOCK_K=16, BLOCK_M=256, BLOCK_N=64, DILATION_H=1, DILATION_W=1, GROUPS=128, KERNEL_H=3, KERNEL_W=3, PADDING_H=1, PADDING_W=1, STRIDE_H=2, STRIDE_W=2, num_stages=2, num_warps=4
  triton_convolution2d_bwd_input_699 0.0251 ms 73.1% ALLOW_TF32=False, BLOCK_K=16, BLOCK_M=256, BLOCK_N=64, DILATION_H=1, DILATION_W=1, GROUPS=128, KERNEL_H=3, KERNEL_W=3, PADDING_H=1, PADDING_W=1, STRIDE_H=2, STRIDE_W=2, num_stages=2, num_warps=8
  triton_convolution2d_bwd_input_693 0.0265 ms 69.3% ALLOW_TF32=False, BLOCK_K=16, BLOCK_M=64, BLOCK_N=128, DILATION_H=1, DILATION_W=1, GROUPS=128, KERNEL_H=3, KERNEL_W=3, PADDING_H=1, PADDING_W=1, STRIDE_H=2, STRIDE_W=2, num_stages=2, num_warps=4
  triton_convolution2d_bwd_input_701 0.0266 ms 69.0% ALLOW_TF32=False, BLOCK_K=16, BLOCK_M=64, BLOCK_N=128, DILATION_H=1, DILATION_W=1, GROUPS=128, KERNEL_H=3, KERNEL_W=3, PADDING_H=1, PADDING_W=1, STRIDE_H=2, STRIDE_W=2, num_stages=4, num_warps=4
  triton_convolution2d_bwd_input_698 0.0328 ms 56.0% ALLOW_TF32=False, BLOCK_K=16, BLOCK_M=64, BLOCK_N=128, DILATION_H=1, DILATION_W=1, GROUPS=128, KERNEL_H=3, KERNEL_W=3, PADDING_H=1, PADDING_W=1, STRIDE_H=2, STRIDE_W=2, num_stages=2, num_warps=8
  triton_convolution2d_bwd_input_700 0.0372 ms 49.3% ALLOW_TF32=False, BLOCK_K=16, BLOCK_M=128, BLOCK_N=128, DILATION_H=1, DILATION_W=1, GROUPS=128, KERNEL_H=3, KERNEL_W=3, PADDING_H=1, PADDING_W=1, STRIDE_H=2, STRIDE_W=2, num_stages=3, num_warps=8
  triton_convolution2d_bwd_input_696 0.0375 ms 48.9% ALLOW_TF32=False, BLOCK_K=16, BLOCK_M=128, BLOCK_N=128, DILATION_H=1, DILATION_W=1, GROUPS=128, KERNEL_H=3, KERNEL_W=3, PADDING_H=1, PADDING_W=1, STRIDE_H=2, STRIDE_W=2, num_stages=2, num_warps=8
SingleProcess AUTOTUNE benchmarking takes 0.2953 seconds and 0.0004 seconds precompiling for 11 choices
.sssssssssssssssssssssssssssssssssssssssssssssssssssssssssssssssssssssssssssssssssssssssssssssssssss..ss..........s...USDT:2026-08-26 21:08:35 13840:13840 SyncActivityProfilerHandler.cpp:52] profiler_start
USDT:2026-08-26 21:08:35 13840:13840 SyncActivityProfilerHandler.cpp:59] profiler_stop
.USDT:2026-08-26 21:08:51 13840:13840 SyncActivityProfilerHandler.cpp:52] profiler_start
USDT:2026-08-26 21:08:51 13840:13840 SyncActivityProfilerHandler.cpp:59] profiler_stop
...................................s./prj/corp/airesearch/lasvegas/vol22-scratch/users/tanngo/PhD/fix_torch_compile/prwork/envcu130/lib/python3.12/site-packages/torch/_dynamo/pgo.py:605: UserWarning: dynamo_pgo force disabled by torch.compiler.config.force_disable_caches
  warn_once(
/prj/corp/airesearch/lasvegas/vol22-scratch/users/tanngo/PhD/fix_torch_compile/prwork/envcu130/lib/python3.12/site-packages/torch/_dynamo/pgo.py:605: UserWarning: dynamo_pgo force disabled by torch.compiler.config.force_disable_caches
  warn_once(
/prj/corp/airesearch/lasvegas/vol22-scratch/users/tanngo/PhD/fix_torch_compile/prwork/envcu130/lib/python3.12/site-packages/torch/_dynamo/pgo.py:605: UserWarning: dynamo_pgo force disabled by torch.compiler.config.force_disable_caches
  warn_once(
/prj/corp/airesearch/lasvegas/vol22-scratch/users/tanngo/PhD/fix_torch_compile/prwork/envcu130/lib/python3.12/site-packages/torch/_dynamo/pgo.py:605: UserWarning: dynamo_pgo force disabled by torch.compiler.config.force_disable_caches
  warn_once(
/prj/corp/airesearch/lasvegas/vol22-scratch/users/tanngo/PhD/fix_torch_compile/prwork/envcu130/lib/python3.12/site-packages/torch/_dynamo/pgo.py:605: UserWarning: dynamo_pgo force disabled by torch.compiler.config.force_disable_caches
  warn_once(
/prj/corp/airesearch/lasvegas/vol22-scratch/users/tanngo/PhD/fix_torch_compile/prwork/envcu130/lib/python3.12/site-packages/torch/_dynamo/pgo.py:605: UserWarning: dynamo_pgo force disabled by torch.compiler.config.force_disable_caches
  warn_once(
/prj/corp/airesearch/lasvegas/vol22-scratch/users/tanngo/PhD/fix_torch_compile/prwork/envcu130/lib/python3.12/site-packages/torch/_dynamo/pgo.py:605: UserWarning: dynamo_pgo force disabled by torch.compiler.config.force_disable_caches
  warn_once(
/prj/corp/airesearch/lasvegas/vol22-scratch/users/tanngo/PhD/fix_torch_compile/prwork/envcu130/lib/python3.12/site-packages/torch/_dynamo/pgo.py:605: UserWarning: dynamo_pgo force disabled by torch.compiler.config.force_disable_caches
  warn_once(
/prj/corp/airesearch/lasvegas/vol22-scratch/users/tanngo/PhD/fix_torch_compile/prwork/envcu130/lib/python3.12/site-packages/torch/_dynamo/pgo.py:605: UserWarning: dynamo_pgo force disabled by torch.compiler.config.force_disable_caches
  warn_once(
./prj/corp/airesearch/lasvegas/vol22-scratch/users/tanngo/PhD/fix_torch_compile/prwork/envcu130/lib/python3.12/site-packages/torch/_dynamo/pgo.py:605: UserWarning: dynamo_pgo force disabled by torch.compiler.config.force_disable_caches
  warn_once(
./prj/corp/airesearch/lasvegas/vol22-scratch/users/tanngo/PhD/fix_torch_compile/prwork/envcu130/lib/python3.12/site-packages/torch/_dynamo/pgo.py:605: UserWarning: dynamo_pgo force disabled by torch.compiler.config.force_disable_caches
  warn_once(
/prj/corp/airesearch/lasvegas/vol22-scratch/users/tanngo/PhD/fix_torch_compile/prwork/envcu130/lib/python3.12/site-packages/torch/_dynamo/pgo.py:605: UserWarning: dynamo_pgo force disabled by torch.compiler.config.force_disable_caches
  warn_once(
.../prj/corp/airesearch/lasvegas/vol22-scratch/users/tanngo/PhD/fix_torch_compile/prwork/envcu130/lib/python3.12/site-packages/torch/_inductor/lowering.py:2352: FutureWarning: `torch._prims_common.check` is deprecated and will be removed in the future. Please use `torch._check*` functions instead.
  check(
/prj/corp/airesearch/lasvegas/vol22-scratch/users/tanngo/PhD/fix_torch_compile/prwork/envcu130/lib/python3.12/site-packages/torch/_inductor/lowering.py:2352: FutureWarning: `torch._prims_common.check` is deprecated and will be removed in the future. Please use `torch._check*` functions instead.
  check(
/prj/corp/airesearch/lasvegas/vol22-scratch/users/tanngo/PhD/fix_torch_compile/prwork/envcu130/lib/python3.12/site-packages/torch/_inductor/lowering.py:2352: FutureWarning: `torch._prims_common.check` is deprecated and will be removed in the future. Please use `torch._check*` functions instead.
  check(
/prj/corp/airesearch/lasvegas/vol22-scratch/users/tanngo/PhD/fix_torch_compile/prwork/envcu130/lib/python3.12/site-packages/torch/_inductor/lowering.py:2352: FutureWarning: `torch._prims_common.check` is deprecated and will be removed in the future. Please use `torch._check*` functions instead.
  check(
/prj/corp/airesearch/lasvegas/vol22-scratch/users/tanngo/PhD/fix_torch_compile/prwork/envcu130/lib/python3.12/site-packages/torch/_inductor/lowering.py:2352: FutureWarning: `torch._prims_common.check` is deprecated and will be removed in the future. Please use `torch._check*` functions instead.
  check(
/prj/corp/airesearch/lasvegas/vol22-scratch/users/tanngo/PhD/fix_torch_compile/prwork/envcu130/lib/python3.12/site-packages/torch/_inductor/lowering.py:2352: FutureWarning: `torch._prims_common.check` is deprecated and will be removed in the future. Please use `torch._check*` functions instead.
  check(
./prj/corp/airesearch/lasvegas/vol22-scratch/users/tanngo/PhD/fix_torch_compile/prwork/envcu130/lib/python3.12/site-packages/torch/_inductor/lowering.py:2352: FutureWarning: `torch._prims_common.check` is deprecated and will be removed in the future. Please use `torch._check*` functions instead.
  check(
/prj/corp/airesearch/lasvegas/vol22-scratch/users/tanngo/PhD/fix_torch_compile/prwork/envcu130/lib/python3.12/site-packages/torch/_inductor/lowering.py:2352: FutureWarning: `torch._prims_common.check` is deprecated and will be removed in the future. Please use `torch._check*` functions instead.
  check(
/prj/corp/airesearch/lasvegas/vol22-scratch/users/tanngo/PhD/fix_torch_compile/prwork/envcu130/lib/python3.12/site-packages/torch/_inductor/lowering.py:2352: FutureWarning: `torch._prims_common.check` is deprecated and will be removed in the future. Please use `torch._check*` functions instead.
  check(
/prj/corp/airesearch/lasvegas/vol22-scratch/users/tanngo/PhD/fix_torch_compile/prwork/envcu130/lib/python3.12/site-packages/torch/_inductor/lowering.py:2352: FutureWarning: `torch._prims_common.check` is deprecated and will be removed in the future. Please use `torch._check*` functions instead.
  check(
..................s............................................................................................s..s.............../usr2/tanngo/.local/share/uv/python/cpython-3.12.14-linux-x86_64-gnu/lib/python3.12/copyreg.py:99: FutureWarning: `isinstance(treespec, LeafSpec)` is deprecated, use `isinstance(treespec, TreeSpec) and treespec.is_leaf()` instead.
  return cls.__new__(cls, *args)
...................s...s...s..............s....W0826 21:12:23.042000 13840 torch/_functorch/_aot_autograd/graph_compile.py:2384] [0/0] failed to eagerly compile backwards for dynamic, suppressing in case backwards not needed
W0826 21:12:23.042000 13840 torch/_functorch/_aot_autograd/graph_compile.py:2384] [0/0] Traceback (most recent call last):
W0826 21:12:23.042000 13840 torch/_functorch/_aot_autograd/graph_compile.py:2384] [0/0]   File "/prj/corp/airesearch/lasvegas/vol22-scratch/users/tanngo/PhD/fix_torch_compile/prwork/envcu130/lib/python3.12/site-packages/torch/_functorch/_aot_autograd/graph_compile.py", line 2366, in _aot_stage2b_bw_compile
W0826 21:12:23.042000 13840 torch/_functorch/_aot_autograd/graph_compile.py:2384] [0/0]     compiled_bw_func = bw_compiler(bw_module_copy, placeholder_list)
W0826 21:12:23.042000 13840 torch/_functorch/_aot_autograd/graph_compile.py:2384] [0/0]                        ^^^^^^^^^^^^^^^^^^^^^^^^^^^^^^^^^^^^^^^^^^^^^
W0826 21:12:23.042000 13840 torch/_functorch/_aot_autograd/graph_compile.py:2384] [0/0]   File "/prj/corp/airesearch/lasvegas/vol22-scratch/users/tanngo/PhD/fix_torch_compile/prwork/envcu130/lib/python3.12/site-packages/torch/_functorch/_aot_autograd/schemas.py", line 1472, in __call__
W0826 21:12:23.042000 13840 torch/_functorch/_aot_autograd/graph_compile.py:2384] [0/0]     output_code = self.compiler_fn(gm, example_inputs)
W0826 21:12:23.042000 13840 torch/_functorch/_aot_autograd/graph_compile.py:2384] [0/0]                   ^^^^^^^^^^^^^^^^^^^^^^^^^^^^^^^^^^^^
W0826 21:12:23.042000 13840 torch/_functorch/_aot_autograd/graph_compile.py:2384] [0/0]   File "/prj/corp/airesearch/lasvegas/vol22-scratch/users/tanngo/PhD/fix_torch_compile/prwork/envcu130/lib/python3.12/site-packages/torch/_dynamo/backends/common.py", line 83, in _wrapped_bw_compiler
W0826 21:12:23.042000 13840 torch/_functorch/_aot_autograd/graph_compile.py:2384] [0/0]     disable(
W0826 21:12:23.042000 13840 torch/_functorch/_aot_autograd/graph_compile.py:2384] [0/0]   File "/prj/corp/airesearch/lasvegas/vol22-scratch/users/tanngo/PhD/fix_torch_compile/prwork/envcu130/lib/python3.12/site-packages/torch/_dynamo/eval_frame.py", line 1446, in _fn
W0826 21:12:23.042000 13840 torch/_functorch/_aot_autograd/graph_compile.py:2384] [0/0]     return fn(*args, **kwargs)
W0826 21:12:23.042000 13840 torch/_functorch/_aot_autograd/graph_compile.py:2384] [0/0]            ^^^^^^^^^^^^^^^^^^^
W0826 21:12:23.042000 13840 torch/_functorch/_aot_autograd/graph_compile.py:2384] [0/0]   File "/prj/corp/airesearch/lasvegas/vol22-scratch/users/tanngo/PhD/fix_torch_compile/prwork/envcu130/lib/python3.12/site-packages/torch/_utils_internal.py", line 96, in wrapper_function
W0826 21:12:23.042000 13840 torch/_functorch/_aot_autograd/graph_compile.py:2384] [0/0]     return function(*args, **kwargs)
W0826 21:12:23.042000 13840 torch/_functorch/_aot_autograd/graph_compile.py:2384] [0/0]            ^^^^^^^^^^^^^^^^^^^^^^^^^
W0826 21:12:23.042000 13840 torch/_functorch/_aot_autograd/graph_compile.py:2384] [0/0]   File "/prj/corp/airesearch/lasvegas/vol22-scratch/users/tanngo/PhD/fix_torch_compile/prwork/envcu130/lib/python3.12/site-packages/torch/_inductor/compile_fx.py", line 2962, in bw_compiler
W0826 21:12:23.042000 13840 torch/_functorch/_aot_autograd/graph_compile.py:2384] [0/0]     return compile_fx_backward(
W0826 21:12:23.042000 13840 torch/_functorch/_aot_autograd/graph_compile.py:2384] [0/0]            ^^^^^^^^^^^^^^^^^^^^
W0826 21:12:23.042000 13840 torch/_functorch/_aot_autograd/graph_compile.py:2384] [0/0]   File "/prj/corp/airesearch/lasvegas/vol22-scratch/users/tanngo/PhD/fix_torch_compile/prwork/envcu130/lib/python3.12/site-packages/torch/_inductor/compile_fx.py", line 2609, in compile_fx_backward
W0826 21:12:23.042000 13840 torch/_functorch/_aot_autograd/graph_compile.py:2384] [0/0]     return inner_compile(
W0826 21:12:23.042000 13840 torch/_functorch/_aot_autograd/graph_compile.py:2384] [0/0]            ^^^^^^^^^^^^^^
W0826 21:12:23.042000 13840 torch/_functorch/_aot_autograd/graph_compile.py:2384] [0/0]   File "/prj/corp/airesearch/lasvegas/vol22-scratch/users/tanngo/PhD/fix_torch_compile/prwork/envcu130/lib/python3.12/site-packages/torch/_inductor/compile_fx.py", line 837, in compile_fx_inner
W0826 21:12:23.042000 13840 torch/_functorch/_aot_autograd/graph_compile.py:2384] [0/0]     return wrap_compiler_debug(_compile_fx_inner, compiler_name="inductor")(
W0826 21:12:23.042000 13840 torch/_functorch/_aot_autograd/graph_compile.py:2384] [0/0]            ^^^^^^^^^^^^^^^^^^^^^^^^^^^^^^^^^^^^^^^^^^^^^^^^^^^^^^^^^^^^^^^^^
W0826 21:12:23.042000 13840 torch/_functorch/_aot_autograd/graph_compile.py:2384] [0/0]   File "/prj/corp/airesearch/lasvegas/vol22-scratch/users/tanngo/PhD/fix_torch_compile/prwork/envcu130/lib/python3.12/site-packages/torch/_dynamo/repro/after_aot.py", line 317, in debug_wrapper
W0826 21:12:23.042000 13840 torch/_functorch/_aot_autograd/graph_compile.py:2384] [0/0]     inner_compiled_fn = compiler_fn(gm, example_inputs)
W0826 21:12:23.042000 13840 torch/_functorch/_aot_autograd/graph_compile.py:2384] [0/0]                         ^^^^^^^^^^^^^^^^^^^^^^^^^^^^^^^
W0826 21:12:23.042000 13840 torch/_functorch/_aot_autograd/graph_compile.py:2384] [0/0]   File "/prj/corp/airesearch/lasvegas/vol22-scratch/users/tanngo/PhD/fix_torch_compile/prwork/envcu130/lib/python3.12/site-packages/torch/_inductor/compile_fx.py", line 1079, in _compile_fx_inner
W0826 21:12:23.042000 13840 torch/_functorch/_aot_autograd/graph_compile.py:2384] [0/0]     raise InductorError(e, currentframe()).with_traceback(
W0826 21:12:23.042000 13840 torch/_functorch/_aot_autograd/graph_compile.py:2384] [0/0]   File "/prj/corp/airesearch/lasvegas/vol22-scratch/users/tanngo/PhD/fix_torch_compile/prwork/envcu130/lib/python3.12/site-packages/torch/_inductor/compile_fx.py", line 1059, in _compile_fx_inner
W0826 21:12:23.042000 13840 torch/_functorch/_aot_autograd/graph_compile.py:2384] [0/0]     mb_compiled_graph = fx_codegen_and_compile(
W0826 21:12:23.042000 13840 torch/_functorch/_aot_autograd/graph_compile.py:2384] [0/0]                         ^^^^^^^^^^^^^^^^^^^^^^^
W0826 21:12:23.042000 13840 torch/_functorch/_aot_autograd/graph_compile.py:2384] [0/0]   File "/prj/corp/airesearch/lasvegas/vol22-scratch/users/tanngo/PhD/fix_torch_compile/prwork/envcu130/lib/python3.12/site-packages/torch/_inductor/compile_fx.py", line 1847, in fx_codegen_and_compile
W0826 21:12:23.042000 13840 torch/_functorch/_aot_autograd/graph_compile.py:2384] [0/0]     return scheme.codegen_and_compile(gm, example_inputs, inputs_to_check, graph_kwargs)
W0826 21:12:23.042000 13840 torch/_functorch/_aot_autograd/graph_compile.py:2384] [0/0]            ^^^^^^^^^^^^^^^^^^^^^^^^^^^^^^^^^^^^^^^^^^^^^^^^^^^^^^^^^^^^^^^^^^^^^^^^^^^^^
W0826 21:12:23.042000 13840 torch/_functorch/_aot_autograd/graph_compile.py:2384] [0/0]   File "/prj/corp/airesearch/lasvegas/vol22-scratch/users/tanngo/PhD/fix_torch_compile/prwork/envcu130/lib/python3.12/site-packages/torch/_inductor/compile_fx.py", line 1380, in codegen_and_compile
W0826 21:12:23.042000 13840 torch/_functorch/_aot_autograd/graph_compile.py:2384] [0/0]     _recursive_post_grad_passes(gm, is_inference=is_inference)
W0826 21:12:23.042000 13840 torch/_functorch/_aot_autograd/graph_compile.py:2384] [0/0]   File "/prj/corp/airesearch/lasvegas/vol22-scratch/users/tanngo/PhD/fix_torch_compile/prwork/envcu130/lib/python3.12/site-packages/torch/_inductor/compile_fx.py", line 582, in _recursive_post_grad_passes
W0826 21:12:23.042000 13840 torch/_functorch/_aot_autograd/graph_compile.py:2384] [0/0]     post_grad_passes(gm, is_inference)
W0826 21:12:23.042000 13840 torch/_functorch/_aot_autograd/graph_compile.py:2384] [0/0]   File "/prj/corp/airesearch/lasvegas/vol22-scratch/users/tanngo/PhD/fix_torch_compile/prwork/envcu130/lib/python3.12/site-packages/torch/_inductor/fx_passes/post_grad.py", line 423, in post_grad_passes
W0826 21:12:23.042000 13840 torch/_functorch/_aot_autograd/graph_compile.py:2384] [0/0]     GraphTransformObserver(gm, "reinplace_inplaceable_ops").apply_graph_pass(
W0826 21:12:23.042000 13840 torch/_functorch/_aot_autograd/graph_compile.py:2384] [0/0]   File "/prj/corp/airesearch/lasvegas/vol22-scratch/users/tanngo/PhD/fix_torch_compile/prwork/envcu130/lib/python3.12/site-packages/torch/fx/passes/graph_transform_observer.py", line 103, in apply_graph_pass
W0826 21:12:23.042000 13840 torch/_functorch/_aot_autograd/graph_compile.py:2384] [0/0]     return pass_fn(self.gm.graph)
W0826 21:12:23.042000 13840 torch/_functorch/_aot_autograd/graph_compile.py:2384] [0/0]            ^^^^^^^^^^^^^^^^^^^^^^
W0826 21:12:23.042000 13840 torch/_functorch/_aot_autograd/graph_compile.py:2384] [0/0]   File "/prj/corp/airesearch/lasvegas/vol22-scratch/users/tanngo/PhD/fix_torch_compile/prwork/envcu130/lib/python3.12/site-packages/torch/_inductor/fx_passes/reinplace.py", line 1048, in reinplace_inplaceable_ops
W0826 21:12:23.042000 13840 torch/_functorch/_aot_autograd/graph_compile.py:2384] [0/0]     fake_tensor_updater.incremental_update()
W0826 21:12:23.042000 13840 torch/_functorch/_aot_autograd/graph_compile.py:2384] [0/0]   File "/prj/corp/airesearch/lasvegas/vol22-scratch/users/tanngo/PhD/fix_torch_compile/prwork/envcu130/lib/python3.12/site-packages/torch/_inductor/fx_utils.py", line 622, in incremental_update
W0826 21:12:23.042000 13840 torch/_functorch/_aot_autograd/graph_compile.py:2384] [0/0]     if "val" in node.meta and _is_fake_tensor_same(
W0826 21:12:23.042000 13840 torch/_functorch/_aot_autograd/graph_compile.py:2384] [0/0]                               ^^^^^^^^^^^^^^^^^^^^^
W0826 21:12:23.042000 13840 torch/_functorch/_aot_autograd/graph_compile.py:2384] [0/0]   File "/prj/corp/airesearch/lasvegas/vol22-scratch/users/tanngo/PhD/fix_torch_compile/prwork/envcu130/lib/python3.12/site-packages/torch/_inductor/fx_utils.py", line 161, in _is_fake_tensor_same
W0826 21:12:23.042000 13840 torch/_functorch/_aot_autograd/graph_compile.py:2384] [0/0]     ) or get_storage(new) != get_storage(old):
W0826 21:12:23.042000 13840 torch/_functorch/_aot_autograd/graph_compile.py:2384] [0/0]          ^^^^^^^^^^^^^^^^
W0826 21:12:23.042000 13840 torch/_functorch/_aot_autograd/graph_compile.py:2384] [0/0]   File "/prj/corp/airesearch/lasvegas/vol22-scratch/users/tanngo/PhD/fix_torch_compile/prwork/envcu130/lib/python3.12/site-packages/torch/_inductor/fx_utils.py", line 650, in get_storage
W0826 21:12:23.042000 13840 torch/_functorch/_aot_autograd/graph_compile.py:2384] [0/0]     return t.untyped_storage()._cdata
W0826 21:12:23.042000 13840 torch/_functorch/_aot_autograd/graph_compile.py:2384] [0/0]            ^^^^^^^^^^^^^^^^^^^
W0826 21:12:23.042000 13840 torch/_functorch/_aot_autograd/graph_compile.py:2384] [0/0] torch._inductor.exc.InductorError: NotImplementedError: Cannot access storage of SparseTensorImpl
W0826 21:12:23.921000 13840 torch/_functorch/_aot_autograd/graph_compile.py:2384] [0/0] failed to eagerly compile backwards for dynamic, suppressing in case backwards not needed
W0826 21:12:23.921000 13840 torch/_functorch/_aot_autograd/graph_compile.py:2384] [0/0] Traceback (most recent call last):
W0826 21:12:23.921000 13840 torch/_functorch/_aot_autograd/graph_compile.py:2384] [0/0]   File "/prj/corp/airesearch/lasvegas/vol22-scratch/users/tanngo/PhD/fix_torch_compile/prwork/envcu130/lib/python3.12/site-packages/torch/_functorch/_aot_autograd/graph_compile.py", line 2366, in _aot_stage2b_bw_compile
W0826 21:12:23.921000 13840 torch/_functorch/_aot_autograd/graph_compile.py:2384] [0/0]     compiled_bw_func = bw_compiler(bw_module_copy, placeholder_list)
W0826 21:12:23.921000 13840 torch/_functorch/_aot_autograd/graph_compile.py:2384] [0/0]                        ^^^^^^^^^^^^^^^^^^^^^^^^^^^^^^^^^^^^^^^^^^^^^
W0826 21:12:23.921000 13840 torch/_functorch/_aot_autograd/graph_compile.py:2384] [0/0]   File "/prj/corp/airesearch/lasvegas/vol22-scratch/users/tanngo/PhD/fix_torch_compile/prwork/envcu130/lib/python3.12/site-packages/torch/_functorch/_aot_autograd/schemas.py", line 1472, in __call__
W0826 21:12:23.921000 13840 torch/_functorch/_aot_autograd/graph_compile.py:2384] [0/0]     output_code = self.compiler_fn(gm, example_inputs)
W0826 21:12:23.921000 13840 torch/_functorch/_aot_autograd/graph_compile.py:2384] [0/0]                   ^^^^^^^^^^^^^^^^^^^^^^^^^^^^^^^^^^^^
W0826 21:12:23.921000 13840 torch/_functorch/_aot_autograd/graph_compile.py:2384] [0/0]   File "/prj/corp/airesearch/lasvegas/vol22-scratch/users/tanngo/PhD/fix_torch_compile/prwork/envcu130/lib/python3.12/site-packages/torch/_dynamo/backends/common.py", line 83, in _wrapped_bw_compiler
W0826 21:12:23.921000 13840 torch/_functorch/_aot_autograd/graph_compile.py:2384] [0/0]     disable(
W0826 21:12:23.921000 13840 torch/_functorch/_aot_autograd/graph_compile.py:2384] [0/0]   File "/prj/corp/airesearch/lasvegas/vol22-scratch/users/tanngo/PhD/fix_torch_compile/prwork/envcu130/lib/python3.12/site-packages/torch/_dynamo/eval_frame.py", line 1446, in _fn
W0826 21:12:23.921000 13840 torch/_functorch/_aot_autograd/graph_compile.py:2384] [0/0]     return fn(*args, **kwargs)
W0826 21:12:23.921000 13840 torch/_functorch/_aot_autograd/graph_compile.py:2384] [0/0]            ^^^^^^^^^^^^^^^^^^^
W0826 21:12:23.921000 13840 torch/_functorch/_aot_autograd/graph_compile.py:2384] [0/0]   File "/prj/corp/airesearch/lasvegas/vol22-scratch/users/tanngo/PhD/fix_torch_compile/prwork/envcu130/lib/python3.12/site-packages/torch/_utils_internal.py", line 96, in wrapper_function
W0826 21:12:23.921000 13840 torch/_functorch/_aot_autograd/graph_compile.py:2384] [0/0]     return function(*args, **kwargs)
W0826 21:12:23.921000 13840 torch/_functorch/_aot_autograd/graph_compile.py:2384] [0/0]            ^^^^^^^^^^^^^^^^^^^^^^^^^
W0826 21:12:23.921000 13840 torch/_functorch/_aot_autograd/graph_compile.py:2384] [0/0]   File "/prj/corp/airesearch/lasvegas/vol22-scratch/users/tanngo/PhD/fix_torch_compile/prwork/envcu130/lib/python3.12/site-packages/torch/_inductor/compile_fx.py", line 2962, in bw_compiler
W0826 21:12:23.921000 13840 torch/_functorch/_aot_autograd/graph_compile.py:2384] [0/0]     return compile_fx_backward(
W0826 21:12:23.921000 13840 torch/_functorch/_aot_autograd/graph_compile.py:2384] [0/0]            ^^^^^^^^^^^^^^^^^^^^
W0826 21:12:23.921000 13840 torch/_functorch/_aot_autograd/graph_compile.py:2384] [0/0]   File "/prj/corp/airesearch/lasvegas/vol22-scratch/users/tanngo/PhD/fix_torch_compile/prwork/envcu130/lib/python3.12/site-packages/torch/_inductor/compile_fx.py", line 2609, in compile_fx_backward
W0826 21:12:23.921000 13840 torch/_functorch/_aot_autograd/graph_compile.py:2384] [0/0]     return inner_compile(
W0826 21:12:23.921000 13840 torch/_functorch/_aot_autograd/graph_compile.py:2384] [0/0]            ^^^^^^^^^^^^^^
W0826 21:12:23.921000 13840 torch/_functorch/_aot_autograd/graph_compile.py:2384] [0/0]   File "/prj/corp/airesearch/lasvegas/vol22-scratch/users/tanngo/PhD/fix_torch_compile/prwork/envcu130/lib/python3.12/site-packages/torch/_inductor/compile_fx.py", line 837, in compile_fx_inner
W0826 21:12:23.921000 13840 torch/_functorch/_aot_autograd/graph_compile.py:2384] [0/0]     return wrap_compiler_debug(_compile_fx_inner, compiler_name="inductor")(
W0826 21:12:23.921000 13840 torch/_functorch/_aot_autograd/graph_compile.py:2384] [0/0]            ^^^^^^^^^^^^^^^^^^^^^^^^^^^^^^^^^^^^^^^^^^^^^^^^^^^^^^^^^^^^^^^^^
W0826 21:12:23.921000 13840 torch/_functorch/_aot_autograd/graph_compile.py:2384] [0/0]   File "/prj/corp/airesearch/lasvegas/vol22-scratch/users/tanngo/PhD/fix_torch_compile/prwork/envcu130/lib/python3.12/site-packages/torch/_dynamo/repro/after_aot.py", line 317, in debug_wrapper
W0826 21:12:23.921000 13840 torch/_functorch/_aot_autograd/graph_compile.py:2384] [0/0]     inner_compiled_fn = compiler_fn(gm, example_inputs)
W0826 21:12:23.921000 13840 torch/_functorch/_aot_autograd/graph_compile.py:2384] [0/0]                         ^^^^^^^^^^^^^^^^^^^^^^^^^^^^^^^
W0826 21:12:23.921000 13840 torch/_functorch/_aot_autograd/graph_compile.py:2384] [0/0]   File "/prj/corp/airesearch/lasvegas/vol22-scratch/users/tanngo/PhD/fix_torch_compile/prwork/envcu130/lib/python3.12/site-packages/torch/_inductor/compile_fx.py", line 1079, in _compile_fx_inner
W0826 21:12:23.921000 13840 torch/_functorch/_aot_autograd/graph_compile.py:2384] [0/0]     raise InductorError(e, currentframe()).with_traceback(
W0826 21:12:23.921000 13840 torch/_functorch/_aot_autograd/graph_compile.py:2384] [0/0]   File "/prj/corp/airesearch/lasvegas/vol22-scratch/users/tanngo/PhD/fix_torch_compile/prwork/envcu130/lib/python3.12/site-packages/torch/_inductor/compile_fx.py", line 1059, in _compile_fx_inner
W0826 21:12:23.921000 13840 torch/_functorch/_aot_autograd/graph_compile.py:2384] [0/0]     mb_compiled_graph = fx_codegen_and_compile(
W0826 21:12:23.921000 13840 torch/_functorch/_aot_autograd/graph_compile.py:2384] [0/0]                         ^^^^^^^^^^^^^^^^^^^^^^^
W0826 21:12:23.921000 13840 torch/_functorch/_aot_autograd/graph_compile.py:2384] [0/0]   File "/prj/corp/airesearch/lasvegas/vol22-scratch/users/tanngo/PhD/fix_torch_compile/prwork/envcu130/lib/python3.12/site-packages/torch/_inductor/compile_fx.py", line 1847, in fx_codegen_and_compile
W0826 21:12:23.921000 13840 torch/_functorch/_aot_autograd/graph_compile.py:2384] [0/0]     return scheme.codegen_and_compile(gm, example_inputs, inputs_to_check, graph_kwargs)
W0826 21:12:23.921000 13840 torch/_functorch/_aot_autograd/graph_compile.py:2384] [0/0]            ^^^^^^^^^^^^^^^^^^^^^^^^^^^^^^^^^^^^^^^^^^^^^^^^^^^^^^^^^^^^^^^^^^^^^^^^^^^^^
W0826 21:12:23.921000 13840 torch/_functorch/_aot_autograd/graph_compile.py:2384] [0/0]   File "/prj/corp/airesearch/lasvegas/vol22-scratch/users/tanngo/PhD/fix_torch_compile/prwork/envcu130/lib/python3.12/site-packages/torch/_inductor/compile_fx.py", line 1380, in codegen_and_compile
W0826 21:12:23.921000 13840 torch/_functorch/_aot_autograd/graph_compile.py:2384] [0/0]     _recursive_post_grad_passes(gm, is_inference=is_inference)
W0826 21:12:23.921000 13840 torch/_functorch/_aot_autograd/graph_compile.py:2384] [0/0]   File "/prj/corp/airesearch/lasvegas/vol22-scratch/users/tanngo/PhD/fix_torch_compile/prwork/envcu130/lib/python3.12/site-packages/torch/_inductor/compile_fx.py", line 582, in _recursive_post_grad_passes
W0826 21:12:23.921000 13840 torch/_functorch/_aot_autograd/graph_compile.py:2384] [0/0]     post_grad_passes(gm, is_inference)
W0826 21:12:23.921000 13840 torch/_functorch/_aot_autograd/graph_compile.py:2384] [0/0]   File "/prj/corp/airesearch/lasvegas/vol22-scratch/users/tanngo/PhD/fix_torch_compile/prwork/envcu130/lib/python3.12/site-packages/torch/_inductor/fx_passes/post_grad.py", line 423, in post_grad_passes
W0826 21:12:23.921000 13840 torch/_functorch/_aot_autograd/graph_compile.py:2384] [0/0]     GraphTransformObserver(gm, "reinplace_inplaceable_ops").apply_graph_pass(
W0826 21:12:23.921000 13840 torch/_functorch/_aot_autograd/graph_compile.py:2384] [0/0]   File "/prj/corp/airesearch/lasvegas/vol22-scratch/users/tanngo/PhD/fix_torch_compile/prwork/envcu130/lib/python3.12/site-packages/torch/fx/passes/graph_transform_observer.py", line 103, in apply_graph_pass
W0826 21:12:23.921000 13840 torch/_functorch/_aot_autograd/graph_compile.py:2384] [0/0]     return pass_fn(self.gm.graph)
W0826 21:12:23.921000 13840 torch/_functorch/_aot_autograd/graph_compile.py:2384] [0/0]            ^^^^^^^^^^^^^^^^^^^^^^
W0826 21:12:23.921000 13840 torch/_functorch/_aot_autograd/graph_compile.py:2384] [0/0]   File "/prj/corp/airesearch/lasvegas/vol22-scratch/users/tanngo/PhD/fix_torch_compile/prwork/envcu130/lib/python3.12/site-packages/torch/_inductor/fx_passes/reinplace.py", line 1048, in reinplace_inplaceable_ops
W0826 21:12:23.921000 13840 torch/_functorch/_aot_autograd/graph_compile.py:2384] [0/0]     fake_tensor_updater.incremental_update()
W0826 21:12:23.921000 13840 torch/_functorch/_aot_autograd/graph_compile.py:2384] [0/0]   File "/prj/corp/airesearch/lasvegas/vol22-scratch/users/tanngo/PhD/fix_torch_compile/prwork/envcu130/lib/python3.12/site-packages/torch/_inductor/fx_utils.py", line 622, in incremental_update
W0826 21:12:23.921000 13840 torch/_functorch/_aot_autograd/graph_compile.py:2384] [0/0]     if "val" in node.meta and _is_fake_tensor_same(
W0826 21:12:23.921000 13840 torch/_functorch/_aot_autograd/graph_compile.py:2384] [0/0]                               ^^^^^^^^^^^^^^^^^^^^^
W0826 21:12:23.921000 13840 torch/_functorch/_aot_autograd/graph_compile.py:2384] [0/0]   File "/prj/corp/airesearch/lasvegas/vol22-scratch/users/tanngo/PhD/fix_torch_compile/prwork/envcu130/lib/python3.12/site-packages/torch/_inductor/fx_utils.py", line 161, in _is_fake_tensor_same
W0826 21:12:23.921000 13840 torch/_functorch/_aot_autograd/graph_compile.py:2384] [0/0]     ) or get_storage(new) != get_storage(old):
W0826 21:12:23.921000 13840 torch/_functorch/_aot_autograd/graph_compile.py:2384] [0/0]          ^^^^^^^^^^^^^^^^
W0826 21:12:23.921000 13840 torch/_functorch/_aot_autograd/graph_compile.py:2384] [0/0]   File "/prj/corp/airesearch/lasvegas/vol22-scratch/users/tanngo/PhD/fix_torch_compile/prwork/envcu130/lib/python3.12/site-packages/torch/_inductor/fx_utils.py", line 650, in get_storage
W0826 21:12:23.921000 13840 torch/_functorch/_aot_autograd/graph_compile.py:2384] [0/0]     return t.untyped_storage()._cdata
W0826 21:12:23.921000 13840 torch/_functorch/_aot_autograd/graph_compile.py:2384] [0/0]            ^^^^^^^^^^^^^^^^^^^
W0826 21:12:23.921000 13840 torch/_functorch/_aot_autograd/graph_compile.py:2384] [0/0] torch._inductor.exc.InductorError: NotImplementedError: Cannot access storage of SparseTensorImpl
................./prj/corp/airesearch/lasvegas/vol22-scratch/users/tanngo/PhD/fix_torch_compile/prwork/envcu130/lib/python3.12/site-packages/torch/_inductor/lowering.py:2352: FutureWarning: `torch._prims_common.check` is deprecated and will be removed in the future. Please use `torch._check*` functions instead.
  check(
........ss.................................../tmp/t213/test/inductor/test_torchinductor.py:18185: UserWarning: index_reduce() is in beta and the API may change at any time. (Triggered internally at /__w/pytorch/pytorch/aten/src/ATen/native/cuda/Indexing.cu:1478.)
  return x.index_reduce_(2, index, source, "mean", include_self=False)
.......Autotune Choices Stats:
{"num_choices": 12, "num_triton_choices": 12, "best_kernel": "triton_mm_713", "best_kernel_desc": "ACC_TYPE='tl.float32', ALLOW_TF32=False, BLOCK_K=128, BLOCK_M=16, BLOCK_N=16, EVEN_K=True, GROUP_M=8, USE_FAST_ACCUM=False, num_stages=4, num_warps=1", "best_time": 0.027648000046610832, "best_triton_pos": 0}
AUTOTUNE mm(16x1280, 1280x16)
strides: [1280, 1], [s20, 1]
dtypes: torch.bfloat16, torch.bfloat16
  triton_mm_713 0.0276 ms 100.0% ACC_TYPE='tl.float32', ALLOW_TF32=False, BLOCK_K=128, BLOCK_M=16, BLOCK_N=16, EVEN_K=True, GROUP_M=8, USE_FAST_ACCUM=False, num_stages=4, num_warps=1
  triton_mm_705 0.0385 ms 71.8% ACC_TYPE='tl.float32', ALLOW_TF32=False, BLOCK_K=128, BLOCK_M=16, BLOCK_N=16, EVEN_K=True, GROUP_M=8, USE_FAST_ACCUM=False, num_stages=2, num_warps=1
  triton_mm_707 0.0497 ms 55.6% ACC_TYPE='tl.float32', ALLOW_TF32=False, BLOCK_K=128, BLOCK_M=16, BLOCK_N=16, EVEN_K=True, GROUP_M=8, USE_FAST_ACCUM=False, num_stages=5, num_warps=1
  triton_mm_714 0.0564 ms 49.0% ACC_TYPE='tl.float32', ALLOW_TF32=False, BLOCK_K=64, BLOCK_M=16, BLOCK_N=16, EVEN_K=True, GROUP_M=8, USE_FAST_ACCUM=False, num_stages=5, num_warps=1
  triton_mm_715 0.0614 ms 45.0% ACC_TYPE='tl.float32', ALLOW_TF32=False, BLOCK_K=64, BLOCK_M=16, BLOCK_N=16, EVEN_K=True, GROUP_M=8, USE_FAST_ACCUM=False, num_stages=4, num_warps=1
  triton_mm_704 0.0618 ms 44.8% ACC_TYPE='tl.float32', ALLOW_TF32=False, BLOCK_K=16, BLOCK_M=16, BLOCK_N=16, EVEN_K=True, GROUP_M=8, USE_FAST_ACCUM=False, num_stages=1, num_warps=1
  triton_mm_712 0.0657 ms 42.1% ACC_TYPE='tl.float32', ALLOW_TF32=False, BLOCK_K=32, BLOCK_M=16, BLOCK_N=16, EVEN_K=True, GROUP_M=8, USE_FAST_ACCUM=False, num_stages=4, num_warps=1
  triton_mm_710 0.0700 ms 39.5% ACC_TYPE='tl.float32', ALLOW_TF32=False, BLOCK_K=64, BLOCK_M=16, BLOCK_N=16, EVEN_K=True, GROUP_M=8, USE_FAST_ACCUM=False, num_stages=3, num_warps=1
  triton_mm_711 0.0768 ms 36.0% ACC_TYPE='tl.float32', ALLOW_TF32=False, BLOCK_K=32, BLOCK_M=16, BLOCK_N=16, EVEN_K=True, GROUP_M=8, USE_FAST_ACCUM=False, num_stages=3, num_warps=1
  triton_mm_706 0.0769 ms 36.0% ACC_TYPE='tl.float32', ALLOW_TF32=False, BLOCK_K=32, BLOCK_M=16, BLOCK_N=16, EVEN_K=True, GROUP_M=8, USE_FAST_ACCUM=False, num_stages=5, num_warps=1
SingleProcess AUTOTUNE benchmarking takes 0.3500 seconds and 3.6810 seconds precompiling for 12 choices
Autotune Choices Stats:
{"num_choices": 12, "num_triton_choices": 12, "best_kernel": "triton_mm_717", "best_kernel_desc": "ACC_TYPE='tl.float32', ALLOW_TF32=False, BLOCK_K=128, BLOCK_M=16, BLOCK_N=16, EVEN_K=False, GROUP_M=8, USE_FAST_ACCUM=False, num_stages=2, num_warps=1", "best_time": 0.02956799976527691, "best_triton_pos": 0}
AUTOTUNE mm(16x1280, 1280x16)
strides: [s49, 1], [s46, 1]
dtypes: torch.bfloat16, torch.bfloat16
  triton_mm_717 0.0296 ms 100.0% ACC_TYPE='tl.float32', ALLOW_TF32=False, BLOCK_K=128, BLOCK_M=16, BLOCK_N=16, EVEN_K=False, GROUP_M=8, USE_FAST_ACCUM=False, num_stages=2, num_warps=1
  triton_mm_725 0.0296 ms 100.0% ACC_TYPE='tl.float32', ALLOW_TF32=False, BLOCK_K=128, BLOCK_M=16, BLOCK_N=16, EVEN_K=False, GROUP_M=8, USE_FAST_ACCUM=False, num_stages=4, num_warps=1
  triton_mm_719 0.0303 ms 97.6% ACC_TYPE='tl.float32', ALLOW_TF32=False, BLOCK_K=128, BLOCK_M=16, BLOCK_N=16, EVEN_K=False, GROUP_M=8, USE_FAST_ACCUM=False, num_stages=5, num_warps=1
  triton_mm_727 0.0395 ms 74.8% ACC_TYPE='tl.float32', ALLOW_TF32=False, BLOCK_K=64, BLOCK_M=16, BLOCK_N=16, EVEN_K=False, GROUP_M=8, USE_FAST_ACCUM=False, num_stages=4, num_warps=1
  triton_mm_722 0.0468 ms 63.1% ACC_TYPE='tl.float32', ALLOW_TF32=False, BLOCK_K=64, BLOCK_M=16, BLOCK_N=16, EVEN_K=False, GROUP_M=8, USE_FAST_ACCUM=False, num_stages=3, num_warps=1
  triton_mm_726 0.0469 ms 63.0% ACC_TYPE='tl.float32', ALLOW_TF32=False, BLOCK_K=64, BLOCK_M=16, BLOCK_N=16, EVEN_K=False, GROUP_M=8, USE_FAST_ACCUM=False, num_stages=5, num_warps=1
  triton_mm_721 0.0560 ms 52.8% ACC_TYPE='tl.float32', ALLOW_TF32=False, BLOCK_K=32, BLOCK_M=16, BLOCK_N=16, EVEN_K=False, GROUP_M=8, USE_FAST_ACCUM=False, num_stages=2, num_warps=1
  triton_mm_724 0.0562 ms 52.6% ACC_TYPE='tl.float32', ALLOW_TF32=False, BLOCK_K=32, BLOCK_M=16, BLOCK_N=16, EVEN_K=False, GROUP_M=8, USE_FAST_ACCUM=False, num_stages=4, num_warps=1
  triton_mm_718 0.0563 ms 52.6% ACC_TYPE='tl.float32', ALLOW_TF32=False, BLOCK_K=32, BLOCK_M=16, BLOCK_N=16, EVEN_K=False, GROUP_M=8, USE_FAST_ACCUM=False, num_stages=5, num_warps=1
  triton_mm_723 0.0651 ms 45.4% ACC_TYPE='tl.float32', ALLOW_TF32=False, BLOCK_K=32, BLOCK_M=16, BLOCK_N=16, EVEN_K=False, GROUP_M=8, USE_FAST_ACCUM=False, num_stages=3, num_warps=1
SingleProcess AUTOTUNE benchmarking takes 0.3329 seconds and 4.1931 seconds precompiling for 12 choices
..........E0826 21:14:32.936000 13840 torch/_dynamo/utils.py:3722] Accuracy failed: allclose not within tol=0.0001
...W0826 21:14:34.034000 13840 torch/_inductor/cudagraph_utils.py:380] [__cudagraphs] skipping cudagraphs due to mutated inputs (1 instances). Found from : 
W0826 21:14:34.034000 13840 torch/_inductor/cudagraph_utils.py:380] [__cudagraphs]    File "/tmp/t213/test/inductor/test_torchinductor.py", line 9857, in fn
W0826 21:14:34.034000 13840 torch/_inductor/cudagraph_utils.py:380] [__cudagraphs]     a.copy_(b)
W0826 21:14:34.034000 13840 torch/_inductor/cudagraph_utils.py:380] [__cudagraphs] 
..............s....W0826 21:15:00.684000 13840 torch/fx/experimental/symbolic_shapes.py:8238] [0/0] failed during evaluate_expr(1 < ps1, hint=None, size_oblivious=False, forcing_spec=False
/prj/corp/airesearch/lasvegas/vol22-scratch/users/tanngo/PhD/fix_torch_compile/prwork/envcu130/lib/python3.12/site-packages/triton/language/core.py:2284: UserWarning: tl.make_block_ptr is deprecated. Use TensorDescriptor or tl.make_tensor_descriptor instead.
  warn("tl.make_block_ptr is deprecated. Use TensorDescriptor or tl.make_tensor_descriptor instead.")
.....W0826 21:15:12.136000 13840 torch/_inductor/debug.py:545] [0/0_1] model__2792_inference_2678 debug trace: /tmp/t213/test/torch_compile_debug/run_2026_08_26_20_39_00_608413-pid_13840/torchinductor/model__2792_inference_2678.1
...............Autotune Choices Stats:
{"num_choices": 5, "num_triton_choices": 5, "best_kernel": "triton_mm_731", "best_kernel_desc": "ACC_TYPE='tl.float32', ALLOW_TF32=False, BLOCK_K=16, BLOCK_M=16, BLOCK_N=16, EVEN_K=False, GROUP_M=8, USE_FAST_ACCUM=False, num_stages=3, num_warps=1", "best_time": 0.0080960001796484, "best_triton_pos": 0}
AUTOTUNE addmm(10x1, 10x1, 1x1)
strides: [1, 1], [1, 1], [1, 1]
dtypes: torch.float32, torch.float32, torch.float32
  triton_mm_731 0.0081 ms 100.0% ACC_TYPE='tl.float32', ALLOW_TF32=False, BLOCK_K=16, BLOCK_M=16, BLOCK_N=16, EVEN_K=False, GROUP_M=8, USE_FAST_ACCUM=False, num_stages=3, num_warps=1
  triton_mm_730 0.0081 ms 99.6% ACC_TYPE='tl.float32', ALLOW_TF32=False, BLOCK_K=16, BLOCK_M=16, BLOCK_N=16, EVEN_K=False, GROUP_M=8, USE_FAST_ACCUM=False, num_stages=5, num_warps=1
  triton_mm_732 0.0081 ms 99.6% ACC_TYPE='tl.float32', ALLOW_TF32=False, BLOCK_K=16, BLOCK_M=16, BLOCK_N=16, EVEN_K=False, GROUP_M=8, USE_FAST_ACCUM=False, num_stages=4, num_warps=1
  triton_mm_729 0.0082 ms 98.4% ACC_TYPE='tl.float32', ALLOW_TF32=False, BLOCK_K=16, BLOCK_M=16, BLOCK_N=16, EVEN_K=False, GROUP_M=8, USE_FAST_ACCUM=False, num_stages=2, num_warps=1
  triton_mm_728 0.0083 ms 98.1% ACC_TYPE='tl.float32', ALLOW_TF32=False, BLOCK_K=16, BLOCK_M=16, BLOCK_N=16, EVEN_K=False, GROUP_M=8, USE_FAST_ACCUM=False, num_stages=1, num_warps=1
SingleProcess AUTOTUNE benchmarking takes 0.1291 seconds and 1.0798 seconds precompiling for 5 choices
Autotune Choices Stats:
{"num_choices": 5, "num_triton_choices": 5, "best_kernel": "triton_mm_736", "best_kernel_desc": "ACC_TYPE='tl.float32', ALLOW_TF32=False, BLOCK_K=16, BLOCK_M=16, BLOCK_N=16, EVEN_K=False, GROUP_M=8, USE_FAST_ACCUM=False, num_stages=3, num_warps=1", "best_time": 0.008415999822318554, "best_triton_pos": 0}
AUTOTUNE mm(1x10, 10x1)
strides: [1, 1], [1, 1]
dtypes: torch.float32, torch.float32
  triton_mm_736 0.0084 ms 100.0% ACC_TYPE='tl.float32', ALLOW_TF32=False, BLOCK_K=16, BLOCK_M=16, BLOCK_N=16, EVEN_K=False, GROUP_M=8, USE_FAST_ACCUM=False, num_stages=3, num_warps=1
  triton_mm_734 0.0084 ms 99.6% ACC_TYPE='tl.float32', ALLOW_TF32=False, BLOCK_K=16, BLOCK_M=16, BLOCK_N=16, EVEN_K=False, GROUP_M=8, USE_FAST_ACCUM=False, num_stages=2, num_warps=1
  triton_mm_735 0.0087 ms 96.3% ACC_TYPE='tl.float32', ALLOW_TF32=False, BLOCK_K=16, BLOCK_M=16, BLOCK_N=16, EVEN_K=False, GROUP_M=8, USE_FAST_ACCUM=False, num_stages=5, num_warps=1
  triton_mm_737 0.0391 ms 21.5% ACC_TYPE='tl.float32', ALLOW_TF32=False, BLOCK_K=16, BLOCK_M=16, BLOCK_N=16, EVEN_K=False, GROUP_M=8, USE_FAST_ACCUM=False, num_stages=4, num_warps=1
  triton_mm_733 0.0585 ms 14.4% ACC_TYPE='tl.float32', ALLOW_TF32=False, BLOCK_K=16, BLOCK_M=16, BLOCK_N=16, EVEN_K=False, GROUP_M=8, USE_FAST_ACCUM=False, num_stages=1, num_warps=1
SingleProcess AUTOTUNE benchmarking takes 0.1356 seconds and 1.0222 seconds precompiling for 5 choices
Autotune Choices Stats:
{"num_choices": 5, "num_triton_choices": 5, "best_kernel": "triton_mm_749", "best_kernel_desc": "ACC_TYPE='tl.float32', ALLOW_TF32=False, BLOCK_K=16, BLOCK_M=16, BLOCK_N=16, EVEN_K=False, GROUP_M=8, USE_FAST_ACCUM=False, num_stages=2, num_warps=1", "best_time": 0.007584000006318092, "best_triton_pos": 0}
AUTOTUNE addmm(10x1, 10x1, 1x1)
strides: [1, 1], [1, 1], [1, 1]
dtypes: torch.float16, torch.float16, torch.float16
  triton_mm_749 0.0076 ms 100.0% ACC_TYPE='tl.float32', ALLOW_TF32=False, BLOCK_K=16, BLOCK_M=16, BLOCK_N=16, EVEN_K=False, GROUP_M=8, USE_FAST_ACCUM=False, num_stages=2, num_warps=1
  triton_mm_750 0.0076 ms 99.2% ACC_TYPE='tl.float32', ALLOW_TF32=False, BLOCK_K=16, BLOCK_M=16, BLOCK_N=16, EVEN_K=False, GROUP_M=8, USE_FAST_ACCUM=False, num_stages=5, num_warps=1
  triton_mm_751 0.0077 ms 97.9% ACC_TYPE='tl.float32', ALLOW_TF32=False, BLOCK_K=16, BLOCK_M=16, BLOCK_N=16, EVEN_K=False, GROUP_M=8, USE_FAST_ACCUM=False, num_stages=3, num_warps=1
  triton_mm_752 0.0080 ms 94.8% ACC_TYPE='tl.float32', ALLOW_TF32=False, BLOCK_K=16, BLOCK_M=16, BLOCK_N=16, EVEN_K=False, GROUP_M=8, USE_FAST_ACCUM=False, num_stages=4, num_warps=1
  triton_mm_748 0.0082 ms 92.9% ACC_TYPE='tl.float32', ALLOW_TF32=False, BLOCK_K=16, BLOCK_M=16, BLOCK_N=16, EVEN_K=False, GROUP_M=8, USE_FAST_ACCUM=False, num_stages=1, num_warps=1
SingleProcess AUTOTUNE benchmarking takes 0.1418 seconds and 0.8426 seconds precompiling for 5 choices
Autotune Choices Stats:
{"num_choices": 5, "num_triton_choices": 5, "best_kernel": "triton_mm_754", "best_kernel_desc": "ACC_TYPE='tl.float32', ALLOW_TF32=False, BLOCK_K=16, BLOCK_M=16, BLOCK_N=16, EVEN_K=False, GROUP_M=8, USE_FAST_ACCUM=False, num_stages=2, num_warps=1", "best_time": 0.0072639998979866505, "best_triton_pos": 0}
AUTOTUNE mm(1x10, 10x1)
strides: [1, 1], [1, 1]
dtypes: torch.float16, torch.float16
  triton_mm_754 0.0073 ms 100.0% ACC_TYPE='tl.float32', ALLOW_TF32=False, BLOCK_K=16, BLOCK_M=16, BLOCK_N=16, EVEN_K=False, GROUP_M=8, USE_FAST_ACCUM=False, num_stages=2, num_warps=1
  triton_mm_755 0.0073 ms 100.0% ACC_TYPE='tl.float32', ALLOW_TF32=False, BLOCK_K=16, BLOCK_M=16, BLOCK_N=16, EVEN_K=False, GROUP_M=8, USE_FAST_ACCUM=False, num_stages=5, num_warps=1
  triton_mm_756 0.0074 ms 97.8% ACC_TYPE='tl.float32', ALLOW_TF32=False, BLOCK_K=16, BLOCK_M=16, BLOCK_N=16, EVEN_K=False, GROUP_M=8, USE_FAST_ACCUM=False, num_stages=3, num_warps=1
  triton_mm_757 0.0076 ms 95.8% ACC_TYPE='tl.float32', ALLOW_TF32=False, BLOCK_K=16, BLOCK_M=16, BLOCK_N=16, EVEN_K=False, GROUP_M=8, USE_FAST_ACCUM=False, num_stages=4, num_warps=1
  triton_mm_753 0.0077 ms 93.8% ACC_TYPE='tl.float32', ALLOW_TF32=False, BLOCK_K=16, BLOCK_M=16, BLOCK_N=16, EVEN_K=False, GROUP_M=8, USE_FAST_ACCUM=False, num_stages=1, num_warps=1
SingleProcess AUTOTUNE benchmarking takes 0.1374 seconds and 0.6503 seconds precompiling for 5 choices
.s....s............s............/prj/corp/airesearch/lasvegas/vol22-scratch/users/tanngo/PhD/fix_torch_compile/prwork/envcu130/lib/python3.12/site-packages/torch/_dynamo/pgo.py:605: UserWarning: dynamo_pgo force disabled by torch.compiler.config.force_disable_caches
  warn_once(
/prj/corp/airesearch/lasvegas/vol22-scratch/users/tanngo/PhD/fix_torch_compile/prwork/envcu130/lib/python3.12/site-packages/torch/_dynamo/pgo.py:605: UserWarning: dynamo_pgo force disabled by torch.compiler.config.force_disable_caches
  warn_once(
./prj/corp/airesearch/lasvegas/vol22-scratch/users/tanngo/PhD/fix_torch_compile/prwork/envcu130/lib/python3.12/site-packages/torch/_dynamo/pgo.py:605: UserWarning: dynamo_pgo force disabled by torch.compiler.config.force_disable_caches
  warn_once(
/prj/corp/airesearch/lasvegas/vol22-scratch/users/tanngo/PhD/fix_torch_compile/prwork/envcu130/lib/python3.12/site-packages/torch/_dynamo/pgo.py:605: UserWarning: dynamo_pgo force disabled by torch.compiler.config.force_disable_caches
  warn_once(
.............................ssss......ss..........................................ss...................................................................USDT:2026-08-26 21:20:25 13840:13840 SyncActivityProfilerHandler.cpp:52] profiler_start
USDT:2026-08-26 21:20:25 13840:13840 SyncActivityProfilerHandler.cpp:59] profiler_stop
...........x.s............s...sssss.......s.......s.s..........s....s........./prj/corp/airesearch/lasvegas/vol22-scratch/users/tanngo/PhD/fix_torch_compile/prwork/envcu130/lib/python3.12/site-packages/triton/language/core.py:2284: UserWarning: tl.make_block_ptr is deprecated. Use TensorDescriptor or tl.make_tensor_descriptor instead.
  warn("tl.make_block_ptr is deprecated. Use TensorDescriptor or tl.make_tensor_descriptor instead.")
../prj/corp/airesearch/lasvegas/vol22-scratch/users/tanngo/PhD/fix_torch_compile/prwork/envcu130/lib/python3.12/site-packages/triton/language/core.py:2284: UserWarning: tl.make_block_ptr is deprecated. Use TensorDescriptor or tl.make_tensor_descriptor instead.
  warn("tl.make_block_ptr is deprecated. Use TensorDescriptor or tl.make_tensor_descriptor instead.")
..................................................s........................s......................s/prj/corp/airesearch/lasvegas/vol22-scratch/users/tanngo/PhD/fix_torch_compile/prwork/envcu130/lib/python3.12/site-packages/triton/language/core.py:2284: UserWarning: tl.make_block_ptr is deprecated. Use TensorDescriptor or tl.make_tensor_descriptor instead.
  warn("tl.make_block_ptr is deprecated. Use TensorDescriptor or tl.make_tensor_descriptor instead.")
/prj/corp/airesearch/lasvegas/vol22-scratch/users/tanngo/PhD/fix_torch_compile/prwork/envcu130/lib/python3.12/site-packages/triton/language/core.py:2284: UserWarning: tl.make_block_ptr is deprecated. Use TensorDescriptor or tl.make_tensor_descriptor instead.
  warn("tl.make_block_ptr is deprecated. Use TensorDescriptor or tl.make_tensor_descriptor instead.")
.................................................s....../tmp/t213/test/inductor/test_torchinductor.py:6928: UserWarning: var(): degrees of freedom is <= 0. Correction should be strictly less than the reduction factor (input numel divided by output numel). (Triggered internally at /__w/pytorch/pytorch/aten/src/ATen/native/ReduceOps.cpp:1861.)
  torch.var(x, dim=dim, correction=10),
/tmp/t213/test/inductor/test_torchinductor.py:6928: UserWarning: var(): degrees of freedom is <= 0. Correction should be strictly less than the reduction factor (input numel divided by output numel). (Triggered internally at /__w/pytorch/pytorch/aten/src/ATen/native/ReduceOps.cpp:1861.)
  torch.var(x, dim=dim, correction=10),
/tmp/t213/test/inductor/test_torchinductor.py:6928: UserWarning: var(): degrees of freedom is <= 0. Correction should be strictly less than the reduction factor (input numel divided by output numel). (Triggered internally at /__w/pytorch/pytorch/aten/src/ATen/native/ReduceOps.cpp:1861.)
  torch.var(x, dim=dim, correction=10),
............................................s.s...s..............................s.........s....F...........s...........s...................................