s..................../tmp/envpinned/lib/python3.12/site-packages/torch/_inductor/lowering.py:2633: UserWarning: Torchinductor does not support code generation for complex operators. Performance may be worse than eager.
  warnings.warn(
../tmp/t213/test/inductor/test_torchinductor.py:1662: UserWarning: ComplexHalf support is experimental and many operators don't support it yet. (Triggered internally at /__w/pytorch/pytorch/aten/src/ATen/EmptyTensor.cpp:54.)
  x = torch.tensor(
....................sss.....W0826 21:49:33.033000 38373 torch/_export/__init__.py:71] +============================+
W0826 21:49:33.034000 38373 torch/_export/__init__.py:72] |     !!!   WARNING   !!!    |
W0826 21:49:33.034000 38373 torch/_export/__init__.py:73] +============================+
W0826 21:49:33.034000 38373 torch/_export/__init__.py:74] torch._export.aot_compile()/torch._export.aot_load() is being deprecated, please switch to directly calling torch._inductor.aoti_compile_and_package(torch.export.export())/torch._inductor.aoti_load_package() instead.
/usr2/tanngo/.local/share/uv/python/cpython-3.12.14-linux-x86_64-gnu/lib/python3.12/copyreg.py:99: FutureWarning: `isinstance(treespec, LeafSpec)` is deprecated, use `isinstance(treespec, TreeSpec) and treespec.is_leaf()` instead.
  return cls.__new__(cls, *args)
./usr2/tanngo/.local/share/uv/python/cpython-3.12.14-linux-x86_64-gnu/lib/python3.12/copyreg.py:99: FutureWarning: `isinstance(treespec, LeafSpec)` is deprecated, use `isinstance(treespec, TreeSpec) and treespec.is_leaf()` instead.
  return cls.__new__(cls, *args)
./usr2/tanngo/.local/share/uv/python/cpython-3.12.14-linux-x86_64-gnu/lib/python3.12/copyreg.py:99: FutureWarning: `isinstance(treespec, LeafSpec)` is deprecated, use `isinstance(treespec, TreeSpec) and treespec.is_leaf()` instead.
  return cls.__new__(cls, *args)
/usr2/tanngo/.local/share/uv/python/cpython-3.12.14-linux-x86_64-gnu/lib/python3.12/copyreg.py:99: FutureWarning: `isinstance(treespec, LeafSpec)` is deprecated, use `isinstance(treespec, TreeSpec) and treespec.is_leaf()` instead.
  return cls.__new__(cls, *args)
/usr2/tanngo/.local/share/uv/python/cpython-3.12.14-linux-x86_64-gnu/lib/python3.12/copyreg.py:99: FutureWarning: `isinstance(treespec, LeafSpec)` is deprecated, use `isinstance(treespec, TreeSpec) and treespec.is_leaf()` instead.
  return cls.__new__(cls, *args)
/usr2/tanngo/.local/share/uv/python/cpython-3.12.14-linux-x86_64-gnu/lib/python3.12/copyreg.py:99: FutureWarning: `isinstance(treespec, LeafSpec)` is deprecated, use `isinstance(treespec, TreeSpec) and treespec.is_leaf()` instead.
  return cls.__new__(cls, *args)
./usr2/tanngo/.local/share/uv/python/cpython-3.12.14-linux-x86_64-gnu/lib/python3.12/copyreg.py:99: FutureWarning: `isinstance(treespec, LeafSpec)` is deprecated, use `isinstance(treespec, TreeSpec) and treespec.is_leaf()` instead.
  return cls.__new__(cls, *args)
./usr2/tanngo/.local/share/uv/python/cpython-3.12.14-linux-x86_64-gnu/lib/python3.12/copyreg.py:99: FutureWarning: `isinstance(treespec, LeafSpec)` is deprecated, use `isinstance(treespec, TreeSpec) and treespec.is_leaf()` instead.
  return cls.__new__(cls, *args)
/usr2/tanngo/.local/share/uv/python/cpython-3.12.14-linux-x86_64-gnu/lib/python3.12/copyreg.py:99: FutureWarning: `isinstance(treespec, LeafSpec)` is deprecated, use `isinstance(treespec, TreeSpec) and treespec.is_leaf()` instead.
  return cls.__new__(cls, *args)
./usr2/tanngo/.local/share/uv/python/cpython-3.12.14-linux-x86_64-gnu/lib/python3.12/copyreg.py:99: FutureWarning: `isinstance(treespec, LeafSpec)` is deprecated, use `isinstance(treespec, TreeSpec) and treespec.is_leaf()` instead.
  return cls.__new__(cls, *args)
./usr2/tanngo/.local/share/uv/python/cpython-3.12.14-linux-x86_64-gnu/lib/python3.12/copyreg.py:99: FutureWarning: `isinstance(treespec, LeafSpec)` is deprecated, use `isinstance(treespec, TreeSpec) and treespec.is_leaf()` instead.
  return cls.__new__(cls, *args)
/usr2/tanngo/.local/share/uv/python/cpython-3.12.14-linux-x86_64-gnu/lib/python3.12/copyreg.py:99: FutureWarning: `isinstance(treespec, LeafSpec)` is deprecated, use `isinstance(treespec, TreeSpec) and treespec.is_leaf()` instead.
  return cls.__new__(cls, *args)
/usr2/tanngo/.local/share/uv/python/cpython-3.12.14-linux-x86_64-gnu/lib/python3.12/copyreg.py:99: FutureWarning: `isinstance(treespec, LeafSpec)` is deprecated, use `isinstance(treespec, TreeSpec) and treespec.is_leaf()` instead.
  return cls.__new__(cls, *args)
/usr2/tanngo/.local/share/uv/python/cpython-3.12.14-linux-x86_64-gnu/lib/python3.12/copyreg.py:99: FutureWarning: `isinstance(treespec, LeafSpec)` is deprecated, use `isinstance(treespec, TreeSpec) and treespec.is_leaf()` instead.
  return cls.__new__(cls, *args)
/usr2/tanngo/.local/share/uv/python/cpython-3.12.14-linux-x86_64-gnu/lib/python3.12/copyreg.py:99: FutureWarning: `isinstance(treespec, LeafSpec)` is deprecated, use `isinstance(treespec, TreeSpec) and treespec.is_leaf()` instead.
  return cls.__new__(cls, *args)
........................................E0826 21:53:48.881000 38373 torch/_subclasses/fake_tensor.py:3090] [0/0] failed while attempting to run meta for aten.avg_pool2d.default
E0826 21:53:48.881000 38373 torch/_subclasses/fake_tensor.py:3090] [0/0] Traceback (most recent call last):
E0826 21:53:48.881000 38373 torch/_subclasses/fake_tensor.py:3090] [0/0]   File "/tmp/envpinned/lib/python3.12/site-packages/torch/_subclasses/fake_tensor.py", line 3086, in _dispatch_impl
E0826 21:53:48.881000 38373 torch/_subclasses/fake_tensor.py:3090] [0/0]     r = func(*args, **kwargs)
E0826 21:53:48.881000 38373 torch/_subclasses/fake_tensor.py:3090] [0/0]         ^^^^^^^^^^^^^^^^^^^^^
E0826 21:53:48.881000 38373 torch/_subclasses/fake_tensor.py:3090] [0/0]   File "/tmp/envpinned/lib/python3.12/site-packages/torch/_ops.py", line 875, in __call__
E0826 21:53:48.881000 38373 torch/_subclasses/fake_tensor.py:3090] [0/0]     return self._op(*args, **kwargs)
E0826 21:53:48.881000 38373 torch/_subclasses/fake_tensor.py:3090] [0/0]            ^^^^^^^^^^^^^^^^^^^^^^^^^
E0826 21:53:48.881000 38373 torch/_subclasses/fake_tensor.py:3090] [0/0]   File "/tmp/envpinned/lib/python3.12/site-packages/torch/_meta_registrations.py", line 3149, in meta_avg_pool2d
E0826 21:53:48.881000 38373 torch/_subclasses/fake_tensor.py:3090] [0/0]     torch._check(
E0826 21:53:48.881000 38373 torch/_subclasses/fake_tensor.py:3090] [0/0]   File "/tmp/envpinned/lib/python3.12/site-packages/torch/__init__.py", line 1768, in _check
E0826 21:53:48.881000 38373 torch/_subclasses/fake_tensor.py:3090] [0/0]     _check_with(RuntimeError, cond, message)  # pyrefly: ignore [bad-argument-type]
E0826 21:53:48.881000 38373 torch/_subclasses/fake_tensor.py:3090] [0/0]     ^^^^^^^^^^^^^^^^^^^^^^^^^^^^^^^^^^^^^^^^
E0826 21:53:48.881000 38373 torch/_subclasses/fake_tensor.py:3090] [0/0]   File "/tmp/envpinned/lib/python3.12/site-packages/torch/__init__.py", line 1750, in _check_with
E0826 21:53:48.881000 38373 torch/_subclasses/fake_tensor.py:3090] [0/0]     raise error_type(message_evaluated)
E0826 21:53:48.881000 38373 torch/_subclasses/fake_tensor.py:3090] [0/0] RuntimeError: "avg_pool2d" not implemented for 'torch.uint8'
E0826 21:53:48.921000 38373 torch/_subclasses/fake_tensor.py:3090] [0/1] failed while attempting to run meta for aten.avg_pool2d.default
E0826 21:53:48.921000 38373 torch/_subclasses/fake_tensor.py:3090] [0/1] Traceback (most recent call last):
E0826 21:53:48.921000 38373 torch/_subclasses/fake_tensor.py:3090] [0/1]   File "/tmp/envpinned/lib/python3.12/site-packages/torch/_subclasses/fake_tensor.py", line 3086, in _dispatch_impl
E0826 21:53:48.921000 38373 torch/_subclasses/fake_tensor.py:3090] [0/1]     r = func(*args, **kwargs)
E0826 21:53:48.921000 38373 torch/_subclasses/fake_tensor.py:3090] [0/1]         ^^^^^^^^^^^^^^^^^^^^^
E0826 21:53:48.921000 38373 torch/_subclasses/fake_tensor.py:3090] [0/1]   File "/tmp/envpinned/lib/python3.12/site-packages/torch/_ops.py", line 875, in __call__
E0826 21:53:48.921000 38373 torch/_subclasses/fake_tensor.py:3090] [0/1]     return self._op(*args, **kwargs)
E0826 21:53:48.921000 38373 torch/_subclasses/fake_tensor.py:3090] [0/1]            ^^^^^^^^^^^^^^^^^^^^^^^^^
E0826 21:53:48.921000 38373 torch/_subclasses/fake_tensor.py:3090] [0/1]   File "/tmp/envpinned/lib/python3.12/site-packages/torch/_meta_registrations.py", line 3149, in meta_avg_pool2d
E0826 21:53:48.921000 38373 torch/_subclasses/fake_tensor.py:3090] [0/1]     torch._check(
E0826 21:53:48.921000 38373 torch/_subclasses/fake_tensor.py:3090] [0/1]   File "/tmp/envpinned/lib/python3.12/site-packages/torch/__init__.py", line 1768, in _check
E0826 21:53:48.921000 38373 torch/_subclasses/fake_tensor.py:3090] [0/1]     _check_with(RuntimeError, cond, message)  # pyrefly: ignore [bad-argument-type]
E0826 21:53:48.921000 38373 torch/_subclasses/fake_tensor.py:3090] [0/1]     ^^^^^^^^^^^^^^^^^^^^^^^^^^^^^^^^^^^^^^^^
E0826 21:53:48.921000 38373 torch/_subclasses/fake_tensor.py:3090] [0/1]   File "/tmp/envpinned/lib/python3.12/site-packages/torch/__init__.py", line 1750, in _check_with
E0826 21:53:48.921000 38373 torch/_subclasses/fake_tensor.py:3090] [0/1]     raise error_type(message_evaluated)
E0826 21:53:48.921000 38373 torch/_subclasses/fake_tensor.py:3090] [0/1] RuntimeError: "avg_pool2d" not implemented for 'torch.uint16'
E0826 21:53:48.958000 38373 torch/_subclasses/fake_tensor.py:3090] [0/2] failed while attempting to run meta for aten.avg_pool2d.default
E0826 21:53:48.958000 38373 torch/_subclasses/fake_tensor.py:3090] [0/2] Traceback (most recent call last):
E0826 21:53:48.958000 38373 torch/_subclasses/fake_tensor.py:3090] [0/2]   File "/tmp/envpinned/lib/python3.12/site-packages/torch/_subclasses/fake_tensor.py", line 3086, in _dispatch_impl
E0826 21:53:48.958000 38373 torch/_subclasses/fake_tensor.py:3090] [0/2]     r = func(*args, **kwargs)
E0826 21:53:48.958000 38373 torch/_subclasses/fake_tensor.py:3090] [0/2]         ^^^^^^^^^^^^^^^^^^^^^
E0826 21:53:48.958000 38373 torch/_subclasses/fake_tensor.py:3090] [0/2]   File "/tmp/envpinned/lib/python3.12/site-packages/torch/_ops.py", line 875, in __call__
E0826 21:53:48.958000 38373 torch/_subclasses/fake_tensor.py:3090] [0/2]     return self._op(*args, **kwargs)
E0826 21:53:48.958000 38373 torch/_subclasses/fake_tensor.py:3090] [0/2]            ^^^^^^^^^^^^^^^^^^^^^^^^^
E0826 21:53:48.958000 38373 torch/_subclasses/fake_tensor.py:3090] [0/2]   File "/tmp/envpinned/lib/python3.12/site-packages/torch/_meta_registrations.py", line 3149, in meta_avg_pool2d
E0826 21:53:48.958000 38373 torch/_subclasses/fake_tensor.py:3090] [0/2]     torch._check(
E0826 21:53:48.958000 38373 torch/_subclasses/fake_tensor.py:3090] [0/2]   File "/tmp/envpinned/lib/python3.12/site-packages/torch/__init__.py", line 1768, in _check
E0826 21:53:48.958000 38373 torch/_subclasses/fake_tensor.py:3090] [0/2]     _check_with(RuntimeError, cond, message)  # pyrefly: ignore [bad-argument-type]
E0826 21:53:48.958000 38373 torch/_subclasses/fake_tensor.py:3090] [0/2]     ^^^^^^^^^^^^^^^^^^^^^^^^^^^^^^^^^^^^^^^^
E0826 21:53:48.958000 38373 torch/_subclasses/fake_tensor.py:3090] [0/2]   File "/tmp/envpinned/lib/python3.12/site-packages/torch/__init__.py", line 1750, in _check_with
E0826 21:53:48.958000 38373 torch/_subclasses/fake_tensor.py:3090] [0/2]     raise error_type(message_evaluated)
E0826 21:53:48.958000 38373 torch/_subclasses/fake_tensor.py:3090] [0/2] RuntimeError: "avg_pool2d" not implemented for 'torch.uint32'
E0826 21:53:48.996000 38373 torch/_subclasses/fake_tensor.py:3090] [0/3] failed while attempting to run meta for aten.avg_pool2d.default
E0826 21:53:48.996000 38373 torch/_subclasses/fake_tensor.py:3090] [0/3] Traceback (most recent call last):
E0826 21:53:48.996000 38373 torch/_subclasses/fake_tensor.py:3090] [0/3]   File "/tmp/envpinned/lib/python3.12/site-packages/torch/_subclasses/fake_tensor.py", line 3086, in _dispatch_impl
E0826 21:53:48.996000 38373 torch/_subclasses/fake_tensor.py:3090] [0/3]     r = func(*args, **kwargs)
E0826 21:53:48.996000 38373 torch/_subclasses/fake_tensor.py:3090] [0/3]         ^^^^^^^^^^^^^^^^^^^^^
E0826 21:53:48.996000 38373 torch/_subclasses/fake_tensor.py:3090] [0/3]   File "/tmp/envpinned/lib/python3.12/site-packages/torch/_ops.py", line 875, in __call__
E0826 21:53:48.996000 38373 torch/_subclasses/fake_tensor.py:3090] [0/3]     return self._op(*args, **kwargs)
E0826 21:53:48.996000 38373 torch/_subclasses/fake_tensor.py:3090] [0/3]            ^^^^^^^^^^^^^^^^^^^^^^^^^
E0826 21:53:48.996000 38373 torch/_subclasses/fake_tensor.py:3090] [0/3]   File "/tmp/envpinned/lib/python3.12/site-packages/torch/_meta_registrations.py", line 3149, in meta_avg_pool2d
E0826 21:53:48.996000 38373 torch/_subclasses/fake_tensor.py:3090] [0/3]     torch._check(
E0826 21:53:48.996000 38373 torch/_subclasses/fake_tensor.py:3090] [0/3]   File "/tmp/envpinned/lib/python3.12/site-packages/torch/__init__.py", line 1768, in _check
E0826 21:53:48.996000 38373 torch/_subclasses/fake_tensor.py:3090] [0/3]     _check_with(RuntimeError, cond, message)  # pyrefly: ignore [bad-argument-type]
E0826 21:53:48.996000 38373 torch/_subclasses/fake_tensor.py:3090] [0/3]     ^^^^^^^^^^^^^^^^^^^^^^^^^^^^^^^^^^^^^^^^
E0826 21:53:48.996000 38373 torch/_subclasses/fake_tensor.py:3090] [0/3]   File "/tmp/envpinned/lib/python3.12/site-packages/torch/__init__.py", line 1750, in _check_with
E0826 21:53:48.996000 38373 torch/_subclasses/fake_tensor.py:3090] [0/3]     raise error_type(message_evaluated)
E0826 21:53:48.996000 38373 torch/_subclasses/fake_tensor.py:3090] [0/3] RuntimeError: "avg_pool2d" not implemented for 'torch.uint64'
E0826 21:53:49.036000 38373 torch/_subclasses/fake_tensor.py:3090] [0/4] failed while attempting to run meta for aten.avg_pool2d.default
E0826 21:53:49.036000 38373 torch/_subclasses/fake_tensor.py:3090] [0/4] Traceback (most recent call last):
E0826 21:53:49.036000 38373 torch/_subclasses/fake_tensor.py:3090] [0/4]   File "/tmp/envpinned/lib/python3.12/site-packages/torch/_subclasses/fake_tensor.py", line 3086, in _dispatch_impl
E0826 21:53:49.036000 38373 torch/_subclasses/fake_tensor.py:3090] [0/4]     r = func(*args, **kwargs)
E0826 21:53:49.036000 38373 torch/_subclasses/fake_tensor.py:3090] [0/4]         ^^^^^^^^^^^^^^^^^^^^^
E0826 21:53:49.036000 38373 torch/_subclasses/fake_tensor.py:3090] [0/4]   File "/tmp/envpinned/lib/python3.12/site-packages/torch/_ops.py", line 875, in __call__
E0826 21:53:49.036000 38373 torch/_subclasses/fake_tensor.py:3090] [0/4]     return self._op(*args, **kwargs)
E0826 21:53:49.036000 38373 torch/_subclasses/fake_tensor.py:3090] [0/4]            ^^^^^^^^^^^^^^^^^^^^^^^^^
E0826 21:53:49.036000 38373 torch/_subclasses/fake_tensor.py:3090] [0/4]   File "/tmp/envpinned/lib/python3.12/site-packages/torch/_meta_registrations.py", line 3149, in meta_avg_pool2d
E0826 21:53:49.036000 38373 torch/_subclasses/fake_tensor.py:3090] [0/4]     torch._check(
E0826 21:53:49.036000 38373 torch/_subclasses/fake_tensor.py:3090] [0/4]   File "/tmp/envpinned/lib/python3.12/site-packages/torch/__init__.py", line 1768, in _check
E0826 21:53:49.036000 38373 torch/_subclasses/fake_tensor.py:3090] [0/4]     _check_with(RuntimeError, cond, message)  # pyrefly: ignore [bad-argument-type]
E0826 21:53:49.036000 38373 torch/_subclasses/fake_tensor.py:3090] [0/4]     ^^^^^^^^^^^^^^^^^^^^^^^^^^^^^^^^^^^^^^^^
E0826 21:53:49.036000 38373 torch/_subclasses/fake_tensor.py:3090] [0/4]   File "/tmp/envpinned/lib/python3.12/site-packages/torch/__init__.py", line 1750, in _check_with
E0826 21:53:49.036000 38373 torch/_subclasses/fake_tensor.py:3090] [0/4]     raise error_type(message_evaluated)
E0826 21:53:49.036000 38373 torch/_subclasses/fake_tensor.py:3090] [0/4] RuntimeError: "avg_pool2d" not implemented for 'torch.uint8'
E0826 21:53:49.062000 38373 torch/_subclasses/fake_tensor.py:3090] [0/5] failed while attempting to run meta for aten.avg_pool2d.default
E0826 21:53:49.062000 38373 torch/_subclasses/fake_tensor.py:3090] [0/5] Traceback (most recent call last):
E0826 21:53:49.062000 38373 torch/_subclasses/fake_tensor.py:3090] [0/5]   File "/tmp/envpinned/lib/python3.12/site-packages/torch/_subclasses/fake_tensor.py", line 3086, in _dispatch_impl
E0826 21:53:49.062000 38373 torch/_subclasses/fake_tensor.py:3090] [0/5]     r = func(*args, **kwargs)
E0826 21:53:49.062000 38373 torch/_subclasses/fake_tensor.py:3090] [0/5]         ^^^^^^^^^^^^^^^^^^^^^
E0826 21:53:49.062000 38373 torch/_subclasses/fake_tensor.py:3090] [0/5]   File "/tmp/envpinned/lib/python3.12/site-packages/torch/_ops.py", line 875, in __call__
E0826 21:53:49.062000 38373 torch/_subclasses/fake_tensor.py:3090] [0/5]     return self._op(*args, **kwargs)
E0826 21:53:49.062000 38373 torch/_subclasses/fake_tensor.py:3090] [0/5]            ^^^^^^^^^^^^^^^^^^^^^^^^^
E0826 21:53:49.062000 38373 torch/_subclasses/fake_tensor.py:3090] [0/5]   File "/tmp/envpinned/lib/python3.12/site-packages/torch/_meta_registrations.py", line 3149, in meta_avg_pool2d
E0826 21:53:49.062000 38373 torch/_subclasses/fake_tensor.py:3090] [0/5]     torch._check(
E0826 21:53:49.062000 38373 torch/_subclasses/fake_tensor.py:3090] [0/5]   File "/tmp/envpinned/lib/python3.12/site-packages/torch/__init__.py", line 1768, in _check
E0826 21:53:49.062000 38373 torch/_subclasses/fake_tensor.py:3090] [0/5]     _check_with(RuntimeError, cond, message)  # pyrefly: ignore [bad-argument-type]
E0826 21:53:49.062000 38373 torch/_subclasses/fake_tensor.py:3090] [0/5]     ^^^^^^^^^^^^^^^^^^^^^^^^^^^^^^^^^^^^^^^^
E0826 21:53:49.062000 38373 torch/_subclasses/fake_tensor.py:3090] [0/5]   File "/tmp/envpinned/lib/python3.12/site-packages/torch/__init__.py", line 1750, in _check_with
E0826 21:53:49.062000 38373 torch/_subclasses/fake_tensor.py:3090] [0/5]     raise error_type(message_evaluated)
E0826 21:53:49.062000 38373 torch/_subclasses/fake_tensor.py:3090] [0/5] RuntimeError: "avg_pool2d" not implemented for 'torch.uint16'
E0826 21:53:49.087000 38373 torch/_subclasses/fake_tensor.py:3090] [0/6] failed while attempting to run meta for aten.avg_pool2d.default
E0826 21:53:49.087000 38373 torch/_subclasses/fake_tensor.py:3090] [0/6] Traceback (most recent call last):
E0826 21:53:49.087000 38373 torch/_subclasses/fake_tensor.py:3090] [0/6]   File "/tmp/envpinned/lib/python3.12/site-packages/torch/_subclasses/fake_tensor.py", line 3086, in _dispatch_impl
E0826 21:53:49.087000 38373 torch/_subclasses/fake_tensor.py:3090] [0/6]     r = func(*args, **kwargs)
E0826 21:53:49.087000 38373 torch/_subclasses/fake_tensor.py:3090] [0/6]         ^^^^^^^^^^^^^^^^^^^^^
E0826 21:53:49.087000 38373 torch/_subclasses/fake_tensor.py:3090] [0/6]   File "/tmp/envpinned/lib/python3.12/site-packages/torch/_ops.py", line 875, in __call__
E0826 21:53:49.087000 38373 torch/_subclasses/fake_tensor.py:3090] [0/6]     return self._op(*args, **kwargs)
E0826 21:53:49.087000 38373 torch/_subclasses/fake_tensor.py:3090] [0/6]            ^^^^^^^^^^^^^^^^^^^^^^^^^
E0826 21:53:49.087000 38373 torch/_subclasses/fake_tensor.py:3090] [0/6]   File "/tmp/envpinned/lib/python3.12/site-packages/torch/_meta_registrations.py", line 3149, in meta_avg_pool2d
E0826 21:53:49.087000 38373 torch/_subclasses/fake_tensor.py:3090] [0/6]     torch._check(
E0826 21:53:49.087000 38373 torch/_subclasses/fake_tensor.py:3090] [0/6]   File "/tmp/envpinned/lib/python3.12/site-packages/torch/__init__.py", line 1768, in _check
E0826 21:53:49.087000 38373 torch/_subclasses/fake_tensor.py:3090] [0/6]     _check_with(RuntimeError, cond, message)  # pyrefly: ignore [bad-argument-type]
E0826 21:53:49.087000 38373 torch/_subclasses/fake_tensor.py:3090] [0/6]     ^^^^^^^^^^^^^^^^^^^^^^^^^^^^^^^^^^^^^^^^
E0826 21:53:49.087000 38373 torch/_subclasses/fake_tensor.py:3090] [0/6]   File "/tmp/envpinned/lib/python3.12/site-packages/torch/__init__.py", line 1750, in _check_with
E0826 21:53:49.087000 38373 torch/_subclasses/fake_tensor.py:3090] [0/6]     raise error_type(message_evaluated)
E0826 21:53:49.087000 38373 torch/_subclasses/fake_tensor.py:3090] [0/6] RuntimeError: "avg_pool2d" not implemented for 'torch.uint32'
E0826 21:53:49.113000 38373 torch/_subclasses/fake_tensor.py:3090] [0/7] failed while attempting to run meta for aten.avg_pool2d.default
E0826 21:53:49.113000 38373 torch/_subclasses/fake_tensor.py:3090] [0/7] Traceback (most recent call last):
E0826 21:53:49.113000 38373 torch/_subclasses/fake_tensor.py:3090] [0/7]   File "/tmp/envpinned/lib/python3.12/site-packages/torch/_subclasses/fake_tensor.py", line 3086, in _dispatch_impl
E0826 21:53:49.113000 38373 torch/_subclasses/fake_tensor.py:3090] [0/7]     r = func(*args, **kwargs)
E0826 21:53:49.113000 38373 torch/_subclasses/fake_tensor.py:3090] [0/7]         ^^^^^^^^^^^^^^^^^^^^^
E0826 21:53:49.113000 38373 torch/_subclasses/fake_tensor.py:3090] [0/7]   File "/tmp/envpinned/lib/python3.12/site-packages/torch/_ops.py", line 875, in __call__
E0826 21:53:49.113000 38373 torch/_subclasses/fake_tensor.py:3090] [0/7]     return self._op(*args, **kwargs)
E0826 21:53:49.113000 38373 torch/_subclasses/fake_tensor.py:3090] [0/7]            ^^^^^^^^^^^^^^^^^^^^^^^^^
E0826 21:53:49.113000 38373 torch/_subclasses/fake_tensor.py:3090] [0/7]   File "/tmp/envpinned/lib/python3.12/site-packages/torch/_meta_registrations.py", line 3149, in meta_avg_pool2d
E0826 21:53:49.113000 38373 torch/_subclasses/fake_tensor.py:3090] [0/7]     torch._check(
E0826 21:53:49.113000 38373 torch/_subclasses/fake_tensor.py:3090] [0/7]   File "/tmp/envpinned/lib/python3.12/site-packages/torch/__init__.py", line 1768, in _check
E0826 21:53:49.113000 38373 torch/_subclasses/fake_tensor.py:3090] [0/7]     _check_with(RuntimeError, cond, message)  # pyrefly: ignore [bad-argument-type]
E0826 21:53:49.113000 38373 torch/_subclasses/fake_tensor.py:3090] [0/7]     ^^^^^^^^^^^^^^^^^^^^^^^^^^^^^^^^^^^^^^^^
E0826 21:53:49.113000 38373 torch/_subclasses/fake_tensor.py:3090] [0/7]   File "/tmp/envpinned/lib/python3.12/site-packages/torch/__init__.py", line 1750, in _check_with
E0826 21:53:49.113000 38373 torch/_subclasses/fake_tensor.py:3090] [0/7]     raise error_type(message_evaluated)
E0826 21:53:49.113000 38373 torch/_subclasses/fake_tensor.py:3090] [0/7] RuntimeError: "avg_pool2d" not implemented for 'torch.uint64'
E0826 21:53:49.151000 38373 torch/_subclasses/fake_tensor.py:3090] [0/8] failed while attempting to run meta for aten.avg_pool3d.default
E0826 21:53:49.151000 38373 torch/_subclasses/fake_tensor.py:3090] [0/8] Traceback (most recent call last):
E0826 21:53:49.151000 38373 torch/_subclasses/fake_tensor.py:3090] [0/8]   File "/tmp/envpinned/lib/python3.12/site-packages/torch/_subclasses/fake_tensor.py", line 3086, in _dispatch_impl
E0826 21:53:49.151000 38373 torch/_subclasses/fake_tensor.py:3090] [0/8]     r = func(*args, **kwargs)
E0826 21:53:49.151000 38373 torch/_subclasses/fake_tensor.py:3090] [0/8]         ^^^^^^^^^^^^^^^^^^^^^
E0826 21:53:49.151000 38373 torch/_subclasses/fake_tensor.py:3090] [0/8]   File "/tmp/envpinned/lib/python3.12/site-packages/torch/_ops.py", line 875, in __call__
E0826 21:53:49.151000 38373 torch/_subclasses/fake_tensor.py:3090] [0/8]     return self._op(*args, **kwargs)
E0826 21:53:49.151000 38373 torch/_subclasses/fake_tensor.py:3090] [0/8]            ^^^^^^^^^^^^^^^^^^^^^^^^^
E0826 21:53:49.151000 38373 torch/_subclasses/fake_tensor.py:3090] [0/8]   File "/tmp/envpinned/lib/python3.12/site-packages/torch/_prims_common/wrappers.py", line 313, in _fn
E0826 21:53:49.151000 38373 torch/_subclasses/fake_tensor.py:3090] [0/8]     result = fn(*args, **kwargs)
E0826 21:53:49.151000 38373 torch/_subclasses/fake_tensor.py:3090] [0/8]              ^^^^^^^^^^^^^^^^^^^
E0826 21:53:49.151000 38373 torch/_subclasses/fake_tensor.py:3090] [0/8]   File "/tmp/envpinned/lib/python3.12/site-packages/torch/_meta_registrations.py", line 3347, in meta_avg_pool3d
E0826 21:53:49.151000 38373 torch/_subclasses/fake_tensor.py:3090] [0/8]     torch._check(
E0826 21:53:49.151000 38373 torch/_subclasses/fake_tensor.py:3090] [0/8]   File "/tmp/envpinned/lib/python3.12/site-packages/torch/__init__.py", line 1768, in _check
E0826 21:53:49.151000 38373 torch/_subclasses/fake_tensor.py:3090] [0/8]     _check_with(RuntimeError, cond, message)  # pyrefly: ignore [bad-argument-type]
E0826 21:53:49.151000 38373 torch/_subclasses/fake_tensor.py:3090] [0/8]     ^^^^^^^^^^^^^^^^^^^^^^^^^^^^^^^^^^^^^^^^
E0826 21:53:49.151000 38373 torch/_subclasses/fake_tensor.py:3090] [0/8]   File "/tmp/envpinned/lib/python3.12/site-packages/torch/__init__.py", line 1750, in _check_with
E0826 21:53:49.151000 38373 torch/_subclasses/fake_tensor.py:3090] [0/8]     raise error_type(message_evaluated)
E0826 21:53:49.151000 38373 torch/_subclasses/fake_tensor.py:3090] [0/8] RuntimeError: "avg_pool3d" not implemented for 'torch.uint8'
E0826 21:53:49.178000 38373 torch/_subclasses/fake_tensor.py:3090] [0/9] failed while attempting to run meta for aten.avg_pool3d.default
E0826 21:53:49.178000 38373 torch/_subclasses/fake_tensor.py:3090] [0/9] Traceback (most recent call last):
E0826 21:53:49.178000 38373 torch/_subclasses/fake_tensor.py:3090] [0/9]   File "/tmp/envpinned/lib/python3.12/site-packages/torch/_subclasses/fake_tensor.py", line 3086, in _dispatch_impl
E0826 21:53:49.178000 38373 torch/_subclasses/fake_tensor.py:3090] [0/9]     r = func(*args, **kwargs)
E0826 21:53:49.178000 38373 torch/_subclasses/fake_tensor.py:3090] [0/9]         ^^^^^^^^^^^^^^^^^^^^^
E0826 21:53:49.178000 38373 torch/_subclasses/fake_tensor.py:3090] [0/9]   File "/tmp/envpinned/lib/python3.12/site-packages/torch/_ops.py", line 875, in __call__
E0826 21:53:49.178000 38373 torch/_subclasses/fake_tensor.py:3090] [0/9]     return self._op(*args, **kwargs)
E0826 21:53:49.178000 38373 torch/_subclasses/fake_tensor.py:3090] [0/9]            ^^^^^^^^^^^^^^^^^^^^^^^^^
E0826 21:53:49.178000 38373 torch/_subclasses/fake_tensor.py:3090] [0/9]   File "/tmp/envpinned/lib/python3.12/site-packages/torch/_prims_common/wrappers.py", line 313, in _fn
E0826 21:53:49.178000 38373 torch/_subclasses/fake_tensor.py:3090] [0/9]     result = fn(*args, **kwargs)
E0826 21:53:49.178000 38373 torch/_subclasses/fake_tensor.py:3090] [0/9]              ^^^^^^^^^^^^^^^^^^^
E0826 21:53:49.178000 38373 torch/_subclasses/fake_tensor.py:3090] [0/9]   File "/tmp/envpinned/lib/python3.12/site-packages/torch/_meta_registrations.py", line 3347, in meta_avg_pool3d
E0826 21:53:49.178000 38373 torch/_subclasses/fake_tensor.py:3090] [0/9]     torch._check(
E0826 21:53:49.178000 38373 torch/_subclasses/fake_tensor.py:3090] [0/9]   File "/tmp/envpinned/lib/python3.12/site-packages/torch/__init__.py", line 1768, in _check
E0826 21:53:49.178000 38373 torch/_subclasses/fake_tensor.py:3090] [0/9]     _check_with(RuntimeError, cond, message)  # pyrefly: ignore [bad-argument-type]
E0826 21:53:49.178000 38373 torch/_subclasses/fake_tensor.py:3090] [0/9]     ^^^^^^^^^^^^^^^^^^^^^^^^^^^^^^^^^^^^^^^^
E0826 21:53:49.178000 38373 torch/_subclasses/fake_tensor.py:3090] [0/9]   File "/tmp/envpinned/lib/python3.12/site-packages/torch/__init__.py", line 1750, in _check_with
E0826 21:53:49.178000 38373 torch/_subclasses/fake_tensor.py:3090] [0/9]     raise error_type(message_evaluated)
E0826 21:53:49.178000 38373 torch/_subclasses/fake_tensor.py:3090] [0/9] RuntimeError: "avg_pool3d" not implemented for 'torch.uint16'
E0826 21:53:49.206000 38373 torch/_subclasses/fake_tensor.py:3090] [0/10] failed while attempting to run meta for aten.avg_pool3d.default
E0826 21:53:49.206000 38373 torch/_subclasses/fake_tensor.py:3090] [0/10] Traceback (most recent call last):
E0826 21:53:49.206000 38373 torch/_subclasses/fake_tensor.py:3090] [0/10]   File "/tmp/envpinned/lib/python3.12/site-packages/torch/_subclasses/fake_tensor.py", line 3086, in _dispatch_impl
E0826 21:53:49.206000 38373 torch/_subclasses/fake_tensor.py:3090] [0/10]     r = func(*args, **kwargs)
E0826 21:53:49.206000 38373 torch/_subclasses/fake_tensor.py:3090] [0/10]         ^^^^^^^^^^^^^^^^^^^^^
E0826 21:53:49.206000 38373 torch/_subclasses/fake_tensor.py:3090] [0/10]   File "/tmp/envpinned/lib/python3.12/site-packages/torch/_ops.py", line 875, in __call__
E0826 21:53:49.206000 38373 torch/_subclasses/fake_tensor.py:3090] [0/10]     return self._op(*args, **kwargs)
E0826 21:53:49.206000 38373 torch/_subclasses/fake_tensor.py:3090] [0/10]            ^^^^^^^^^^^^^^^^^^^^^^^^^
E0826 21:53:49.206000 38373 torch/_subclasses/fake_tensor.py:3090] [0/10]   File "/tmp/envpinned/lib/python3.12/site-packages/torch/_prims_common/wrappers.py", line 313, in _fn
E0826 21:53:49.206000 38373 torch/_subclasses/fake_tensor.py:3090] [0/10]     result = fn(*args, **kwargs)
E0826 21:53:49.206000 38373 torch/_subclasses/fake_tensor.py:3090] [0/10]              ^^^^^^^^^^^^^^^^^^^
E0826 21:53:49.206000 38373 torch/_subclasses/fake_tensor.py:3090] [0/10]   File "/tmp/envpinned/lib/python3.12/site-packages/torch/_meta_registrations.py", line 3347, in meta_avg_pool3d
E0826 21:53:49.206000 38373 torch/_subclasses/fake_tensor.py:3090] [0/10]     torch._check(
E0826 21:53:49.206000 38373 torch/_subclasses/fake_tensor.py:3090] [0/10]   File "/tmp/envpinned/lib/python3.12/site-packages/torch/__init__.py", line 1768, in _check
E0826 21:53:49.206000 38373 torch/_subclasses/fake_tensor.py:3090] [0/10]     _check_with(RuntimeError, cond, message)  # pyrefly: ignore [bad-argument-type]
E0826 21:53:49.206000 38373 torch/_subclasses/fake_tensor.py:3090] [0/10]     ^^^^^^^^^^^^^^^^^^^^^^^^^^^^^^^^^^^^^^^^
E0826 21:53:49.206000 38373 torch/_subclasses/fake_tensor.py:3090] [0/10]   File "/tmp/envpinned/lib/python3.12/site-packages/torch/__init__.py", line 1750, in _check_with
E0826 21:53:49.206000 38373 torch/_subclasses/fake_tensor.py:3090] [0/10]     raise error_type(message_evaluated)
E0826 21:53:49.206000 38373 torch/_subclasses/fake_tensor.py:3090] [0/10] RuntimeError: "avg_pool3d" not implemented for 'torch.uint32'
E0826 21:53:49.234000 38373 torch/_subclasses/fake_tensor.py:3090] [0/11] failed while attempting to run meta for aten.avg_pool3d.default
E0826 21:53:49.234000 38373 torch/_subclasses/fake_tensor.py:3090] [0/11] Traceback (most recent call last):
E0826 21:53:49.234000 38373 torch/_subclasses/fake_tensor.py:3090] [0/11]   File "/tmp/envpinned/lib/python3.12/site-packages/torch/_subclasses/fake_tensor.py", line 3086, in _dispatch_impl
E0826 21:53:49.234000 38373 torch/_subclasses/fake_tensor.py:3090] [0/11]     r = func(*args, **kwargs)
E0826 21:53:49.234000 38373 torch/_subclasses/fake_tensor.py:3090] [0/11]         ^^^^^^^^^^^^^^^^^^^^^
E0826 21:53:49.234000 38373 torch/_subclasses/fake_tensor.py:3090] [0/11]   File "/tmp/envpinned/lib/python3.12/site-packages/torch/_ops.py", line 875, in __call__
E0826 21:53:49.234000 38373 torch/_subclasses/fake_tensor.py:3090] [0/11]     return self._op(*args, **kwargs)
E0826 21:53:49.234000 38373 torch/_subclasses/fake_tensor.py:3090] [0/11]            ^^^^^^^^^^^^^^^^^^^^^^^^^
E0826 21:53:49.234000 38373 torch/_subclasses/fake_tensor.py:3090] [0/11]   File "/tmp/envpinned/lib/python3.12/site-packages/torch/_prims_common/wrappers.py", line 313, in _fn
E0826 21:53:49.234000 38373 torch/_subclasses/fake_tensor.py:3090] [0/11]     result = fn(*args, **kwargs)
E0826 21:53:49.234000 38373 torch/_subclasses/fake_tensor.py:3090] [0/11]              ^^^^^^^^^^^^^^^^^^^
E0826 21:53:49.234000 38373 torch/_subclasses/fake_tensor.py:3090] [0/11]   File "/tmp/envpinned/lib/python3.12/site-packages/torch/_meta_registrations.py", line 3347, in meta_avg_pool3d
E0826 21:53:49.234000 38373 torch/_subclasses/fake_tensor.py:3090] [0/11]     torch._check(
E0826 21:53:49.234000 38373 torch/_subclasses/fake_tensor.py:3090] [0/11]   File "/tmp/envpinned/lib/python3.12/site-packages/torch/__init__.py", line 1768, in _check
E0826 21:53:49.234000 38373 torch/_subclasses/fake_tensor.py:3090] [0/11]     _check_with(RuntimeError, cond, message)  # pyrefly: ignore [bad-argument-type]
E0826 21:53:49.234000 38373 torch/_subclasses/fake_tensor.py:3090] [0/11]     ^^^^^^^^^^^^^^^^^^^^^^^^^^^^^^^^^^^^^^^^
E0826 21:53:49.234000 38373 torch/_subclasses/fake_tensor.py:3090] [0/11]   File "/tmp/envpinned/lib/python3.12/site-packages/torch/__init__.py", line 1750, in _check_with
E0826 21:53:49.234000 38373 torch/_subclasses/fake_tensor.py:3090] [0/11]     raise error_type(message_evaluated)
E0826 21:53:49.234000 38373 torch/_subclasses/fake_tensor.py:3090] [0/11] RuntimeError: "avg_pool3d" not implemented for 'torch.uint64'
..s.............sss..s.s............................s............s....................................................................ssssssssssssssssssssssssssssssssssssssssssssssssssssssssssssssssssssssssssssssssssssssssssssssssssssssssssssssssssssssssssssssssssssssssssssssssssssssssssssssssssssssssssssssssssssssssssssssss..s..s.s........s....USDT:2026-08-26 22:01:39 38373:38373 SyncActivityProfilerHandler.cpp:52] profiler_start
USDT:2026-08-26 22:01:39 38373:38373 SyncActivityProfilerHandler.cpp:59] profiler_stop
.USDT:2026-08-26 22:01:56 38373:38373 SyncActivityProfilerHandler.cpp:52] profiler_start
USDT:2026-08-26 22:01:56 38373:38373 SyncActivityProfilerHandler.cpp:59] profiler_stop
..........s..s.................ssss../tmp/envpinned/lib/python3.12/site-packages/torch/_dynamo/pgo.py:605: UserWarning: dynamo_pgo force disabled by torch.compiler.config.force_disable_caches
  warn_once(
/tmp/envpinned/lib/python3.12/site-packages/torch/_dynamo/pgo.py:605: UserWarning: dynamo_pgo force disabled by torch.compiler.config.force_disable_caches
  warn_once(
/tmp/envpinned/lib/python3.12/site-packages/torch/_dynamo/pgo.py:605: UserWarning: dynamo_pgo force disabled by torch.compiler.config.force_disable_caches
  warn_once(
/tmp/envpinned/lib/python3.12/site-packages/torch/_dynamo/pgo.py:605: UserWarning: dynamo_pgo force disabled by torch.compiler.config.force_disable_caches
  warn_once(
/tmp/envpinned/lib/python3.12/site-packages/torch/_dynamo/pgo.py:605: UserWarning: dynamo_pgo force disabled by torch.compiler.config.force_disable_caches
  warn_once(
/tmp/envpinned/lib/python3.12/site-packages/torch/_dynamo/pgo.py:605: UserWarning: dynamo_pgo force disabled by torch.compiler.config.force_disable_caches
  warn_once(
/tmp/envpinned/lib/python3.12/site-packages/torch/_dynamo/pgo.py:605: UserWarning: dynamo_pgo force disabled by torch.compiler.config.force_disable_caches
  warn_once(
/tmp/envpinned/lib/python3.12/site-packages/torch/_dynamo/pgo.py:605: UserWarning: dynamo_pgo force disabled by torch.compiler.config.force_disable_caches
  warn_once(
/tmp/envpinned/lib/python3.12/site-packages/torch/_dynamo/pgo.py:605: UserWarning: dynamo_pgo force disabled by torch.compiler.config.force_disable_caches
  warn_once(
./tmp/envpinned/lib/python3.12/site-packages/torch/_dynamo/pgo.py:605: UserWarning: dynamo_pgo force disabled by torch.compiler.config.force_disable_caches
  warn_once(
./tmp/envpinned/lib/python3.12/site-packages/torch/_dynamo/pgo.py:605: UserWarning: dynamo_pgo force disabled by torch.compiler.config.force_disable_caches
  warn_once(
/tmp/envpinned/lib/python3.12/site-packages/torch/_dynamo/pgo.py:605: UserWarning: dynamo_pgo force disabled by torch.compiler.config.force_disable_caches
  warn_once(
.../tmp/envpinned/lib/python3.12/site-packages/torch/_inductor/lowering.py:2352: FutureWarning: `torch._prims_common.check` is deprecated and will be removed in the future. Please use `torch._check*` functions instead.
  check(
/tmp/envpinned/lib/python3.12/site-packages/torch/_inductor/lowering.py:2352: FutureWarning: `torch._prims_common.check` is deprecated and will be removed in the future. Please use `torch._check*` functions instead.
  check(
/tmp/envpinned/lib/python3.12/site-packages/torch/_inductor/lowering.py:2352: FutureWarning: `torch._prims_common.check` is deprecated and will be removed in the future. Please use `torch._check*` functions instead.
  check(
./tmp/envpinned/lib/python3.12/site-packages/torch/_inductor/lowering.py:2352: FutureWarning: `torch._prims_common.check` is deprecated and will be removed in the future. Please use `torch._check*` functions instead.
  check(
/tmp/envpinned/lib/python3.12/site-packages/torch/_inductor/lowering.py:2352: FutureWarning: `torch._prims_common.check` is deprecated and will be removed in the future. Please use `torch._check*` functions instead.
  check(
/tmp/envpinned/lib/python3.12/site-packages/torch/_inductor/lowering.py:2352: FutureWarning: `torch._prims_common.check` is deprecated and will be removed in the future. Please use `torch._check*` functions instead.
  check(
/tmp/envpinned/lib/python3.12/site-packages/torch/_inductor/lowering.py:2352: FutureWarning: `torch._prims_common.check` is deprecated and will be removed in the future. Please use `torch._check*` functions instead.
  check(
/tmp/envpinned/lib/python3.12/site-packages/torch/_inductor/lowering.py:2352: FutureWarning: `torch._prims_common.check` is deprecated and will be removed in the future. Please use `torch._check*` functions instead.
  check(
/tmp/envpinned/lib/python3.12/site-packages/torch/_inductor/lowering.py:2352: FutureWarning: `torch._prims_common.check` is deprecated and will be removed in the future. Please use `torch._check*` functions instead.
  check(
/tmp/envpinned/lib/python3.12/site-packages/torch/_inductor/lowering.py:2352: FutureWarning: `torch._prims_common.check` is deprecated and will be removed in the future. Please use `torch._check*` functions instead.
  check(
/tmp/envpinned/lib/python3.12/site-packages/torch/_inductor/lowering.py:2352: FutureWarning: `torch._prims_common.check` is deprecated and will be removed in the future. Please use `torch._check*` functions instead.
  check(
............................/tmp/envpinned/lib/python3.12/site-packages/torch/_inductor/codegen/cpp.py:3903: UserWarning: bf16 and fp16 are mixed in the scheduler node.
  warnings.warn("bf16 and fp16 are mixed in the scheduler node.")
./tmp/envpinned/lib/python3.12/site-packages/torch/_inductor/codegen/cpp.py:3903: UserWarning: bf16 and fp16 are mixed in the scheduler node.
  warnings.warn("bf16 and fp16 are mixed in the scheduler node.")
/tmp/envpinned/lib/python3.12/site-packages/torch/_inductor/codegen/cpp.py:3903: UserWarning: bf16 and fp16 are mixed in the scheduler node.
  warnings.warn("bf16 and fp16 are mixed in the scheduler node.")
./tmp/envpinned/lib/python3.12/site-packages/torch/_inductor/codegen/cpp.py:3903: UserWarning: bf16 and fp16 are mixed in the scheduler node.
  warnings.warn("bf16 and fp16 are mixed in the scheduler node.")
./tmp/envpinned/lib/python3.12/site-packages/torch/_inductor/codegen/cpp.py:3903: UserWarning: bf16 and fp16 are mixed in the scheduler node.
  warnings.warn("bf16 and fp16 are mixed in the scheduler node.")
./tmp/envpinned/lib/python3.12/site-packages/torch/_inductor/codegen/cpp.py:3903: UserWarning: bf16 and fp16 are mixed in the scheduler node.
  warnings.warn("bf16 and fp16 are mixed in the scheduler node.")
./tmp/envpinned/lib/python3.12/site-packages/torch/_inductor/codegen/cpp.py:3903: UserWarning: bf16 and fp16 are mixed in the scheduler node.
  warnings.warn("bf16 and fp16 are mixed in the scheduler node.")
./tmp/envpinned/lib/python3.12/site-packages/torch/_inductor/codegen/cpp.py:3903: UserWarning: bf16 and fp16 are mixed in the scheduler node.
  warnings.warn("bf16 and fp16 are mixed in the scheduler node.")
./tmp/envpinned/lib/python3.12/site-packages/torch/_inductor/codegen/cpp.py:3903: UserWarning: bf16 and fp16 are mixed in the scheduler node.
  warnings.warn("bf16 and fp16 are mixed in the scheduler node.")
./tmp/envpinned/lib/python3.12/site-packages/torch/_inductor/codegen/cpp.py:3903: UserWarning: bf16 and fp16 are mixed in the scheduler node.
  warnings.warn("bf16 and fp16 are mixed in the scheduler node.")
./tmp/envpinned/lib/python3.12/site-packages/torch/_inductor/codegen/cpp.py:3903: UserWarning: bf16 and fp16 are mixed in the scheduler node.
  warnings.warn("bf16 and fp16 are mixed in the scheduler node.")
/tmp/envpinned/lib/python3.12/site-packages/torch/_inductor/codegen/cpp.py:3903: UserWarning: bf16 and fp16 are mixed in the scheduler node.
  warnings.warn("bf16 and fp16 are mixed in the scheduler node.")
./tmp/envpinned/lib/python3.12/site-packages/torch/_inductor/codegen/cpp.py:3903: UserWarning: bf16 and fp16 are mixed in the scheduler node.
  warnings.warn("bf16 and fp16 are mixed in the scheduler node.")
./tmp/envpinned/lib/python3.12/site-packages/torch/_inductor/codegen/cpp.py:3903: UserWarning: bf16 and fp16 are mixed in the scheduler node.
  warnings.warn("bf16 and fp16 are mixed in the scheduler node.")
./tmp/envpinned/lib/python3.12/site-packages/torch/_inductor/codegen/cpp.py:3903: UserWarning: bf16 and fp16 are mixed in the scheduler node.
  warnings.warn("bf16 and fp16 are mixed in the scheduler node.")
./tmp/envpinned/lib/python3.12/site-packages/torch/_inductor/codegen/cpp.py:3903: UserWarning: bf16 and fp16 are mixed in the scheduler node.
  warnings.warn("bf16 and fp16 are mixed in the scheduler node.")
./tmp/envpinned/lib/python3.12/site-packages/torch/_inductor/codegen/cpp.py:3903: UserWarning: bf16 and fp16 are mixed in the scheduler node.
  warnings.warn("bf16 and fp16 are mixed in the scheduler node.")
./tmp/envpinned/lib/python3.12/site-packages/torch/_inductor/codegen/cpp.py:3903: UserWarning: bf16 and fp16 are mixed in the scheduler node.
  warnings.warn("bf16 and fp16 are mixed in the scheduler node.")
./tmp/envpinned/lib/python3.12/site-packages/torch/_inductor/codegen/cpp.py:3903: UserWarning: bf16 and fp16 are mixed in the scheduler node.
  warnings.warn("bf16 and fp16 are mixed in the scheduler node.")
./tmp/envpinned/lib/python3.12/site-packages/torch/_inductor/codegen/cpp.py:3903: UserWarning: bf16 and fp16 are mixed in the scheduler node.
  warnings.warn("bf16 and fp16 are mixed in the scheduler node.")
..................../tmp/envpinned/lib/python3.12/site-packages/torch/_inductor/codegen/cpp.py:3903: UserWarning: bf16 and fp16 are mixed in the scheduler node.
  warnings.warn("bf16 and fp16 are mixed in the scheduler node.")
./tmp/envpinned/lib/python3.12/site-packages/torch/_inductor/codegen/cpp.py:3903: UserWarning: bf16 and fp16 are mixed in the scheduler node.
  warnings.warn("bf16 and fp16 are mixed in the scheduler node.")
................................................................/usr2/tanngo/.local/share/uv/python/cpython-3.12.14-linux-x86_64-gnu/lib/python3.12/copyreg.py:99: FutureWarning: `isinstance(treespec, LeafSpec)` is deprecated, use `isinstance(treespec, TreeSpec) and treespec.is_leaf()` instead.
  return cls.__new__(cls, *args)
....................s.....................s....W0826 22:10:49.902000 38373 torch/_functorch/_aot_autograd/graph_compile.py:2384] [0/0] failed to eagerly compile backwards for dynamic, suppressing in case backwards not needed
W0826 22:10:49.902000 38373 torch/_functorch/_aot_autograd/graph_compile.py:2384] [0/0] Traceback (most recent call last):
W0826 22:10:49.902000 38373 torch/_functorch/_aot_autograd/graph_compile.py:2384] [0/0]   File "/tmp/envpinned/lib/python3.12/site-packages/torch/_functorch/_aot_autograd/graph_compile.py", line 2366, in _aot_stage2b_bw_compile
W0826 22:10:49.902000 38373 torch/_functorch/_aot_autograd/graph_compile.py:2384] [0/0]     compiled_bw_func = bw_compiler(bw_module_copy, placeholder_list)
W0826 22:10:49.902000 38373 torch/_functorch/_aot_autograd/graph_compile.py:2384] [0/0]                        ^^^^^^^^^^^^^^^^^^^^^^^^^^^^^^^^^^^^^^^^^^^^^
W0826 22:10:49.902000 38373 torch/_functorch/_aot_autograd/graph_compile.py:2384] [0/0]   File "/tmp/envpinned/lib/python3.12/site-packages/torch/_functorch/_aot_autograd/schemas.py", line 1472, in __call__
W0826 22:10:49.902000 38373 torch/_functorch/_aot_autograd/graph_compile.py:2384] [0/0]     output_code = self.compiler_fn(gm, example_inputs)
W0826 22:10:49.902000 38373 torch/_functorch/_aot_autograd/graph_compile.py:2384] [0/0]                   ^^^^^^^^^^^^^^^^^^^^^^^^^^^^^^^^^^^^
W0826 22:10:49.902000 38373 torch/_functorch/_aot_autograd/graph_compile.py:2384] [0/0]   File "/tmp/envpinned/lib/python3.12/site-packages/torch/_dynamo/backends/common.py", line 83, in _wrapped_bw_compiler
W0826 22:10:49.902000 38373 torch/_functorch/_aot_autograd/graph_compile.py:2384] [0/0]     disable(
W0826 22:10:49.902000 38373 torch/_functorch/_aot_autograd/graph_compile.py:2384] [0/0]   File "/tmp/envpinned/lib/python3.12/site-packages/torch/_dynamo/eval_frame.py", line 1446, in _fn
W0826 22:10:49.902000 38373 torch/_functorch/_aot_autograd/graph_compile.py:2384] [0/0]     return fn(*args, **kwargs)
W0826 22:10:49.902000 38373 torch/_functorch/_aot_autograd/graph_compile.py:2384] [0/0]            ^^^^^^^^^^^^^^^^^^^
W0826 22:10:49.902000 38373 torch/_functorch/_aot_autograd/graph_compile.py:2384] [0/0]   File "/tmp/envpinned/lib/python3.12/site-packages/torch/_utils_internal.py", line 96, in wrapper_function
W0826 22:10:49.902000 38373 torch/_functorch/_aot_autograd/graph_compile.py:2384] [0/0]     return function(*args, **kwargs)
W0826 22:10:49.902000 38373 torch/_functorch/_aot_autograd/graph_compile.py:2384] [0/0]            ^^^^^^^^^^^^^^^^^^^^^^^^^
W0826 22:10:49.902000 38373 torch/_functorch/_aot_autograd/graph_compile.py:2384] [0/0]   File "/tmp/envpinned/lib/python3.12/site-packages/torch/_inductor/compile_fx.py", line 2962, in bw_compiler
W0826 22:10:49.902000 38373 torch/_functorch/_aot_autograd/graph_compile.py:2384] [0/0]     return compile_fx_backward(
W0826 22:10:49.902000 38373 torch/_functorch/_aot_autograd/graph_compile.py:2384] [0/0]            ^^^^^^^^^^^^^^^^^^^^
W0826 22:10:49.902000 38373 torch/_functorch/_aot_autograd/graph_compile.py:2384] [0/0]   File "/tmp/envpinned/lib/python3.12/site-packages/torch/_inductor/compile_fx.py", line 2609, in compile_fx_backward
W0826 22:10:49.902000 38373 torch/_functorch/_aot_autograd/graph_compile.py:2384] [0/0]     return inner_compile(
W0826 22:10:49.902000 38373 torch/_functorch/_aot_autograd/graph_compile.py:2384] [0/0]            ^^^^^^^^^^^^^^
W0826 22:10:49.902000 38373 torch/_functorch/_aot_autograd/graph_compile.py:2384] [0/0]   File "/tmp/envpinned/lib/python3.12/site-packages/torch/_inductor/compile_fx.py", line 837, in compile_fx_inner
W0826 22:10:49.902000 38373 torch/_functorch/_aot_autograd/graph_compile.py:2384] [0/0]     return wrap_compiler_debug(_compile_fx_inner, compiler_name="inductor")(
W0826 22:10:49.902000 38373 torch/_functorch/_aot_autograd/graph_compile.py:2384] [0/0]            ^^^^^^^^^^^^^^^^^^^^^^^^^^^^^^^^^^^^^^^^^^^^^^^^^^^^^^^^^^^^^^^^^
W0826 22:10:49.902000 38373 torch/_functorch/_aot_autograd/graph_compile.py:2384] [0/0]   File "/tmp/envpinned/lib/python3.12/site-packages/torch/_dynamo/repro/after_aot.py", line 317, in debug_wrapper
W0826 22:10:49.902000 38373 torch/_functorch/_aot_autograd/graph_compile.py:2384] [0/0]     inner_compiled_fn = compiler_fn(gm, example_inputs)
W0826 22:10:49.902000 38373 torch/_functorch/_aot_autograd/graph_compile.py:2384] [0/0]                         ^^^^^^^^^^^^^^^^^^^^^^^^^^^^^^^
W0826 22:10:49.902000 38373 torch/_functorch/_aot_autograd/graph_compile.py:2384] [0/0]   File "/tmp/envpinned/lib/python3.12/site-packages/torch/_inductor/compile_fx.py", line 1079, in _compile_fx_inner
W0826 22:10:49.902000 38373 torch/_functorch/_aot_autograd/graph_compile.py:2384] [0/0]     raise InductorError(e, currentframe()).with_traceback(
W0826 22:10:49.902000 38373 torch/_functorch/_aot_autograd/graph_compile.py:2384] [0/0]   File "/tmp/envpinned/lib/python3.12/site-packages/torch/_inductor/compile_fx.py", line 1059, in _compile_fx_inner
W0826 22:10:49.902000 38373 torch/_functorch/_aot_autograd/graph_compile.py:2384] [0/0]     mb_compiled_graph = fx_codegen_and_compile(
W0826 22:10:49.902000 38373 torch/_functorch/_aot_autograd/graph_compile.py:2384] [0/0]                         ^^^^^^^^^^^^^^^^^^^^^^^
W0826 22:10:49.902000 38373 torch/_functorch/_aot_autograd/graph_compile.py:2384] [0/0]   File "/tmp/envpinned/lib/python3.12/site-packages/torch/_inductor/compile_fx.py", line 1847, in fx_codegen_and_compile
W0826 22:10:49.902000 38373 torch/_functorch/_aot_autograd/graph_compile.py:2384] [0/0]     return scheme.codegen_and_compile(gm, example_inputs, inputs_to_check, graph_kwargs)
W0826 22:10:49.902000 38373 torch/_functorch/_aot_autograd/graph_compile.py:2384] [0/0]            ^^^^^^^^^^^^^^^^^^^^^^^^^^^^^^^^^^^^^^^^^^^^^^^^^^^^^^^^^^^^^^^^^^^^^^^^^^^^^
W0826 22:10:49.902000 38373 torch/_functorch/_aot_autograd/graph_compile.py:2384] [0/0]   File "/tmp/envpinned/lib/python3.12/site-packages/torch/_inductor/compile_fx.py", line 1380, in codegen_and_compile
W0826 22:10:49.902000 38373 torch/_functorch/_aot_autograd/graph_compile.py:2384] [0/0]     _recursive_post_grad_passes(gm, is_inference=is_inference)
W0826 22:10:49.902000 38373 torch/_functorch/_aot_autograd/graph_compile.py:2384] [0/0]   File "/tmp/envpinned/lib/python3.12/site-packages/torch/_inductor/compile_fx.py", line 582, in _recursive_post_grad_passes
W0826 22:10:49.902000 38373 torch/_functorch/_aot_autograd/graph_compile.py:2384] [0/0]     post_grad_passes(gm, is_inference)
W0826 22:10:49.902000 38373 torch/_functorch/_aot_autograd/graph_compile.py:2384] [0/0]   File "/tmp/envpinned/lib/python3.12/site-packages/torch/_inductor/fx_passes/post_grad.py", line 423, in post_grad_passes
W0826 22:10:49.902000 38373 torch/_functorch/_aot_autograd/graph_compile.py:2384] [0/0]     GraphTransformObserver(gm, "reinplace_inplaceable_ops").apply_graph_pass(
W0826 22:10:49.902000 38373 torch/_functorch/_aot_autograd/graph_compile.py:2384] [0/0]   File "/tmp/envpinned/lib/python3.12/site-packages/torch/fx/passes/graph_transform_observer.py", line 103, in apply_graph_pass
W0826 22:10:49.902000 38373 torch/_functorch/_aot_autograd/graph_compile.py:2384] [0/0]     return pass_fn(self.gm.graph)
W0826 22:10:49.902000 38373 torch/_functorch/_aot_autograd/graph_compile.py:2384] [0/0]            ^^^^^^^^^^^^^^^^^^^^^^
W0826 22:10:49.902000 38373 torch/_functorch/_aot_autograd/graph_compile.py:2384] [0/0]   File "/tmp/envpinned/lib/python3.12/site-packages/torch/_inductor/fx_passes/reinplace.py", line 1048, in reinplace_inplaceable_ops
W0826 22:10:49.902000 38373 torch/_functorch/_aot_autograd/graph_compile.py:2384] [0/0]     fake_tensor_updater.incremental_update()
W0826 22:10:49.902000 38373 torch/_functorch/_aot_autograd/graph_compile.py:2384] [0/0]   File "/tmp/envpinned/lib/python3.12/site-packages/torch/_inductor/fx_utils.py", line 622, in incremental_update
W0826 22:10:49.902000 38373 torch/_functorch/_aot_autograd/graph_compile.py:2384] [0/0]     if "val" in node.meta and _is_fake_tensor_same(
W0826 22:10:49.902000 38373 torch/_functorch/_aot_autograd/graph_compile.py:2384] [0/0]                               ^^^^^^^^^^^^^^^^^^^^^
W0826 22:10:49.902000 38373 torch/_functorch/_aot_autograd/graph_compile.py:2384] [0/0]   File "/tmp/envpinned/lib/python3.12/site-packages/torch/_inductor/fx_utils.py", line 161, in _is_fake_tensor_same
W0826 22:10:49.902000 38373 torch/_functorch/_aot_autograd/graph_compile.py:2384] [0/0]     ) or get_storage(new) != get_storage(old):
W0826 22:10:49.902000 38373 torch/_functorch/_aot_autograd/graph_compile.py:2384] [0/0]          ^^^^^^^^^^^^^^^^
W0826 22:10:49.902000 38373 torch/_functorch/_aot_autograd/graph_compile.py:2384] [0/0]   File "/tmp/envpinned/lib/python3.12/site-packages/torch/_inductor/fx_utils.py", line 650, in get_storage
W0826 22:10:49.902000 38373 torch/_functorch/_aot_autograd/graph_compile.py:2384] [0/0]     return t.untyped_storage()._cdata
W0826 22:10:49.902000 38373 torch/_functorch/_aot_autograd/graph_compile.py:2384] [0/0]            ^^^^^^^^^^^^^^^^^^^
W0826 22:10:49.902000 38373 torch/_functorch/_aot_autograd/graph_compile.py:2384] [0/0] torch._inductor.exc.InductorError: NotImplementedError: Cannot access storage of SparseTensorImpl
....ss.........../tmp/envpinned/lib/python3.12/site-packages/torch/_inductor/lowering.py:2352: FutureWarning: `torch._prims_common.check` is deprecated and will be removed in the future. Please use `torch._check*` functions instead.
  check(
.......s......s.....ss......................./tmp/t213/test/inductor/test_torchinductor.py:18185: UserWarning: index_reduce() is in beta and the API may change at any time. (Triggered internally at /__w/pytorch/pytorch/aten/src/ATen/native/TensorAdvancedIndexing.cpp:1523.)
  return x.index_reduce_(2, index, source, "mean", include_self=False)
.......s..s.s....E0826 22:12:39.684000 38373 torch/_dynamo/utils.py:3722] Accuracy failed: allclose not within tol=0.0001
..s..............x.ssssssssW0826 22:13:06.532000 38373 torch/_inductor/debug.py:545] [0/0_1] model__871_inference_880 debug trace: /tmp/t213/test/torch_compile_debug/run_2026_08_26_22_13_05_537431-pid_38373/torchinductor/model__871_inference_880.0
...............s.....s...ss..s..........s.s.s.sss....s.......................sss.......ss...s......................s......../tmp/envpinned/lib/python3.12/site-packages/torch/_dynamo/utils.py:4231: UserWarning: The use of `x.T` on tensors of dimension other than 2 to reverse their shape is deprecated and it will throw an error in a future release. Consider `x.mT` to transpose batches of matrices or `x.permute(*torch.arange(x.ndim - 1, -1, -1))` to reverse the dimensions of a tensor. (Triggered internally at /__w/pytorch/pytorch/aten/src/ATen/native/TensorShape.cpp:4314.)
  return node.target(*args, **kwargs)  # type: ignore[operator]
/tmp/t213/test/inductor/test_torchinductor.py:9019: UserWarning: TypedStorage is deprecated. It will be removed in the future and UntypedStorage will be the only storage class. This should only matter to you if you are using storages directly.  To access UntypedStorage directly, use tensor.untyped_storage() instead of tensor.storage()
  self.assertEqual(inp.storage(), out.storage())
.......ss...s...............................................................USDT:2026-08-26 22:17:20 38373:38373 SyncActivityProfilerHandler.cpp:52] profiler_start
USDT:2026-08-26 22:17:21 38373:38373 SyncActivityProfilerHandler.cpp:59] profiler_stop
.s.....s..sss....sss..........sssss.......s.......s..........s.[W826 22:19:18.232913560 TensorAdvancedIndexing.cpp:225] Warning: The reduce argument of torch.scatter with Tensor src is deprecated and will be removed in a future PyTorch release. Use torch.scatter_reduce instead for more reduction options. (function operator())
.....s........ssss..s............/tmp/envpinned/lib/python3.12/site-packages/torch/_inductor/compile_fx.py:321: UserWarning: TensorFloat32 tensor cores for float32 matrix multiplication available but not enabled. Consider setting `torch.set_float32_matmul_precision('high')` for better performance.
  warnings.warn(
.........................................s...s......s..............................s.............ss.s.................sssssssss............/tmp/t213/test/inductor/test_torchinductor.py:6928: UserWarning: var(): degrees of freedom is <= 0. Correction should be strictly less than the reduction factor (input numel divided by output numel). (Triggered internally at /__w/pytorch/pytorch/aten/src/ATen/native/ReduceOps.cpp:1861.)
  torch.var(x, dim=dim, correction=10),
/tmp/t213/test/inductor/test_torchinductor.py:6928: UserWarning: var(): degrees of freedom is <= 0. Correction should be strictly less than the reduction factor (input numel divided by output numel). (Triggered internally at /__w/pytorch/pytorch/aten/src/ATen/native/ReduceOps.cpp:1861.)
  torch.var(x, dim=dim, correction=10),
..........................s........sssss............................................../usr2/tanngo/.local/share/uv/python/cpython-3.12.14-linux-x86_64-gnu/lib/python3.12/copyreg.py:99: FutureWarning: `isinstance(treespec, LeafSpec)` is deprecated, use `isinstance(treespec, TreeSpec) and treespec.is_leaf()` instead.
  return cls.__new__(cls, *args)
./usr2/tanngo/.local/share/uv/python/cpython-3.12.14-linux-x86_64-gnu/lib/python3.12/copyreg.py:99: FutureWarning: `isinstance(treespec, LeafSpec)` is deprecated, use `isinstance(treespec, TreeSpec) and treespec.is_leaf()` instead.
  return cls.__new__(cls, *args)
./usr2/tanngo/.local/share/uv/python/cpython-3.12.14-linux-x86_64-gnu/lib/python3.12/copyreg.py:99: FutureWarning: `isinstance(treespec, LeafSpec)` is deprecated, use `isinstance(treespec, TreeSpec) and treespec.is_leaf()` instead.
  return cls.__new__(cls, *args)
/usr2/tanngo/.local/share/uv/python/cpython-3.12.14-linux-x86_64-gnu/lib/python3.12/copyreg.py:99: FutureWarning: `isinstance(treespec, LeafSpec)` is deprecated, use `isinstance(treespec, TreeSpec) and treespec.is_leaf()` instead.
  return cls.__new__(cls, *args)
/usr2/tanngo/.local/share/uv/python/cpython-3.12.14-linux-x86_64-gnu/lib/python3.12/copyreg.py:99: FutureWarning: `isinstance(treespec, LeafSpec)` is deprecated, use `isinstance(treespec, TreeSpec) and treespec.is_leaf()` instead.
  return cls.__new__(cls, *args)
/usr2/tanngo/.local/share/uv/python/cpython-3.12.14-linux-x86_64-gnu/lib/python3.12/copyreg.py:99: FutureWarning: `isinstance(treespec, LeafSpec)` is deprecated, use `isinstance(treespec, TreeSpec) and treespec.is_leaf()` instead.
  return cls.__new__(cls, *args)
./usr2/tanngo/.local/share/uv/python/cpython-3.12.14-linux-x86_64-gnu/lib/python3.12/copyreg.py:99: FutureWarning: `isinstance(treespec, LeafSpec)` is deprecated, use `isinstance(treespec, TreeSpec) and treespec.is_leaf()` instead.
  return cls.__new__(cls, *args)
./usr2/tanngo/.local/share/uv/python/cpython-3.12.14-linux-x86_64-gnu/lib/python3.12/copyreg.py:99: FutureWarning: `isinstance(treespec, LeafSpec)` is deprecated, use `isinstance(treespec, TreeSpec) and treespec.is_leaf()` instead.
  return cls.__new__(cls, *args)
/usr2/tanngo/.local/share/uv/python/cpython-3.12.14-linux-x86_64-gnu/lib/python3.12/copyreg.py:99: FutureWarning: `isinstance(treespec, LeafSpec)` is deprecated, use `isinstance(treespec, TreeSpec) and treespec.is_leaf()` instead.
  return cls.__new__(cls, *args)
./usr2/tanngo/.local/share/uv/python/cpython-3.12.14-linux-x86_64-gnu/lib/python3.12/copyreg.py:99: FutureWarning: `isinstance(treespec, LeafSpec)` is deprecated, use `isinstance(treespec, TreeSpec) and treespec.is_leaf()` instead.
  return cls.__new__(cls, *args)
./usr2/tanngo/.local/share/uv/python/cpython-3.12.14-linux-x86_64-gnu/lib/python3.12/copyreg.py:99: FutureWarning: `isinstance(treespec, LeafSpec)` is deprecated, use `isinstance(treespec, TreeSpec) and treespec.is_leaf()` instead.
  return cls.__new__(cls, *args)
/usr2/tanngo/.local/share/uv/python/cpython-3.12.14-linux-x86_64-gnu/lib/python3.12/copyreg.py:99: FutureWarning: `isinstance(treespec, LeafSpec)` is deprecated, use `isinstance(treespec, TreeSpec) and treespec.is_leaf()` instead.
  return cls.__new__(cls, *args)
/usr2/tanngo/.local/share/uv/python/cpython-3.12.14-linux-x86_64-gnu/lib/python3.12/copyreg.py:99: FutureWarning: `isinstance(treespec, LeafSpec)` is deprecated, use `isinstance(treespec, TreeSpec) and treespec.is_leaf()` instead.
  return cls.__new__(cls, *args)
/usr2/tanngo/.local/share/uv/python/cpython-3.12.14-linux-x86_64-gnu/lib/python3.12/copyreg.py:99: FutureWarning: `isinstance(treespec, LeafSpec)` is deprecated, use `isinstance(treespec, TreeSpec) and treespec.is_leaf()` instead.
  return cls.__new__(cls, *args)
/usr2/tanngo/.local/share/uv/python/cpython-3.12.14-linux-x86_64-gnu/lib/python3.12/copyreg.py:99: FutureWarning: `isinstance(treespec, LeafSpec)` is deprecated, use `isinstance(treespec, TreeSpec) and treespec.is_leaf()` instead.
  return cls.__new__(cls, *args)
........................................E0826 22:29:28.644000 38373 torch/_subclasses/fake_tensor.py:3090] [0/0] failed while attempting to run meta for aten.avg_pool2d.default
E0826 22:29:28.644000 38373 torch/_subclasses/fake_tensor.py:3090] [0/0] Traceback (most recent call last):
E0826 22:29:28.644000 38373 torch/_subclasses/fake_tensor.py:3090] [0/0]   File "/tmp/envpinned/lib/python3.12/site-packages/torch/_subclasses/fake_tensor.py", line 3086, in _dispatch_impl
E0826 22:29:28.644000 38373 torch/_subclasses/fake_tensor.py:3090] [0/0]     r = func(*args, **kwargs)
E0826 22:29:28.644000 38373 torch/_subclasses/fake_tensor.py:3090] [0/0]         ^^^^^^^^^^^^^^^^^^^^^
E0826 22:29:28.644000 38373 torch/_subclasses/fake_tensor.py:3090] [0/0]   File "/tmp/envpinned/lib/python3.12/site-packages/torch/_ops.py", line 875, in __call__
E0826 22:29:28.644000 38373 torch/_subclasses/fake_tensor.py:3090] [0/0]     return self._op(*args, **kwargs)
E0826 22:29:28.644000 38373 torch/_subclasses/fake_tensor.py:3090] [0/0]            ^^^^^^^^^^^^^^^^^^^^^^^^^
E0826 22:29:28.644000 38373 torch/_subclasses/fake_tensor.py:3090] [0/0]   File "/tmp/envpinned/lib/python3.12/site-packages/torch/_meta_registrations.py", line 3149, in meta_avg_pool2d
E0826 22:29:28.644000 38373 torch/_subclasses/fake_tensor.py:3090] [0/0]     torch._check(
E0826 22:29:28.644000 38373 torch/_subclasses/fake_tensor.py:3090] [0/0]   File "/tmp/envpinned/lib/python3.12/site-packages/torch/__init__.py", line 1768, in _check
E0826 22:29:28.644000 38373 torch/_subclasses/fake_tensor.py:3090] [0/0]     _check_with(RuntimeError, cond, message)  # pyrefly: ignore [bad-argument-type]
E0826 22:29:28.644000 38373 torch/_subclasses/fake_tensor.py:3090] [0/0]     ^^^^^^^^^^^^^^^^^^^^^^^^^^^^^^^^^^^^^^^^
E0826 22:29:28.644000 38373 torch/_subclasses/fake_tensor.py:3090] [0/0]   File "/tmp/envpinned/lib/python3.12/site-packages/torch/__init__.py", line 1750, in _check_with
E0826 22:29:28.644000 38373 torch/_subclasses/fake_tensor.py:3090] [0/0]     raise error_type(message_evaluated)
E0826 22:29:28.644000 38373 torch/_subclasses/fake_tensor.py:3090] [0/0] RuntimeError: "avg_pool2d" not implemented for 'torch.uint8'
E0826 22:29:28.682000 38373 torch/_subclasses/fake_tensor.py:3090] [0/1] failed while attempting to run meta for aten.avg_pool2d.default
E0826 22:29:28.682000 38373 torch/_subclasses/fake_tensor.py:3090] [0/1] Traceback (most recent call last):
E0826 22:29:28.682000 38373 torch/_subclasses/fake_tensor.py:3090] [0/1]   File "/tmp/envpinned/lib/python3.12/site-packages/torch/_subclasses/fake_tensor.py", line 3086, in _dispatch_impl
E0826 22:29:28.682000 38373 torch/_subclasses/fake_tensor.py:3090] [0/1]     r = func(*args, **kwargs)
E0826 22:29:28.682000 38373 torch/_subclasses/fake_tensor.py:3090] [0/1]         ^^^^^^^^^^^^^^^^^^^^^
E0826 22:29:28.682000 38373 torch/_subclasses/fake_tensor.py:3090] [0/1]   File "/tmp/envpinned/lib/python3.12/site-packages/torch/_ops.py", line 875, in __call__
E0826 22:29:28.682000 38373 torch/_subclasses/fake_tensor.py:3090] [0/1]     return self._op(*args, **kwargs)
E0826 22:29:28.682000 38373 torch/_subclasses/fake_tensor.py:3090] [0/1]            ^^^^^^^^^^^^^^^^^^^^^^^^^
E0826 22:29:28.682000 38373 torch/_subclasses/fake_tensor.py:3090] [0/1]   File "/tmp/envpinned/lib/python3.12/site-packages/torch/_meta_registrations.py", line 3149, in meta_avg_pool2d
E0826 22:29:28.682000 38373 torch/_subclasses/fake_tensor.py:3090] [0/1]     torch._check(
E0826 22:29:28.682000 38373 torch/_subclasses/fake_tensor.py:3090] [0/1]   File "/tmp/envpinned/lib/python3.12/site-packages/torch/__init__.py", line 1768, in _check
E0826 22:29:28.682000 38373 torch/_subclasses/fake_tensor.py:3090] [0/1]     _check_with(RuntimeError, cond, message)  # pyrefly: ignore [bad-argument-type]
E0826 22:29:28.682000 38373 torch/_subclasses/fake_tensor.py:3090] [0/1]     ^^^^^^^^^^^^^^^^^^^^^^^^^^^^^^^^^^^^^^^^
E0826 22:29:28.682000 38373 torch/_subclasses/fake_tensor.py:3090] [0/1]   File "/tmp/envpinned/lib/python3.12/site-packages/torch/__init__.py", line 1750, in _check_with
E0826 22:29:28.682000 38373 torch/_subclasses/fake_tensor.py:3090] [0/1]     raise error_type(message_evaluated)
E0826 22:29:28.682000 38373 torch/_subclasses/fake_tensor.py:3090] [0/1] RuntimeError: "avg_pool2d" not implemented for 'torch.uint16'
E0826 22:29:28.719000 38373 torch/_subclasses/fake_tensor.py:3090] [0/2] failed while attempting to run meta for aten.avg_pool2d.default
E0826 22:29:28.719000 38373 torch/_subclasses/fake_tensor.py:3090] [0/2] Traceback (most recent call last):
E0826 22:29:28.719000 38373 torch/_subclasses/fake_tensor.py:3090] [0/2]   File "/tmp/envpinned/lib/python3.12/site-packages/torch/_subclasses/fake_tensor.py", line 3086, in _dispatch_impl
E0826 22:29:28.719000 38373 torch/_subclasses/fake_tensor.py:3090] [0/2]     r = func(*args, **kwargs)
E0826 22:29:28.719000 38373 torch/_subclasses/fake_tensor.py:3090] [0/2]         ^^^^^^^^^^^^^^^^^^^^^
E0826 22:29:28.719000 38373 torch/_subclasses/fake_tensor.py:3090] [0/2]   File "/tmp/envpinned/lib/python3.12/site-packages/torch/_ops.py", line 875, in __call__
E0826 22:29:28.719000 38373 torch/_subclasses/fake_tensor.py:3090] [0/2]     return self._op(*args, **kwargs)
E0826 22:29:28.719000 38373 torch/_subclasses/fake_tensor.py:3090] [0/2]            ^^^^^^^^^^^^^^^^^^^^^^^^^
E0826 22:29:28.719000 38373 torch/_subclasses/fake_tensor.py:3090] [0/2]   File "/tmp/envpinned/lib/python3.12/site-packages/torch/_meta_registrations.py", line 3149, in meta_avg_pool2d
E0826 22:29:28.719000 38373 torch/_subclasses/fake_tensor.py:3090] [0/2]     torch._check(
E0826 22:29:28.719000 38373 torch/_subclasses/fake_tensor.py:3090] [0/2]   File "/tmp/envpinned/lib/python3.12/site-packages/torch/__init__.py", line 1768, in _check
E0826 22:29:28.719000 38373 torch/_subclasses/fake_tensor.py:3090] [0/2]     _check_with(RuntimeError, cond, message)  # pyrefly: ignore [bad-argument-type]
E0826 22:29:28.719000 38373 torch/_subclasses/fake_tensor.py:3090] [0/2]     ^^^^^^^^^^^^^^^^^^^^^^^^^^^^^^^^^^^^^^^^
E0826 22:29:28.719000 38373 torch/_subclasses/fake_tensor.py:3090] [0/2]   File "/tmp/envpinned/lib/python3.12/site-packages/torch/__init__.py", line 1750, in _check_with
E0826 22:29:28.719000 38373 torch/_subclasses/fake_tensor.py:3090] [0/2]     raise error_type(message_evaluated)
E0826 22:29:28.719000 38373 torch/_subclasses/fake_tensor.py:3090] [0/2] RuntimeError: "avg_pool2d" not implemented for 'torch.uint32'
E0826 22:29:28.758000 38373 torch/_subclasses/fake_tensor.py:3090] [0/3] failed while attempting to run meta for aten.avg_pool2d.default
E0826 22:29:28.758000 38373 torch/_subclasses/fake_tensor.py:3090] [0/3] Traceback (most recent call last):
E0826 22:29:28.758000 38373 torch/_subclasses/fake_tensor.py:3090] [0/3]   File "/tmp/envpinned/lib/python3.12/site-packages/torch/_subclasses/fake_tensor.py", line 3086, in _dispatch_impl
E0826 22:29:28.758000 38373 torch/_subclasses/fake_tensor.py:3090] [0/3]     r = func(*args, **kwargs)
E0826 22:29:28.758000 38373 torch/_subclasses/fake_tensor.py:3090] [0/3]         ^^^^^^^^^^^^^^^^^^^^^
E0826 22:29:28.758000 38373 torch/_subclasses/fake_tensor.py:3090] [0/3]   File "/tmp/envpinned/lib/python3.12/site-packages/torch/_ops.py", line 875, in __call__
E0826 22:29:28.758000 38373 torch/_subclasses/fake_tensor.py:3090] [0/3]     return self._op(*args, **kwargs)
E0826 22:29:28.758000 38373 torch/_subclasses/fake_tensor.py:3090] [0/3]            ^^^^^^^^^^^^^^^^^^^^^^^^^
E0826 22:29:28.758000 38373 torch/_subclasses/fake_tensor.py:3090] [0/3]   File "/tmp/envpinned/lib/python3.12/site-packages/torch/_meta_registrations.py", line 3149, in meta_avg_pool2d
E0826 22:29:28.758000 38373 torch/_subclasses/fake_tensor.py:3090] [0/3]     torch._check(
E0826 22:29:28.758000 38373 torch/_subclasses/fake_tensor.py:3090] [0/3]   File "/tmp/envpinned/lib/python3.12/site-packages/torch/__init__.py", line 1768, in _check
E0826 22:29:28.758000 38373 torch/_subclasses/fake_tensor.py:3090] [0/3]     _check_with(RuntimeError, cond, message)  # pyrefly: ignore [bad-argument-type]
E0826 22:29:28.758000 38373 torch/_subclasses/fake_tensor.py:3090] [0/3]     ^^^^^^^^^^^^^^^^^^^^^^^^^^^^^^^^^^^^^^^^
E0826 22:29:28.758000 38373 torch/_subclasses/fake_tensor.py:3090] [0/3]   File "/tmp/envpinned/lib/python3.12/site-packages/torch/__init__.py", line 1750, in _check_with
E0826 22:29:28.758000 38373 torch/_subclasses/fake_tensor.py:3090] [0/3]     raise error_type(message_evaluated)
E0826 22:29:28.758000 38373 torch/_subclasses/fake_tensor.py:3090] [0/3] RuntimeError: "avg_pool2d" not implemented for 'torch.uint64'
E0826 22:29:28.791000 38373 torch/_subclasses/fake_tensor.py:3090] [0/4] failed while attempting to run meta for aten.avg_pool2d.default
E0826 22:29:28.791000 38373 torch/_subclasses/fake_tensor.py:3090] [0/4] Traceback (most recent call last):
E0826 22:29:28.791000 38373 torch/_subclasses/fake_tensor.py:3090] [0/4]   File "/tmp/envpinned/lib/python3.12/site-packages/torch/_subclasses/fake_tensor.py", line 3086, in _dispatch_impl
E0826 22:29:28.791000 38373 torch/_subclasses/fake_tensor.py:3090] [0/4]     r = func(*args, **kwargs)
E0826 22:29:28.791000 38373 torch/_subclasses/fake_tensor.py:3090] [0/4]         ^^^^^^^^^^^^^^^^^^^^^
E0826 22:29:28.791000 38373 torch/_subclasses/fake_tensor.py:3090] [0/4]   File "/tmp/envpinned/lib/python3.12/site-packages/torch/_ops.py", line 875, in __call__
E0826 22:29:28.791000 38373 torch/_subclasses/fake_tensor.py:3090] [0/4]     return self._op(*args, **kwargs)
E0826 22:29:28.791000 38373 torch/_subclasses/fake_tensor.py:3090] [0/4]            ^^^^^^^^^^^^^^^^^^^^^^^^^
E0826 22:29:28.791000 38373 torch/_subclasses/fake_tensor.py:3090] [0/4]   File "/tmp/envpinned/lib/python3.12/site-packages/torch/_meta_registrations.py", line 3149, in meta_avg_pool2d
E0826 22:29:28.791000 38373 torch/_subclasses/fake_tensor.py:3090] [0/4]     torch._check(
E0826 22:29:28.791000 38373 torch/_subclasses/fake_tensor.py:3090] [0/4]   File "/tmp/envpinned/lib/python3.12/site-packages/torch/__init__.py", line 1768, in _check
E0826 22:29:28.791000 38373 torch/_subclasses/fake_tensor.py:3090] [0/4]     _check_with(RuntimeError, cond, message)  # pyrefly: ignore [bad-argument-type]
E0826 22:29:28.791000 38373 torch/_subclasses/fake_tensor.py:3090] [0/4]     ^^^^^^^^^^^^^^^^^^^^^^^^^^^^^^^^^^^^^^^^
E0826 22:29:28.791000 38373 torch/_subclasses/fake_tensor.py:3090] [0/4]   File "/tmp/envpinned/lib/python3.12/site-packages/torch/__init__.py", line 1750, in _check_with
E0826 22:29:28.791000 38373 torch/_subclasses/fake_tensor.py:3090] [0/4]     raise error_type(message_evaluated)
E0826 22:29:28.791000 38373 torch/_subclasses/fake_tensor.py:3090] [0/4] RuntimeError: "avg_pool2d" not implemented for 'torch.uint8'
E0826 22:29:28.817000 38373 torch/_subclasses/fake_tensor.py:3090] [0/5] failed while attempting to run meta for aten.avg_pool2d.default
E0826 22:29:28.817000 38373 torch/_subclasses/fake_tensor.py:3090] [0/5] Traceback (most recent call last):
E0826 22:29:28.817000 38373 torch/_subclasses/fake_tensor.py:3090] [0/5]   File "/tmp/envpinned/lib/python3.12/site-packages/torch/_subclasses/fake_tensor.py", line 3086, in _dispatch_impl
E0826 22:29:28.817000 38373 torch/_subclasses/fake_tensor.py:3090] [0/5]     r = func(*args, **kwargs)
E0826 22:29:28.817000 38373 torch/_subclasses/fake_tensor.py:3090] [0/5]         ^^^^^^^^^^^^^^^^^^^^^
E0826 22:29:28.817000 38373 torch/_subclasses/fake_tensor.py:3090] [0/5]   File "/tmp/envpinned/lib/python3.12/site-packages/torch/_ops.py", line 875, in __call__
E0826 22:29:28.817000 38373 torch/_subclasses/fake_tensor.py:3090] [0/5]     return self._op(*args, **kwargs)
E0826 22:29:28.817000 38373 torch/_subclasses/fake_tensor.py:3090] [0/5]            ^^^^^^^^^^^^^^^^^^^^^^^^^
E0826 22:29:28.817000 38373 torch/_subclasses/fake_tensor.py:3090] [0/5]   File "/tmp/envpinned/lib/python3.12/site-packages/torch/_meta_registrations.py", line 3149, in meta_avg_pool2d
E0826 22:29:28.817000 38373 torch/_subclasses/fake_tensor.py:3090] [0/5]     torch._check(
E0826 22:29:28.817000 38373 torch/_subclasses/fake_tensor.py:3090] [0/5]   File "/tmp/envpinned/lib/python3.12/site-packages/torch/__init__.py", line 1768, in _check
E0826 22:29:28.817000 38373 torch/_subclasses/fake_tensor.py:3090] [0/5]     _check_with(RuntimeError, cond, message)  # pyrefly: ignore [bad-argument-type]
E0826 22:29:28.817000 38373 torch/_subclasses/fake_tensor.py:3090] [0/5]     ^^^^^^^^^^^^^^^^^^^^^^^^^^^^^^^^^^^^^^^^
E0826 22:29:28.817000 38373 torch/_subclasses/fake_tensor.py:3090] [0/5]   File "/tmp/envpinned/lib/python3.12/site-packages/torch/__init__.py", line 1750, in _check_with
E0826 22:29:28.817000 38373 torch/_subclasses/fake_tensor.py:3090] [0/5]     raise error_type(message_evaluated)
E0826 22:29:28.817000 38373 torch/_subclasses/fake_tensor.py:3090] [0/5] RuntimeError: "avg_pool2d" not implemented for 'torch.uint16'
E0826 22:29:28.844000 38373 torch/_subclasses/fake_tensor.py:3090] [0/6] failed while attempting to run meta for aten.avg_pool2d.default
E0826 22:29:28.844000 38373 torch/_subclasses/fake_tensor.py:3090] [0/6] Traceback (most recent call last):
E0826 22:29:28.844000 38373 torch/_subclasses/fake_tensor.py:3090] [0/6]   File "/tmp/envpinned/lib/python3.12/site-packages/torch/_subclasses/fake_tensor.py", line 3086, in _dispatch_impl
E0826 22:29:28.844000 38373 torch/_subclasses/fake_tensor.py:3090] [0/6]     r = func(*args, **kwargs)
E0826 22:29:28.844000 38373 torch/_subclasses/fake_tensor.py:3090] [0/6]         ^^^^^^^^^^^^^^^^^^^^^
E0826 22:29:28.844000 38373 torch/_subclasses/fake_tensor.py:3090] [0/6]   File "/tmp/envpinned/lib/python3.12/site-packages/torch/_ops.py", line 875, in __call__
E0826 22:29:28.844000 38373 torch/_subclasses/fake_tensor.py:3090] [0/6]     return self._op(*args, **kwargs)
E0826 22:29:28.844000 38373 torch/_subclasses/fake_tensor.py:3090] [0/6]            ^^^^^^^^^^^^^^^^^^^^^^^^^
E0826 22:29:28.844000 38373 torch/_subclasses/fake_tensor.py:3090] [0/6]   File "/tmp/envpinned/lib/python3.12/site-packages/torch/_meta_registrations.py", line 3149, in meta_avg_pool2d
E0826 22:29:28.844000 38373 torch/_subclasses/fake_tensor.py:3090] [0/6]     torch._check(
E0826 22:29:28.844000 38373 torch/_subclasses/fake_tensor.py:3090] [0/6]   File "/tmp/envpinned/lib/python3.12/site-packages/torch/__init__.py", line 1768, in _check
E0826 22:29:28.844000 38373 torch/_subclasses/fake_tensor.py:3090] [0/6]     _check_with(RuntimeError, cond, message)  # pyrefly: ignore [bad-argument-type]
E0826 22:29:28.844000 38373 torch/_subclasses/fake_tensor.py:3090] [0/6]     ^^^^^^^^^^^^^^^^^^^^^^^^^^^^^^^^^^^^^^^^
E0826 22:29:28.844000 38373 torch/_subclasses/fake_tensor.py:3090] [0/6]   File "/tmp/envpinned/lib/python3.12/site-packages/torch/__init__.py", line 1750, in _check_with
E0826 22:29:28.844000 38373 torch/_subclasses/fake_tensor.py:3090] [0/6]     raise error_type(message_evaluated)
E0826 22:29:28.844000 38373 torch/_subclasses/fake_tensor.py:3090] [0/6] RuntimeError: "avg_pool2d" not implemented for 'torch.uint32'
E0826 22:29:28.870000 38373 torch/_subclasses/fake_tensor.py:3090] [0/7] failed while attempting to run meta for aten.avg_pool2d.default
E0826 22:29:28.870000 38373 torch/_subclasses/fake_tensor.py:3090] [0/7] Traceback (most recent call last):
E0826 22:29:28.870000 38373 torch/_subclasses/fake_tensor.py:3090] [0/7]   File "/tmp/envpinned/lib/python3.12/site-packages/torch/_subclasses/fake_tensor.py", line 3086, in _dispatch_impl
E0826 22:29:28.870000 38373 torch/_subclasses/fake_tensor.py:3090] [0/7]     r = func(*args, **kwargs)
E0826 22:29:28.870000 38373 torch/_subclasses/fake_tensor.py:3090] [0/7]         ^^^^^^^^^^^^^^^^^^^^^
E0826 22:29:28.870000 38373 torch/_subclasses/fake_tensor.py:3090] [0/7]   File "/tmp/envpinned/lib/python3.12/site-packages/torch/_ops.py", line 875, in __call__
E0826 22:29:28.870000 38373 torch/_subclasses/fake_tensor.py:3090] [0/7]     return self._op(*args, **kwargs)
E0826 22:29:28.870000 38373 torch/_subclasses/fake_tensor.py:3090] [0/7]            ^^^^^^^^^^^^^^^^^^^^^^^^^
E0826 22:29:28.870000 38373 torch/_subclasses/fake_tensor.py:3090] [0/7]   File "/tmp/envpinned/lib/python3.12/site-packages/torch/_meta_registrations.py", line 3149, in meta_avg_pool2d
E0826 22:29:28.870000 38373 torch/_subclasses/fake_tensor.py:3090] [0/7]     torch._check(
E0826 22:29:28.870000 38373 torch/_subclasses/fake_tensor.py:3090] [0/7]   File "/tmp/envpinned/lib/python3.12/site-packages/torch/__init__.py", line 1768, in _check
E0826 22:29:28.870000 38373 torch/_subclasses/fake_tensor.py:3090] [0/7]     _check_with(RuntimeError, cond, message)  # pyrefly: ignore [bad-argument-type]
E0826 22:29:28.870000 38373 torch/_subclasses/fake_tensor.py:3090] [0/7]     ^^^^^^^^^^^^^^^^^^^^^^^^^^^^^^^^^^^^^^^^
E0826 22:29:28.870000 38373 torch/_subclasses/fake_tensor.py:3090] [0/7]   File "/tmp/envpinned/lib/python3.12/site-packages/torch/__init__.py", line 1750, in _check_with
E0826 22:29:28.870000 38373 torch/_subclasses/fake_tensor.py:3090] [0/7]     raise error_type(message_evaluated)
E0826 22:29:28.870000 38373 torch/_subclasses/fake_tensor.py:3090] [0/7] RuntimeError: "avg_pool2d" not implemented for 'torch.uint64'
E0826 22:29:28.903000 38373 torch/_subclasses/fake_tensor.py:3090] [0/8] failed while attempting to run meta for aten.avg_pool3d.default
E0826 22:29:28.903000 38373 torch/_subclasses/fake_tensor.py:3090] [0/8] Traceback (most recent call last):
E0826 22:29:28.903000 38373 torch/_subclasses/fake_tensor.py:3090] [0/8]   File "/tmp/envpinned/lib/python3.12/site-packages/torch/_subclasses/fake_tensor.py", line 3086, in _dispatch_impl
E0826 22:29:28.903000 38373 torch/_subclasses/fake_tensor.py:3090] [0/8]     r = func(*args, **kwargs)
E0826 22:29:28.903000 38373 torch/_subclasses/fake_tensor.py:3090] [0/8]         ^^^^^^^^^^^^^^^^^^^^^
E0826 22:29:28.903000 38373 torch/_subclasses/fake_tensor.py:3090] [0/8]   File "/tmp/envpinned/lib/python3.12/site-packages/torch/_ops.py", line 875, in __call__
E0826 22:29:28.903000 38373 torch/_subclasses/fake_tensor.py:3090] [0/8]     return self._op(*args, **kwargs)
E0826 22:29:28.903000 38373 torch/_subclasses/fake_tensor.py:3090] [0/8]            ^^^^^^^^^^^^^^^^^^^^^^^^^
E0826 22:29:28.903000 38373 torch/_subclasses/fake_tensor.py:3090] [0/8]   File "/tmp/envpinned/lib/python3.12/site-packages/torch/_prims_common/wrappers.py", line 313, in _fn
E0826 22:29:28.903000 38373 torch/_subclasses/fake_tensor.py:3090] [0/8]     result = fn(*args, **kwargs)
E0826 22:29:28.903000 38373 torch/_subclasses/fake_tensor.py:3090] [0/8]              ^^^^^^^^^^^^^^^^^^^
E0826 22:29:28.903000 38373 torch/_subclasses/fake_tensor.py:3090] [0/8]   File "/tmp/envpinned/lib/python3.12/site-packages/torch/_meta_registrations.py", line 3347, in meta_avg_pool3d
E0826 22:29:28.903000 38373 torch/_subclasses/fake_tensor.py:3090] [0/8]     torch._check(
E0826 22:29:28.903000 38373 torch/_subclasses/fake_tensor.py:3090] [0/8]   File "/tmp/envpinned/lib/python3.12/site-packages/torch/__init__.py", line 1768, in _check
E0826 22:29:28.903000 38373 torch/_subclasses/fake_tensor.py:3090] [0/8]     _check_with(RuntimeError, cond, message)  # pyrefly: ignore [bad-argument-type]
E0826 22:29:28.903000 38373 torch/_subclasses/fake_tensor.py:3090] [0/8]     ^^^^^^^^^^^^^^^^^^^^^^^^^^^^^^^^^^^^^^^^
E0826 22:29:28.903000 38373 torch/_subclasses/fake_tensor.py:3090] [0/8]   File "/tmp/envpinned/lib/python3.12/site-packages/torch/__init__.py", line 1750, in _check_with
E0826 22:29:28.903000 38373 torch/_subclasses/fake_tensor.py:3090] [0/8]     raise error_type(message_evaluated)
E0826 22:29:28.903000 38373 torch/_subclasses/fake_tensor.py:3090] [0/8] RuntimeError: "avg_pool3d" not implemented for 'torch.uint8'
E0826 22:29:28.933000 38373 torch/_subclasses/fake_tensor.py:3090] [0/9] failed while attempting to run meta for aten.avg_pool3d.default
E0826 22:29:28.933000 38373 torch/_subclasses/fake_tensor.py:3090] [0/9] Traceback (most recent call last):
E0826 22:29:28.933000 38373 torch/_subclasses/fake_tensor.py:3090] [0/9]   File "/tmp/envpinned/lib/python3.12/site-packages/torch/_subclasses/fake_tensor.py", line 3086, in _dispatch_impl
E0826 22:29:28.933000 38373 torch/_subclasses/fake_tensor.py:3090] [0/9]     r = func(*args, **kwargs)
E0826 22:29:28.933000 38373 torch/_subclasses/fake_tensor.py:3090] [0/9]         ^^^^^^^^^^^^^^^^^^^^^
E0826 22:29:28.933000 38373 torch/_subclasses/fake_tensor.py:3090] [0/9]   File "/tmp/envpinned/lib/python3.12/site-packages/torch/_ops.py", line 875, in __call__
E0826 22:29:28.933000 38373 torch/_subclasses/fake_tensor.py:3090] [0/9]     return self._op(*args, **kwargs)
E0826 22:29:28.933000 38373 torch/_subclasses/fake_tensor.py:3090] [0/9]            ^^^^^^^^^^^^^^^^^^^^^^^^^
E0826 22:29:28.933000 38373 torch/_subclasses/fake_tensor.py:3090] [0/9]   File "/tmp/envpinned/lib/python3.12/site-packages/torch/_prims_common/wrappers.py", line 313, in _fn
E0826 22:29:28.933000 38373 torch/_subclasses/fake_tensor.py:3090] [0/9]     result = fn(*args, **kwargs)
E0826 22:29:28.933000 38373 torch/_subclasses/fake_tensor.py:3090] [0/9]              ^^^^^^^^^^^^^^^^^^^
E0826 22:29:28.933000 38373 torch/_subclasses/fake_tensor.py:3090] [0/9]   File "/tmp/envpinned/lib/python3.12/site-packages/torch/_meta_registrations.py", line 3347, in meta_avg_pool3d
E0826 22:29:28.933000 38373 torch/_subclasses/fake_tensor.py:3090] [0/9]     torch._check(
E0826 22:29:28.933000 38373 torch/_subclasses/fake_tensor.py:3090] [0/9]   File "/tmp/envpinned/lib/python3.12/site-packages/torch/__init__.py", line 1768, in _check
E0826 22:29:28.933000 38373 torch/_subclasses/fake_tensor.py:3090] [0/9]     _check_with(RuntimeError, cond, message)  # pyrefly: ignore [bad-argument-type]
E0826 22:29:28.933000 38373 torch/_subclasses/fake_tensor.py:3090] [0/9]     ^^^^^^^^^^^^^^^^^^^^^^^^^^^^^^^^^^^^^^^^
E0826 22:29:28.933000 38373 torch/_subclasses/fake_tensor.py:3090] [0/9]   File "/tmp/envpinned/lib/python3.12/site-packages/torch/__init__.py", line 1750, in _check_with
E0826 22:29:28.933000 38373 torch/_subclasses/fake_tensor.py:3090] [0/9]     raise error_type(message_evaluated)
E0826 22:29:28.933000 38373 torch/_subclasses/fake_tensor.py:3090] [0/9] RuntimeError: "avg_pool3d" not implemented for 'torch.uint16'
E0826 22:29:28.960000 38373 torch/_subclasses/fake_tensor.py:3090] [0/10] failed while attempting to run meta for aten.avg_pool3d.default
E0826 22:29:28.960000 38373 torch/_subclasses/fake_tensor.py:3090] [0/10] Traceback (most recent call last):
E0826 22:29:28.960000 38373 torch/_subclasses/fake_tensor.py:3090] [0/10]   File "/tmp/envpinned/lib/python3.12/site-packages/torch/_subclasses/fake_tensor.py", line 3086, in _dispatch_impl
E0826 22:29:28.960000 38373 torch/_subclasses/fake_tensor.py:3090] [0/10]     r = func(*args, **kwargs)
E0826 22:29:28.960000 38373 torch/_subclasses/fake_tensor.py:3090] [0/10]         ^^^^^^^^^^^^^^^^^^^^^
E0826 22:29:28.960000 38373 torch/_subclasses/fake_tensor.py:3090] [0/10]   File "/tmp/envpinned/lib/python3.12/site-packages/torch/_ops.py", line 875, in __call__
E0826 22:29:28.960000 38373 torch/_subclasses/fake_tensor.py:3090] [0/10]     return self._op(*args, **kwargs)
E0826 22:29:28.960000 38373 torch/_subclasses/fake_tensor.py:3090] [0/10]            ^^^^^^^^^^^^^^^^^^^^^^^^^
E0826 22:29:28.960000 38373 torch/_subclasses/fake_tensor.py:3090] [0/10]   File "/tmp/envpinned/lib/python3.12/site-packages/torch/_prims_common/wrappers.py", line 313, in _fn
E0826 22:29:28.960000 38373 torch/_subclasses/fake_tensor.py:3090] [0/10]     result = fn(*args, **kwargs)
E0826 22:29:28.960000 38373 torch/_subclasses/fake_tensor.py:3090] [0/10]              ^^^^^^^^^^^^^^^^^^^
E0826 22:29:28.960000 38373 torch/_subclasses/fake_tensor.py:3090] [0/10]   File "/tmp/envpinned/lib/python3.12/site-packages/torch/_meta_registrations.py", line 3347, in meta_avg_pool3d
E0826 22:29:28.960000 38373 torch/_subclasses/fake_tensor.py:3090] [0/10]     torch._check(
E0826 22:29:28.960000 38373 torch/_subclasses/fake_tensor.py:3090] [0/10]   File "/tmp/envpinned/lib/python3.12/site-packages/torch/__init__.py", line 1768, in _check
E0826 22:29:28.960000 38373 torch/_subclasses/fake_tensor.py:3090] [0/10]     _check_with(RuntimeError, cond, message)  # pyrefly: ignore [bad-argument-type]
E0826 22:29:28.960000 38373 torch/_subclasses/fake_tensor.py:3090] [0/10]     ^^^^^^^^^^^^^^^^^^^^^^^^^^^^^^^^^^^^^^^^
E0826 22:29:28.960000 38373 torch/_subclasses/fake_tensor.py:3090] [0/10]   File "/tmp/envpinned/lib/python3.12/site-packages/torch/__init__.py", line 1750, in _check_with
E0826 22:29:28.960000 38373 torch/_subclasses/fake_tensor.py:3090] [0/10]     raise error_type(message_evaluated)
E0826 22:29:28.960000 38373 torch/_subclasses/fake_tensor.py:3090] [0/10] RuntimeError: "avg_pool3d" not implemented for 'torch.uint32'
E0826 22:29:28.987000 38373 torch/_subclasses/fake_tensor.py:3090] [0/11] failed while attempting to run meta for aten.avg_pool3d.default
E0826 22:29:28.987000 38373 torch/_subclasses/fake_tensor.py:3090] [0/11] Traceback (most recent call last):
E0826 22:29:28.987000 38373 torch/_subclasses/fake_tensor.py:3090] [0/11]   File "/tmp/envpinned/lib/python3.12/site-packages/torch/_subclasses/fake_tensor.py", line 3086, in _dispatch_impl
E0826 22:29:28.987000 38373 torch/_subclasses/fake_tensor.py:3090] [0/11]     r = func(*args, **kwargs)
E0826 22:29:28.987000 38373 torch/_subclasses/fake_tensor.py:3090] [0/11]         ^^^^^^^^^^^^^^^^^^^^^
E0826 22:29:28.987000 38373 torch/_subclasses/fake_tensor.py:3090] [0/11]   File "/tmp/envpinned/lib/python3.12/site-packages/torch/_ops.py", line 875, in __call__
E0826 22:29:28.987000 38373 torch/_subclasses/fake_tensor.py:3090] [0/11]     return self._op(*args, **kwargs)
E0826 22:29:28.987000 38373 torch/_subclasses/fake_tensor.py:3090] [0/11]            ^^^^^^^^^^^^^^^^^^^^^^^^^
E0826 22:29:28.987000 38373 torch/_subclasses/fake_tensor.py:3090] [0/11]   File "/tmp/envpinned/lib/python3.12/site-packages/torch/_prims_common/wrappers.py", line 313, in _fn
E0826 22:29:28.987000 38373 torch/_subclasses/fake_tensor.py:3090] [0/11]     result = fn(*args, **kwargs)
E0826 22:29:28.987000 38373 torch/_subclasses/fake_tensor.py:3090] [0/11]              ^^^^^^^^^^^^^^^^^^^
E0826 22:29:28.987000 38373 torch/_subclasses/fake_tensor.py:3090] [0/11]   File "/tmp/envpinned/lib/python3.12/site-packages/torch/_meta_registrations.py", line 3347, in meta_avg_pool3d
E0826 22:29:28.987000 38373 torch/_subclasses/fake_tensor.py:3090] [0/11]     torch._check(
E0826 22:29:28.987000 38373 torch/_subclasses/fake_tensor.py:3090] [0/11]   File "/tmp/envpinned/lib/python3.12/site-packages/torch/__init__.py", line 1768, in _check
E0826 22:29:28.987000 38373 torch/_subclasses/fake_tensor.py:3090] [0/11]     _check_with(RuntimeError, cond, message)  # pyrefly: ignore [bad-argument-type]
E0826 22:29:28.987000 38373 torch/_subclasses/fake_tensor.py:3090] [0/11]     ^^^^^^^^^^^^^^^^^^^^^^^^^^^^^^^^^^^^^^^^
E0826 22:29:28.987000 38373 torch/_subclasses/fake_tensor.py:3090] [0/11]   File "/tmp/envpinned/lib/python3.12/site-packages/torch/__init__.py", line 1750, in _check_with
E0826 22:29:28.987000 38373 torch/_subclasses/fake_tensor.py:3090] [0/11]     raise error_type(message_evaluated)
E0826 22:29:28.987000 38373 torch/_subclasses/fake_tensor.py:3090] [0/11] RuntimeError: "avg_pool3d" not implemented for 'torch.uint64'
..................../tmp/envpinned/lib/python3.12/site-packages/torch/_dynamo/pgo.py:605: UserWarning: dynamo_pgo force disabled by torch.compiler.config.force_disable_caches
  warn_once(
..................................................................................................s.ssssssssss...ssssAutotune Choices Stats:
{"num_choices": 11, "num_triton_choices": 11, "best_kernel": "triton_convolution2d_bwd_weight_4", "best_kernel_desc": "ALLOW_TF32=False, BLOCK_K=16, BLOCK_M=64, BLOCK_N=64, DILATION_H=1, DILATION_W=1, GROUPS=4, KERNEL_H=1, KERNEL_W=1, PADDING_H=0, PADDING_W=0, STRIDE_H=1, STRIDE_W=1, num_stages=2, num_warps=4", "best_time": 0.09696000069379807, "best_triton_pos": 0}
AUTOTUNE convolution_bwd_weight(2x4x16x16, 2x128x16x16)
strides: [s32**2*s37, s32**2, s32, 1], [s32**2*s38, s32**2, s32, 1]
dtypes: torch.float32, torch.float32
  triton_convolution2d_bwd_weight_4 0.0970 ms 100.0% ALLOW_TF32=False, BLOCK_K=16, BLOCK_M=64, BLOCK_N=64, DILATION_H=1, DILATION_W=1, GROUPS=4, KERNEL_H=1, KERNEL_W=1, PADDING_H=0, PADDING_W=0, STRIDE_H=1, STRIDE_W=1, num_stages=2, num_warps=4
  triton_convolution2d_bwd_weight_5 0.1663 ms 58.3% ALLOW_TF32=False, BLOCK_K=16, BLOCK_M=64, BLOCK_N=128, DILATION_H=1, DILATION_W=1, GROUPS=4, KERNEL_H=1, KERNEL_W=1, PADDING_H=0, PADDING_W=0, STRIDE_H=1, STRIDE_W=1, num_stages=2, num_warps=8
  triton_convolution2d_bwd_weight_9 0.2013 ms 48.2% ALLOW_TF32=False, BLOCK_K=16, BLOCK_M=128, BLOCK_N=64, DILATION_H=1, DILATION_W=1, GROUPS=4, KERNEL_H=1, KERNEL_W=1, PADDING_H=0, PADDING_W=0, STRIDE_H=1, STRIDE_W=1, num_stages=4, num_warps=4
  triton_convolution2d_bwd_weight_7 0.2039 ms 47.6% ALLOW_TF32=False, BLOCK_K=16, BLOCK_M=128, BLOCK_N=128, DILATION_H=1, DILATION_W=1, GROUPS=4, KERNEL_H=1, KERNEL_W=1, PADDING_H=0, PADDING_W=0, STRIDE_H=1, STRIDE_W=1, num_stages=3, num_warps=8
  triton_convolution2d_bwd_weight_2 0.2066 ms 46.9% ALLOW_TF32=False, BLOCK_K=16, BLOCK_M=512, BLOCK_N=16, DILATION_H=1, DILATION_W=1, GROUPS=4, KERNEL_H=1, KERNEL_W=1, PADDING_H=0, PADDING_W=0, STRIDE_H=1, STRIDE_W=1, num_stages=1, num_warps=8
  triton_convolution2d_bwd_weight_8 0.2177 ms 44.5% ALLOW_TF32=False, BLOCK_K=16, BLOCK_M=64, BLOCK_N=128, DILATION_H=1, DILATION_W=1, GROUPS=4, KERNEL_H=1, KERNEL_W=1, PADDING_H=0, PADDING_W=0, STRIDE_H=1, STRIDE_W=1, num_stages=4, num_warps=4
  triton_convolution2d_bwd_weight_0 0.2668 ms 36.3% ALLOW_TF32=False, BLOCK_K=16, BLOCK_M=64, BLOCK_N=128, DILATION_H=1, DILATION_W=1, GROUPS=4, KERNEL_H=1, KERNEL_W=1, PADDING_H=0, PADDING_W=0, STRIDE_H=1, STRIDE_W=1, num_stages=2, num_warps=4
  triton_convolution2d_bwd_weight_3 0.2773 ms 35.0% ALLOW_TF32=False, BLOCK_K=16, BLOCK_M=128, BLOCK_N=128, DILATION_H=1, DILATION_W=1, GROUPS=4, KERNEL_H=1, KERNEL_W=1, PADDING_H=0, PADDING_W=0, STRIDE_H=1, STRIDE_W=1, num_stages=2, num_warps=8
  triton_convolution2d_bwd_weight_1 0.2964 ms 32.7% ALLOW_TF32=False, BLOCK_K=16, BLOCK_M=256, BLOCK_N=64, DILATION_H=1, DILATION_W=1, GROUPS=4, KERNEL_H=1, KERNEL_W=1, PADDING_H=0, PADDING_W=0, STRIDE_H=1, STRIDE_W=1, num_stages=2, num_warps=4
  triton_convolution2d_bwd_weight_6 0.3055 ms 31.7% ALLOW_TF32=False, BLOCK_K=16, BLOCK_M=256, BLOCK_N=64, DILATION_H=1, DILATION_W=1, GROUPS=4, KERNEL_H=1, KERNEL_W=1, PADDING_H=0, PADDING_W=0, STRIDE_H=1, STRIDE_W=1, num_stages=2, num_warps=8
SingleProcess AUTOTUNE benchmarking takes 0.5336 seconds and 11.8235 seconds precompiling for 11 choices
Autotune Choices Stats:
{"num_choices": 11, "num_triton_choices": 11, "best_kernel": "triton_convolution2d_bwd_input_15", "best_kernel_desc": "ALLOW_TF32=False, BLOCK_K=16, BLOCK_M=64, BLOCK_N=64, DILATION_H=1, DILATION_W=1, GROUPS=4, KERNEL_H=1, KERNEL_W=1, PADDING_H=0, PADDING_W=0, STRIDE_H=1, STRIDE_W=1, num_stages=2, num_warps=4", "best_time": 0.011008000001311302, "best_triton_pos": 0}
AUTOTUNE convolution_bwd_input(2x128x16x16, 128x1x1x1)
strides: [s32**2*s38, s32**2, s32, 1], [1, 1, 1, 1]
dtypes: torch.float32, torch.float32
  triton_convolution2d_bwd_input_15 0.0110 ms 100.0% ALLOW_TF32=False, BLOCK_K=16, BLOCK_M=64, BLOCK_N=64, DILATION_H=1, DILATION_W=1, GROUPS=4, KERNEL_H=1, KERNEL_W=1, PADDING_H=0, PADDING_W=0, STRIDE_H=1, STRIDE_W=1, num_stages=2, num_warps=4
  triton_convolution2d_bwd_input_11 0.0125 ms 87.8% ALLOW_TF32=False, BLOCK_K=16, BLOCK_M=64, BLOCK_N=128, DILATION_H=1, DILATION_W=1, GROUPS=4, KERNEL_H=1, KERNEL_W=1, PADDING_H=0, PADDING_W=0, STRIDE_H=1, STRIDE_W=1, num_stages=2, num_warps=4
  triton_convolution2d_bwd_input_16 0.0137 ms 80.4% ALLOW_TF32=False, BLOCK_K=16, BLOCK_M=64, BLOCK_N=128, DILATION_H=1, DILATION_W=1, GROUPS=4, KERNEL_H=1, KERNEL_W=1, PADDING_H=0, PADDING_W=0, STRIDE_H=1, STRIDE_W=1, num_stages=2, num_warps=8
  triton_convolution2d_bwd_input_19 0.0159 ms 69.1% ALLOW_TF32=False, BLOCK_K=16, BLOCK_M=64, BLOCK_N=128, DILATION_H=1, DILATION_W=1, GROUPS=4, KERNEL_H=1, KERNEL_W=1, PADDING_H=0, PADDING_W=0, STRIDE_H=1, STRIDE_W=1, num_stages=4, num_warps=4
  triton_convolution2d_bwd_input_20 0.0161 ms 68.5% ALLOW_TF32=False, BLOCK_K=16, BLOCK_M=128, BLOCK_N=64, DILATION_H=1, DILATION_W=1, GROUPS=4, KERNEL_H=1, KERNEL_W=1, PADDING_H=0, PADDING_W=0, STRIDE_H=1, STRIDE_W=1, num_stages=4, num_warps=4
  triton_convolution2d_bwd_input_14 0.0177 ms 62.1% ALLOW_TF32=False, BLOCK_K=16, BLOCK_M=128, BLOCK_N=128, DILATION_H=1, DILATION_W=1, GROUPS=4, KERNEL_H=1, KERNEL_W=1, PADDING_H=0, PADDING_W=0, STRIDE_H=1, STRIDE_W=1, num_stages=2, num_warps=8
  triton_convolution2d_bwd_input_12 0.0189 ms 58.3% ALLOW_TF32=False, BLOCK_K=16, BLOCK_M=256, BLOCK_N=64, DILATION_H=1, DILATION_W=1, GROUPS=4, KERNEL_H=1, KERNEL_W=1, PADDING_H=0, PADDING_W=0, STRIDE_H=1, STRIDE_W=1, num_stages=2, num_warps=4
  triton_convolution2d_bwd_input_18 0.0192 ms 57.3% ALLOW_TF32=False, BLOCK_K=16, BLOCK_M=128, BLOCK_N=128, DILATION_H=1, DILATION_W=1, GROUPS=4, KERNEL_H=1, KERNEL_W=1, PADDING_H=0, PADDING_W=0, STRIDE_H=1, STRIDE_W=1, num_stages=3, num_warps=8
  triton_convolution2d_bwd_input_13 0.0198 ms 55.7% ALLOW_TF32=False, BLOCK_K=16, BLOCK_M=512, BLOCK_N=16, DILATION_H=1, DILATION_W=1, GROUPS=4, KERNEL_H=1, KERNEL_W=1, PADDING_H=0, PADDING_W=0, STRIDE_H=1, STRIDE_W=1, num_stages=1, num_warps=8
  triton_convolution2d_bwd_input_17 0.0205 ms 53.6% ALLOW_TF32=False, BLOCK_K=16, BLOCK_M=256, BLOCK_N=64, DILATION_H=1, DILATION_W=1, GROUPS=4, KERNEL_H=1, KERNEL_W=1, PADDING_H=0, PADDING_W=0, STRIDE_H=1, STRIDE_W=1, num_stages=2, num_warps=8
SingleProcess AUTOTUNE benchmarking takes 0.3164 seconds and 0.0005 seconds precompiling for 11 choices
.Autotune Choices Stats:
{"num_choices": 11, "num_triton_choices": 11, "best_kernel": "triton_convolution2d_bwd_weight_26", "best_kernel_desc": "ALLOW_TF32=False, BLOCK_K=16, BLOCK_M=64, BLOCK_N=64, DILATION_H=1, DILATION_W=1, GROUPS=4, KERNEL_H=1, KERNEL_W=1, PADDING_H=0, PADDING_W=0, STRIDE_H=1, STRIDE_W=1, num_stages=2, num_warps=4", "best_time": 0.1194240003824234, "best_triton_pos": 0}
AUTOTUNE convolution_bwd_weight(2x4x16x16, 2x128x16x16)
strides: [s32**2*s37, s32**2, s32, 1], [s32**2*s38, s32**2, s32, 1]
dtypes: torch.float32, torch.float32
  triton_convolution2d_bwd_weight_26 0.1194 ms 100.0% ALLOW_TF32=False, BLOCK_K=16, BLOCK_M=64, BLOCK_N=64, DILATION_H=1, DILATION_W=1, GROUPS=4, KERNEL_H=1, KERNEL_W=1, PADDING_H=0, PADDING_W=0, STRIDE_H=1, STRIDE_W=1, num_stages=2, num_warps=4
  triton_convolution2d_bwd_weight_27 0.1664 ms 71.8% ALLOW_TF32=False, BLOCK_K=16, BLOCK_M=64, BLOCK_N=128, DILATION_H=1, DILATION_W=1, GROUPS=4, KERNEL_H=1, KERNEL_W=1, PADDING_H=0, PADDING_W=0, STRIDE_H=1, STRIDE_W=1, num_stages=2, num_warps=8
  triton_convolution2d_bwd_weight_31 0.2013 ms 59.3% ALLOW_TF32=False, BLOCK_K=16, BLOCK_M=128, BLOCK_N=64, DILATION_H=1, DILATION_W=1, GROUPS=4, KERNEL_H=1, KERNEL_W=1, PADDING_H=0, PADDING_W=0, STRIDE_H=1, STRIDE_W=1, num_stages=4, num_warps=4
  triton_convolution2d_bwd_weight_29 0.2039 ms 58.6% ALLOW_TF32=False, BLOCK_K=16, BLOCK_M=128, BLOCK_N=128, DILATION_H=1, DILATION_W=1, GROUPS=4, KERNEL_H=1, KERNEL_W=1, PADDING_H=0, PADDING_W=0, STRIDE_H=1, STRIDE_W=1, num_stages=3, num_warps=8
  triton_convolution2d_bwd_weight_24 0.2063 ms 57.9% ALLOW_TF32=False, BLOCK_K=16, BLOCK_M=512, BLOCK_N=16, DILATION_H=1, DILATION_W=1, GROUPS=4, KERNEL_H=1, KERNEL_W=1, PADDING_H=0, PADDING_W=0, STRIDE_H=1, STRIDE_W=1, num_stages=1, num_warps=8
  triton_convolution2d_bwd_weight_30 0.2172 ms 55.0% ALLOW_TF32=False, BLOCK_K=16, BLOCK_M=64, BLOCK_N=128, DILATION_H=1, DILATION_W=1, GROUPS=4, KERNEL_H=1, KERNEL_W=1, PADDING_H=0, PADDING_W=0, STRIDE_H=1, STRIDE_W=1, num_stages=4, num_warps=4
  triton_convolution2d_bwd_weight_22 0.2669 ms 44.7% ALLOW_TF32=False, BLOCK_K=16, BLOCK_M=64, BLOCK_N=128, DILATION_H=1, DILATION_W=1, GROUPS=4, KERNEL_H=1, KERNEL_W=1, PADDING_H=0, PADDING_W=0, STRIDE_H=1, STRIDE_W=1, num_stages=2, num_warps=4
  triton_convolution2d_bwd_weight_25 0.2774 ms 43.0% ALLOW_TF32=False, BLOCK_K=16, BLOCK_M=128, BLOCK_N=128, DILATION_H=1, DILATION_W=1, GROUPS=4, KERNEL_H=1, KERNEL_W=1, PADDING_H=0, PADDING_W=0, STRIDE_H=1, STRIDE_W=1, num_stages=2, num_warps=8
  triton_convolution2d_bwd_weight_23 0.2962 ms 40.3% ALLOW_TF32=False, BLOCK_K=16, BLOCK_M=256, BLOCK_N=64, DILATION_H=1, DILATION_W=1, GROUPS=4, KERNEL_H=1, KERNEL_W=1, PADDING_H=0, PADDING_W=0, STRIDE_H=1, STRIDE_W=1, num_stages=2, num_warps=4
  triton_convolution2d_bwd_weight_28 0.3055 ms 39.1% ALLOW_TF32=False, BLOCK_K=16, BLOCK_M=256, BLOCK_N=64, DILATION_H=1, DILATION_W=1, GROUPS=4, KERNEL_H=1, KERNEL_W=1, PADDING_H=0, PADDING_W=0, STRIDE_H=1, STRIDE_W=1, num_stages=2, num_warps=8
SingleProcess AUTOTUNE benchmarking takes 0.5335 seconds and 12.3864 seconds precompiling for 11 choices
Autotune Choices Stats:
{"num_choices": 11, "num_triton_choices": 11, "best_kernel": "triton_convolution2d_bwd_input_37", "best_kernel_desc": "ALLOW_TF32=False, BLOCK_K=16, BLOCK_M=64, BLOCK_N=64, DILATION_H=1, DILATION_W=1, GROUPS=4, KERNEL_H=1, KERNEL_W=1, PADDING_H=0, PADDING_W=0, STRIDE_H=1, STRIDE_W=1, num_stages=2, num_warps=4", "best_time": 0.011071999557316303, "best_triton_pos": 0}
AUTOTUNE convolution_bwd_input(2x128x16x16, 128x1x1x1)
strides: [s32**2*s38, s32**2, s32, 1], [1, 1, 1, 1]
dtypes: torch.float32, torch.float32
  triton_convolution2d_bwd_input_37 0.0111 ms 100.0% ALLOW_TF32=False, BLOCK_K=16, BLOCK_M=64, BLOCK_N=64, DILATION_H=1, DILATION_W=1, GROUPS=4, KERNEL_H=1, KERNEL_W=1, PADDING_H=0, PADDING_W=0, STRIDE_H=1, STRIDE_W=1, num_stages=2, num_warps=4
  triton_convolution2d_bwd_input_33 0.0129 ms 85.6% ALLOW_TF32=False, BLOCK_K=16, BLOCK_M=64, BLOCK_N=128, DILATION_H=1, DILATION_W=1, GROUPS=4, KERNEL_H=1, KERNEL_W=1, PADDING_H=0, PADDING_W=0, STRIDE_H=1, STRIDE_W=1, num_stages=2, num_warps=4
  triton_convolution2d_bwd_input_38 0.0137 ms 80.8% ALLOW_TF32=False, BLOCK_K=16, BLOCK_M=64, BLOCK_N=128, DILATION_H=1, DILATION_W=1, GROUPS=4, KERNEL_H=1, KERNEL_W=1, PADDING_H=0, PADDING_W=0, STRIDE_H=1, STRIDE_W=1, num_stages=2, num_warps=8
  triton_convolution2d_bwd_input_41 0.0163 ms 68.0% ALLOW_TF32=False, BLOCK_K=16, BLOCK_M=64, BLOCK_N=128, DILATION_H=1, DILATION_W=1, GROUPS=4, KERNEL_H=1, KERNEL_W=1, PADDING_H=0, PADDING_W=0, STRIDE_H=1, STRIDE_W=1, num_stages=4, num_warps=4
  triton_convolution2d_bwd_input_42 0.0164 ms 67.4% ALLOW_TF32=False, BLOCK_K=16, BLOCK_M=128, BLOCK_N=64, DILATION_H=1, DILATION_W=1, GROUPS=4, KERNEL_H=1, KERNEL_W=1, PADDING_H=0, PADDING_W=0, STRIDE_H=1, STRIDE_W=1, num_stages=4, num_warps=4
  triton_convolution2d_bwd_input_36 0.0177 ms 62.7% ALLOW_TF32=False, BLOCK_K=16, BLOCK_M=128, BLOCK_N=128, DILATION_H=1, DILATION_W=1, GROUPS=4, KERNEL_H=1, KERNEL_W=1, PADDING_H=0, PADDING_W=0, STRIDE_H=1, STRIDE_W=1, num_stages=2, num_warps=8
  triton_convolution2d_bwd_input_34 0.0191 ms 57.9% ALLOW_TF32=False, BLOCK_K=16, BLOCK_M=256, BLOCK_N=64, DILATION_H=1, DILATION_W=1, GROUPS=4, KERNEL_H=1, KERNEL_W=1, PADDING_H=0, PADDING_W=0, STRIDE_H=1, STRIDE_W=1, num_stages=2, num_warps=4
  triton_convolution2d_bwd_input_40 0.0192 ms 57.7% ALLOW_TF32=False, BLOCK_K=16, BLOCK_M=128, BLOCK_N=128, DILATION_H=1, DILATION_W=1, GROUPS=4, KERNEL_H=1, KERNEL_W=1, PADDING_H=0, PADDING_W=0, STRIDE_H=1, STRIDE_W=1, num_stages=3, num_warps=8
  triton_convolution2d_bwd_input_35 0.0197 ms 56.1% ALLOW_TF32=False, BLOCK_K=16, BLOCK_M=512, BLOCK_N=16, DILATION_H=1, DILATION_W=1, GROUPS=4, KERNEL_H=1, KERNEL_W=1, PADDING_H=0, PADDING_W=0, STRIDE_H=1, STRIDE_W=1, num_stages=1, num_warps=8
  triton_convolution2d_bwd_input_39 0.0204 ms 54.4% ALLOW_TF32=False, BLOCK_K=16, BLOCK_M=256, BLOCK_N=64, DILATION_H=1, DILATION_W=1, GROUPS=4, KERNEL_H=1, KERNEL_W=1, PADDING_H=0, PADDING_W=0, STRIDE_H=1, STRIDE_W=1, num_stages=2, num_warps=8
SingleProcess AUTOTUNE benchmarking takes 0.3345 seconds and 0.0006 seconds precompiling for 11 choices
.ssssAutotune Choices Stats:
{"num_choices": 11, "num_triton_choices": 11, "best_kernel": "triton_convolution2d_bwd_weight_48", "best_kernel_desc": "ALLOW_TF32=False, BLOCK_K=16, BLOCK_M=64, BLOCK_N=64, DILATION_H=1, DILATION_W=1, GROUPS=128, KERNEL_H=1, KERNEL_W=1, PADDING_H=0, PADDING_W=0, STRIDE_H=1, STRIDE_W=1, num_stages=2, num_warps=4", "best_time": 0.10726399719715118, "best_triton_pos": 0}
AUTOTUNE convolution_bwd_weight(2x128x16x16, 2x128x16x16)
strides: [s32**2*s37, s32**2, s32, 1], [s32**2*s37, s32**2, s32, 1]
dtypes: torch.float32, torch.float32
  triton_convolution2d_bwd_weight_48 0.1073 ms 100.0% ALLOW_TF32=False, BLOCK_K=16, BLOCK_M=64, BLOCK_N=64, DILATION_H=1, DILATION_W=1, GROUPS=128, KERNEL_H=1, KERNEL_W=1, PADDING_H=0, PADDING_W=0, STRIDE_H=1, STRIDE_W=1, num_stages=2, num_warps=4
  triton_convolution2d_bwd_weight_49 0.2187 ms 49.0% ALLOW_TF32=False, BLOCK_K=16, BLOCK_M=64, BLOCK_N=128, DILATION_H=1, DILATION_W=1, GROUPS=128, KERNEL_H=1, KERNEL_W=1, PADDING_H=0, PADDING_W=0, STRIDE_H=1, STRIDE_W=1, num_stages=2, num_warps=8
  triton_convolution2d_bwd_weight_52 0.2398 ms 44.7% ALLOW_TF32=False, BLOCK_K=16, BLOCK_M=64, BLOCK_N=128, DILATION_H=1, DILATION_W=1, GROUPS=128, KERNEL_H=1, KERNEL_W=1, PADDING_H=0, PADDING_W=0, STRIDE_H=1, STRIDE_W=1, num_stages=4, num_warps=4
  triton_convolution2d_bwd_weight_53 0.2690 ms 39.9% ALLOW_TF32=False, BLOCK_K=16, BLOCK_M=128, BLOCK_N=64, DILATION_H=1, DILATION_W=1, GROUPS=128, KERNEL_H=1, KERNEL_W=1, PADDING_H=0, PADDING_W=0, STRIDE_H=1, STRIDE_W=1, num_stages=4, num_warps=4
  triton_convolution2d_bwd_weight_51 0.2794 ms 38.4% ALLOW_TF32=False, BLOCK_K=16, BLOCK_M=128, BLOCK_N=128, DILATION_H=1, DILATION_W=1, GROUPS=128, KERNEL_H=1, KERNEL_W=1, PADDING_H=0, PADDING_W=0, STRIDE_H=1, STRIDE_W=1, num_stages=3, num_warps=8
  triton_convolution2d_bwd_weight_44 0.2904 ms 36.9% ALLOW_TF32=False, BLOCK_K=16, BLOCK_M=64, BLOCK_N=128, DILATION_H=1, DILATION_W=1, GROUPS=128, KERNEL_H=1, KERNEL_W=1, PADDING_H=0, PADDING_W=0, STRIDE_H=1, STRIDE_W=1, num_stages=2, num_warps=4
  triton_convolution2d_bwd_weight_47 0.3575 ms 30.0% ALLOW_TF32=False, BLOCK_K=16, BLOCK_M=128, BLOCK_N=128, DILATION_H=1, DILATION_W=1, GROUPS=128, KERNEL_H=1, KERNEL_W=1, PADDING_H=0, PADDING_W=0, STRIDE_H=1, STRIDE_W=1, num_stages=2, num_warps=8
  triton_convolution2d_bwd_weight_45 0.4145 ms 25.9% ALLOW_TF32=False, BLOCK_K=16, BLOCK_M=256, BLOCK_N=64, DILATION_H=1, DILATION_W=1, GROUPS=128, KERNEL_H=1, KERNEL_W=1, PADDING_H=0, PADDING_W=0, STRIDE_H=1, STRIDE_W=1, num_stages=2, num_warps=4
  triton_convolution2d_bwd_weight_46 0.4369 ms 24.5% ALLOW_TF32=False, BLOCK_K=16, BLOCK_M=512, BLOCK_N=16, DILATION_H=1, DILATION_W=1, GROUPS=128, KERNEL_H=1, KERNEL_W=1, PADDING_H=0, PADDING_W=0, STRIDE_H=1, STRIDE_W=1, num_stages=1, num_warps=8
  triton_convolution2d_bwd_weight_50 0.4715 ms 22.8% ALLOW_TF32=False, BLOCK_K=16, BLOCK_M=256, BLOCK_N=64, DILATION_H=1, DILATION_W=1, GROUPS=128, KERNEL_H=1, KERNEL_W=1, PADDING_H=0, PADDING_W=0, STRIDE_H=1, STRIDE_W=1, num_stages=2, num_warps=8
SingleProcess AUTOTUNE benchmarking takes 0.5694 seconds and 12.2745 seconds precompiling for 11 choices
Autotune Choices Stats:
{"num_choices": 11, "num_triton_choices": 11, "best_kernel": "triton_convolution2d_bwd_input_59", "best_kernel_desc": "ALLOW_TF32=False, BLOCK_K=16, BLOCK_M=64, BLOCK_N=64, DILATION_H=1, DILATION_W=1, GROUPS=128, KERNEL_H=1, KERNEL_W=1, PADDING_H=0, PADDING_W=0, STRIDE_H=1, STRIDE_W=1, num_stages=2, num_warps=4", "best_time": 0.01548799965530634, "best_triton_pos": 0}
AUTOTUNE convolution_bwd_input(2x128x16x16, 128x1x1x1)
strides: [s32**2*s37, s32**2, s32, 1], [1, 1, 1, 1]
dtypes: torch.float32, torch.float32
  triton_convolution2d_bwd_input_59 0.0155 ms 100.0% ALLOW_TF32=False, BLOCK_K=16, BLOCK_M=64, BLOCK_N=64, DILATION_H=1, DILATION_W=1, GROUPS=128, KERNEL_H=1, KERNEL_W=1, PADDING_H=0, PADDING_W=0, STRIDE_H=1, STRIDE_W=1, num_stages=2, num_warps=4
  triton_convolution2d_bwd_input_64 0.0160 ms 96.6% ALLOW_TF32=False, BLOCK_K=16, BLOCK_M=128, BLOCK_N=64, DILATION_H=1, DILATION_W=1, GROUPS=128, KERNEL_H=1, KERNEL_W=1, PADDING_H=0, PADDING_W=0, STRIDE_H=1, STRIDE_W=1, num_stages=4, num_warps=4
  triton_convolution2d_bwd_input_57 0.0162 ms 95.5% ALLOW_TF32=False, BLOCK_K=16, BLOCK_M=512, BLOCK_N=16, DILATION_H=1, DILATION_W=1, GROUPS=128, KERNEL_H=1, KERNEL_W=1, PADDING_H=0, PADDING_W=0, STRIDE_H=1, STRIDE_W=1, num_stages=1, num_warps=8
  triton_convolution2d_bwd_input_56 0.0182 ms 85.1% ALLOW_TF32=False, BLOCK_K=16, BLOCK_M=256, BLOCK_N=64, DILATION_H=1, DILATION_W=1, GROUPS=128, KERNEL_H=1, KERNEL_W=1, PADDING_H=0, PADDING_W=0, STRIDE_H=1, STRIDE_W=1, num_stages=2, num_warps=4
  triton_convolution2d_bwd_input_61 0.0202 ms 76.6% ALLOW_TF32=False, BLOCK_K=16, BLOCK_M=256, BLOCK_N=64, DILATION_H=1, DILATION_W=1, GROUPS=128, KERNEL_H=1, KERNEL_W=1, PADDING_H=0, PADDING_W=0, STRIDE_H=1, STRIDE_W=1, num_stages=2, num_warps=8
  triton_convolution2d_bwd_input_55 0.0237 ms 65.2% ALLOW_TF32=False, BLOCK_K=16, BLOCK_M=64, BLOCK_N=128, DILATION_H=1, DILATION_W=1, GROUPS=128, KERNEL_H=1, KERNEL_W=1, PADDING_H=0, PADDING_W=0, STRIDE_H=1, STRIDE_W=1, num_stages=2, num_warps=4
  triton_convolution2d_bwd_input_63 0.0239 ms 64.9% ALLOW_TF32=False, BLOCK_K=16, BLOCK_M=64, BLOCK_N=128, DILATION_H=1, DILATION_W=1, GROUPS=128, KERNEL_H=1, KERNEL_W=1, PADDING_H=0, PADDING_W=0, STRIDE_H=1, STRIDE_W=1, num_stages=4, num_warps=4
  triton_convolution2d_bwd_input_60 0.0242 ms 64.0% ALLOW_TF32=False, BLOCK_K=16, BLOCK_M=64, BLOCK_N=128, DILATION_H=1, DILATION_W=1, GROUPS=128, KERNEL_H=1, KERNEL_W=1, PADDING_H=0, PADDING_W=0, STRIDE_H=1, STRIDE_W=1, num_stages=2, num_warps=8
  triton_convolution2d_bwd_input_58 0.0264 ms 58.6% ALLOW_TF32=False, BLOCK_K=16, BLOCK_M=128, BLOCK_N=128, DILATION_H=1, DILATION_W=1, GROUPS=128, KERNEL_H=1, KERNEL_W=1, PADDING_H=0, PADDING_W=0, STRIDE_H=1, STRIDE_W=1, num_stages=2, num_warps=8
  triton_convolution2d_bwd_input_62 0.0265 ms 58.5% ALLOW_TF32=False, BLOCK_K=16, BLOCK_M=128, BLOCK_N=128, DILATION_H=1, DILATION_W=1, GROUPS=128, KERNEL_H=1, KERNEL_W=1, PADDING_H=0, PADDING_W=0, STRIDE_H=1, STRIDE_W=1, num_stages=3, num_warps=8
SingleProcess AUTOTUNE benchmarking takes 0.3059 seconds and 0.0005 seconds precompiling for 11 choices
.Autotune Choices Stats:
{"num_choices": 11, "num_triton_choices": 11, "best_kernel": "triton_convolution2d_bwd_weight_70", "best_kernel_desc": "ALLOW_TF32=False, BLOCK_K=16, BLOCK_M=64, BLOCK_N=64, DILATION_H=1, DILATION_W=1, GROUPS=128, KERNEL_H=1, KERNEL_W=1, PADDING_H=0, PADDING_W=0, STRIDE_H=1, STRIDE_W=1, num_stages=2, num_warps=4", "best_time": 0.13097600638866425, "best_triton_pos": 0}
AUTOTUNE convolution_bwd_weight(2x128x16x16, 2x128x16x16)
strides: [s32**2*s37, s32**2, s32, 1], [s32**2*s37, s32**2, s32, 1]
dtypes: torch.float32, torch.float32
  triton_convolution2d_bwd_weight_70 0.1310 ms 100.0% ALLOW_TF32=False, BLOCK_K=16, BLOCK_M=64, BLOCK_N=64, DILATION_H=1, DILATION_W=1, GROUPS=128, KERNEL_H=1, KERNEL_W=1, PADDING_H=0, PADDING_W=0, STRIDE_H=1, STRIDE_W=1, num_stages=2, num_warps=4
  triton_convolution2d_bwd_weight_71 0.2182 ms 60.0% ALLOW_TF32=False, BLOCK_K=16, BLOCK_M=64, BLOCK_N=128, DILATION_H=1, DILATION_W=1, GROUPS=128, KERNEL_H=1, KERNEL_W=1, PADDING_H=0, PADDING_W=0, STRIDE_H=1, STRIDE_W=1, num_stages=2, num_warps=8
  triton_convolution2d_bwd_weight_74 0.2396 ms 54.7% ALLOW_TF32=False, BLOCK_K=16, BLOCK_M=64, BLOCK_N=128, DILATION_H=1, DILATION_W=1, GROUPS=128, KERNEL_H=1, KERNEL_W=1, PADDING_H=0, PADDING_W=0, STRIDE_H=1, STRIDE_W=1, num_stages=4, num_warps=4
  triton_convolution2d_bwd_weight_75 0.2689 ms 48.7% ALLOW_TF32=False, BLOCK_K=16, BLOCK_M=128, BLOCK_N=64, DILATION_H=1, DILATION_W=1, GROUPS=128, KERNEL_H=1, KERNEL_W=1, PADDING_H=0, PADDING_W=0, STRIDE_H=1, STRIDE_W=1, num_stages=4, num_warps=4
  triton_convolution2d_bwd_weight_73 0.2796 ms 46.8% ALLOW_TF32=False, BLOCK_K=16, BLOCK_M=128, BLOCK_N=128, DILATION_H=1, DILATION_W=1, GROUPS=128, KERNEL_H=1, KERNEL_W=1, PADDING_H=0, PADDING_W=0, STRIDE_H=1, STRIDE_W=1, num_stages=3, num_warps=8
  triton_convolution2d_bwd_weight_66 0.2901 ms 45.1% ALLOW_TF32=False, BLOCK_K=16, BLOCK_M=64, BLOCK_N=128, DILATION_H=1, DILATION_W=1, GROUPS=128, KERNEL_H=1, KERNEL_W=1, PADDING_H=0, PADDING_W=0, STRIDE_H=1, STRIDE_W=1, num_stages=2, num_warps=4
  triton_convolution2d_bwd_weight_69 0.3578 ms 36.6% ALLOW_TF32=False, BLOCK_K=16, BLOCK_M=128, BLOCK_N=128, DILATION_H=1, DILATION_W=1, GROUPS=128, KERNEL_H=1, KERNEL_W=1, PADDING_H=0, PADDING_W=0, STRIDE_H=1, STRIDE_W=1, num_stages=2, num_warps=8
  triton_convolution2d_bwd_weight_67 0.4145 ms 31.6% ALLOW_TF32=False, BLOCK_K=16, BLOCK_M=256, BLOCK_N=64, DILATION_H=1, DILATION_W=1, GROUPS=128, KERNEL_H=1, KERNEL_W=1, PADDING_H=0, PADDING_W=0, STRIDE_H=1, STRIDE_W=1, num_stages=2, num_warps=4
  triton_convolution2d_bwd_weight_68 0.4369 ms 30.0% ALLOW_TF32=False, BLOCK_K=16, BLOCK_M=512, BLOCK_N=16, DILATION_H=1, DILATION_W=1, GROUPS=128, KERNEL_H=1, KERNEL_W=1, PADDING_H=0, PADDING_W=0, STRIDE_H=1, STRIDE_W=1, num_stages=1, num_warps=8
  triton_convolution2d_bwd_weight_72 0.4716 ms 27.8% ALLOW_TF32=False, BLOCK_K=16, BLOCK_M=256, BLOCK_N=64, DILATION_H=1, DILATION_W=1, GROUPS=128, KERNEL_H=1, KERNEL_W=1, PADDING_H=0, PADDING_W=0, STRIDE_H=1, STRIDE_W=1, num_stages=2, num_warps=8
SingleProcess AUTOTUNE benchmarking takes 0.5920 seconds and 12.7245 seconds precompiling for 11 choices
Autotune Choices Stats:
{"num_choices": 11, "num_triton_choices": 11, "best_kernel": "triton_convolution2d_bwd_input_79", "best_kernel_desc": "ALLOW_TF32=False, BLOCK_K=16, BLOCK_M=512, BLOCK_N=16, DILATION_H=1, DILATION_W=1, GROUPS=128, KERNEL_H=1, KERNEL_W=1, PADDING_H=0, PADDING_W=0, STRIDE_H=1, STRIDE_W=1, num_stages=1, num_warps=8", "best_time": 0.01462399959564209, "best_triton_pos": 0}
AUTOTUNE convolution_bwd_input(2x128x16x16, 128x1x1x1)
strides: [s32**2*s37, s32**2, s32, 1], [1, 1, 1, 1]
dtypes: torch.float32, torch.float32
  triton_convolution2d_bwd_input_79 0.0146 ms 100.0% ALLOW_TF32=False, BLOCK_K=16, BLOCK_M=512, BLOCK_N=16, DILATION_H=1, DILATION_W=1, GROUPS=128, KERNEL_H=1, KERNEL_W=1, PADDING_H=0, PADDING_W=0, STRIDE_H=1, STRIDE_W=1, num_stages=1, num_warps=8
  triton_convolution2d_bwd_input_81 0.0155 ms 94.2% ALLOW_TF32=False, BLOCK_K=16, BLOCK_M=64, BLOCK_N=64, DILATION_H=1, DILATION_W=1, GROUPS=128, KERNEL_H=1, KERNEL_W=1, PADDING_H=0, PADDING_W=0, STRIDE_H=1, STRIDE_W=1, num_stages=2, num_warps=4
  triton_convolution2d_bwd_input_86 0.0159 ms 92.0% ALLOW_TF32=False, BLOCK_K=16, BLOCK_M=128, BLOCK_N=64, DILATION_H=1, DILATION_W=1, GROUPS=128, KERNEL_H=1, KERNEL_W=1, PADDING_H=0, PADDING_W=0, STRIDE_H=1, STRIDE_W=1, num_stages=4, num_warps=4
  triton_convolution2d_bwd_input_78 0.0183 ms 79.9% ALLOW_TF32=False, BLOCK_K=16, BLOCK_M=256, BLOCK_N=64, DILATION_H=1, DILATION_W=1, GROUPS=128, KERNEL_H=1, KERNEL_W=1, PADDING_H=0, PADDING_W=0, STRIDE_H=1, STRIDE_W=1, num_stages=2, num_warps=4
  triton_convolution2d_bwd_input_83 0.0199 ms 73.6% ALLOW_TF32=False, BLOCK_K=16, BLOCK_M=256, BLOCK_N=64, DILATION_H=1, DILATION_W=1, GROUPS=128, KERNEL_H=1, KERNEL_W=1, PADDING_H=0, PADDING_W=0, STRIDE_H=1, STRIDE_W=1, num_stages=2, num_warps=8
  triton_convolution2d_bwd_input_77 0.0239 ms 61.1% ALLOW_TF32=False, BLOCK_K=16, BLOCK_M=64, BLOCK_N=128, DILATION_H=1, DILATION_W=1, GROUPS=128, KERNEL_H=1, KERNEL_W=1, PADDING_H=0, PADDING_W=0, STRIDE_H=1, STRIDE_W=1, num_stages=2, num_warps=4
  triton_convolution2d_bwd_input_82 0.0242 ms 60.4% ALLOW_TF32=False, BLOCK_K=16, BLOCK_M=64, BLOCK_N=128, DILATION_H=1, DILATION_W=1, GROUPS=128, KERNEL_H=1, KERNEL_W=1, PADDING_H=0, PADDING_W=0, STRIDE_H=1, STRIDE_W=1, num_stages=2, num_warps=8
  triton_convolution2d_bwd_input_85 0.0254 ms 57.6% ALLOW_TF32=False, BLOCK_K=16, BLOCK_M=64, BLOCK_N=128, DILATION_H=1, DILATION_W=1, GROUPS=128, KERNEL_H=1, KERNEL_W=1, PADDING_H=0, PADDING_W=0, STRIDE_H=1, STRIDE_W=1, num_stages=4, num_warps=4
  triton_convolution2d_bwd_input_80 0.0262 ms 55.7% ALLOW_TF32=False, BLOCK_K=16, BLOCK_M=128, BLOCK_N=128, DILATION_H=1, DILATION_W=1, GROUPS=128, KERNEL_H=1, KERNEL_W=1, PADDING_H=0, PADDING_W=0, STRIDE_H=1, STRIDE_W=1, num_stages=2, num_warps=8
  triton_convolution2d_bwd_input_84 0.0268 ms 54.6% ALLOW_TF32=False, BLOCK_K=16, BLOCK_M=128, BLOCK_N=128, DILATION_H=1, DILATION_W=1, GROUPS=128, KERNEL_H=1, KERNEL_W=1, PADDING_H=0, PADDING_W=0, STRIDE_H=1, STRIDE_W=1, num_stages=3, num_warps=8
SingleProcess AUTOTUNE benchmarking takes 0.3058 seconds and 0.0006 seconds precompiling for 11 choices
.ssssAutotune Choices Stats:
{"num_choices": 11, "num_triton_choices": 11, "best_kernel": "triton_convolution2d_bwd_weight_92", "best_kernel_desc": "ALLOW_TF32=False, BLOCK_K=16, BLOCK_M=64, BLOCK_N=64, DILATION_H=1, DILATION_W=1, GROUPS=4, KERNEL_H=3, KERNEL_W=3, PADDING_H=0, PADDING_W=0, STRIDE_H=1, STRIDE_W=1, num_stages=2, num_warps=4", "best_time": 0.08959999680519104, "best_triton_pos": 0}
AUTOTUNE convolution_bwd_weight(2x4x16x16, 2x128x14x14)
strides: [s13**2*s37, s13**2, s13, 1], [s32**2*s38, s32**2, s32, 1]
dtypes: torch.float32, torch.float32
  triton_convolution2d_bwd_weight_92 0.0896 ms 100.0% ALLOW_TF32=False, BLOCK_K=16, BLOCK_M=64, BLOCK_N=64, DILATION_H=1, DILATION_W=1, GROUPS=4, KERNEL_H=3, KERNEL_W=3, PADDING_H=0, PADDING_W=0, STRIDE_H=1, STRIDE_W=1, num_stages=2, num_warps=4
  triton_convolution2d_bwd_weight_95 0.1309 ms 68.4% ALLOW_TF32=False, BLOCK_K=16, BLOCK_M=128, BLOCK_N=128, DILATION_H=1, DILATION_W=1, GROUPS=4, KERNEL_H=3, KERNEL_W=3, PADDING_H=0, PADDING_W=0, STRIDE_H=1, STRIDE_W=1, num_stages=3, num_warps=8
  triton_convolution2d_bwd_weight_93 0.1383 ms 64.8% ALLOW_TF32=False, BLOCK_K=16, BLOCK_M=64, BLOCK_N=128, DILATION_H=1, DILATION_W=1, GROUPS=4, KERNEL_H=3, KERNEL_W=3, PADDING_H=0, PADDING_W=0, STRIDE_H=1, STRIDE_W=1, num_stages=2, num_warps=8
  triton_convolution2d_bwd_weight_97 0.1456 ms 61.6% ALLOW_TF32=False, BLOCK_K=16, BLOCK_M=128, BLOCK_N=64, DILATION_H=1, DILATION_W=1, GROUPS=4, KERNEL_H=3, KERNEL_W=3, PADDING_H=0, PADDING_W=0, STRIDE_H=1, STRIDE_W=1, num_stages=4, num_warps=4
  triton_convolution2d_bwd_weight_96 0.1501 ms 59.7% ALLOW_TF32=False, BLOCK_K=16, BLOCK_M=64, BLOCK_N=128, DILATION_H=1, DILATION_W=1, GROUPS=4, KERNEL_H=3, KERNEL_W=3, PADDING_H=0, PADDING_W=0, STRIDE_H=1, STRIDE_W=1, num_stages=4, num_warps=4
  triton_convolution2d_bwd_weight_91 0.1728 ms 51.8% ALLOW_TF32=False, BLOCK_K=16, BLOCK_M=128, BLOCK_N=128, DILATION_H=1, DILATION_W=1, GROUPS=4, KERNEL_H=3, KERNEL_W=3, PADDING_H=0, PADDING_W=0, STRIDE_H=1, STRIDE_W=1, num_stages=2, num_warps=8
  triton_convolution2d_bwd_weight_88 0.1844 ms 48.6% ALLOW_TF32=False, BLOCK_K=16, BLOCK_M=64, BLOCK_N=128, DILATION_H=1, DILATION_W=1, GROUPS=4, KERNEL_H=3, KERNEL_W=3, PADDING_H=0, PADDING_W=0, STRIDE_H=1, STRIDE_W=1, num_stages=2, num_warps=4
  triton_convolution2d_bwd_weight_90 0.1907 ms 47.0% ALLOW_TF32=False, BLOCK_K=16, BLOCK_M=512, BLOCK_N=16, DILATION_H=1, DILATION_W=1, GROUPS=4, KERNEL_H=3, KERNEL_W=3, PADDING_H=0, PADDING_W=0, STRIDE_H=1, STRIDE_W=1, num_stages=1, num_warps=8
  triton_convolution2d_bwd_weight_94 0.2345 ms 38.2% ALLOW_TF32=False, BLOCK_K=16, BLOCK_M=256, BLOCK_N=64, DILATION_H=1, DILATION_W=1, GROUPS=4, KERNEL_H=3, KERNEL_W=3, PADDING_H=0, PADDING_W=0, STRIDE_H=1, STRIDE_W=1, num_stages=2, num_warps=8
  triton_convolution2d_bwd_weight_89 0.2765 ms 32.4% ALLOW_TF32=False, BLOCK_K=16, BLOCK_M=256, BLOCK_N=64, DILATION_H=1, DILATION_W=1, GROUPS=4, KERNEL_H=3, KERNEL_W=3, PADDING_H=0, PADDING_W=0, STRIDE_H=1, STRIDE_W=1, num_stages=2, num_warps=4
SingleProcess AUTOTUNE benchmarking takes 0.4888 seconds and 15.2363 seconds precompiling for 11 choices
Autotune Choices Stats:
{"num_choices": 11, "num_triton_choices": 11, "best_kernel": "triton_convolution2d_bwd_input_103", "best_kernel_desc": "ALLOW_TF32=False, BLOCK_K=16, BLOCK_M=64, BLOCK_N=64, DILATION_H=1, DILATION_W=1, GROUPS=4, KERNEL_H=3, KERNEL_W=3, PADDING_H=0, PADDING_W=0, STRIDE_H=1, STRIDE_W=1, num_stages=2, num_warps=4", "best_time": 0.04428799822926521, "best_triton_pos": 0}
AUTOTUNE convolution_bwd_input(2x128x14x14, 128x1x3x3)
strides: [s32**2*s38, s32**2, s32, 1], [s18**2, s18**2, s18, 1]
dtypes: torch.float32, torch.float32
  triton_convolution2d_bwd_input_103 0.0443 ms 100.0% ALLOW_TF32=False, BLOCK_K=16, BLOCK_M=64, BLOCK_N=64, DILATION_H=1, DILATION_W=1, GROUPS=4, KERNEL_H=3, KERNEL_W=3, PADDING_H=0, PADDING_W=0, STRIDE_H=1, STRIDE_W=1, num_stages=2, num_warps=4
  triton_convolution2d_bwd_input_107 0.0510 ms 86.9% ALLOW_TF32=False, BLOCK_K=16, BLOCK_M=64, BLOCK_N=128, DILATION_H=1, DILATION_W=1, GROUPS=4, KERNEL_H=3, KERNEL_W=3, PADDING_H=0, PADDING_W=0, STRIDE_H=1, STRIDE_W=1, num_stages=4, num_warps=4
  triton_convolution2d_bwd_input_99 0.0527 ms 84.0% ALLOW_TF32=False, BLOCK_K=16, BLOCK_M=64, BLOCK_N=128, DILATION_H=1, DILATION_W=1, GROUPS=4, KERNEL_H=3, KERNEL_W=3, PADDING_H=0, PADDING_W=0, STRIDE_H=1, STRIDE_W=1, num_stages=2, num_warps=4
  triton_convolution2d_bwd_input_108 0.0617 ms 71.8% ALLOW_TF32=False, BLOCK_K=16, BLOCK_M=128, BLOCK_N=64, DILATION_H=1, DILATION_W=1, GROUPS=4, KERNEL_H=3, KERNEL_W=3, PADDING_H=0, PADDING_W=0, STRIDE_H=1, STRIDE_W=1, num_stages=4, num_warps=4
  triton_convolution2d_bwd_input_104 0.0643 ms 68.9% ALLOW_TF32=False, BLOCK_K=16, BLOCK_M=64, BLOCK_N=128, DILATION_H=1, DILATION_W=1, GROUPS=4, KERNEL_H=3, KERNEL_W=3, PADDING_H=0, PADDING_W=0, STRIDE_H=1, STRIDE_W=1, num_stages=2, num_warps=8
  triton_convolution2d_bwd_input_101 0.0978 ms 45.3% ALLOW_TF32=False, BLOCK_K=16, BLOCK_M=512, BLOCK_N=16, DILATION_H=1, DILATION_W=1, GROUPS=4, KERNEL_H=3, KERNEL_W=3, PADDING_H=0, PADDING_W=0, STRIDE_H=1, STRIDE_W=1, num_stages=1, num_warps=8
  triton_convolution2d_bwd_input_102 0.1085 ms 40.8% ALLOW_TF32=False, BLOCK_K=16, BLOCK_M=128, BLOCK_N=128, DILATION_H=1, DILATION_W=1, GROUPS=4, KERNEL_H=3, KERNEL_W=3, PADDING_H=0, PADDING_W=0, STRIDE_H=1, STRIDE_W=1, num_stages=2, num_warps=8
  triton_convolution2d_bwd_input_106 0.1141 ms 38.8% ALLOW_TF32=False, BLOCK_K=16, BLOCK_M=128, BLOCK_N=128, DILATION_H=1, DILATION_W=1, GROUPS=4, KERNEL_H=3, KERNEL_W=3, PADDING_H=0, PADDING_W=0, STRIDE_H=1, STRIDE_W=1, num_stages=3, num_warps=8
  triton_convolution2d_bwd_input_105 0.1232 ms 35.9% ALLOW_TF32=False, BLOCK_K=16, BLOCK_M=256, BLOCK_N=64, DILATION_H=1, DILATION_W=1, GROUPS=4, KERNEL_H=3, KERNEL_W=3, PADDING_H=0, PADDING_W=0, STRIDE_H=1, STRIDE_W=1, num_stages=2, num_warps=8
  triton_convolution2d_bwd_input_100 0.1344 ms 33.0% ALLOW_TF32=False, BLOCK_K=16, BLOCK_M=256, BLOCK_N=64, DILATION_H=1, DILATION_W=1, GROUPS=4, KERNEL_H=3, KERNEL_W=3, PADDING_H=0, PADDING_W=0, STRIDE_H=1, STRIDE_W=1, num_stages=2, num_warps=4
SingleProcess AUTOTUNE benchmarking takes 0.3724 seconds and 0.0006 seconds precompiling for 11 choices
.Autotune Choices Stats:
{"num_choices": 11, "num_triton_choices": 11, "best_kernel": "triton_convolution2d_bwd_weight_114", "best_kernel_desc": "ALLOW_TF32=False, BLOCK_K=16, BLOCK_M=64, BLOCK_N=64, DILATION_H=1, DILATION_W=1, GROUPS=4, KERNEL_H=3, KERNEL_W=3, PADDING_H=0, PADDING_W=0, STRIDE_H=1, STRIDE_W=1, num_stages=2, num_warps=4", "best_time": 0.07103999704122543, "best_triton_pos": 0}
AUTOTUNE convolution_bwd_weight(2x4x16x16, 2x128x14x14)
strides: [s13**2*s37, s13, s13*s37, 1], [s32**2*s38, s32, s32*s38, 1]
dtypes: torch.float32, torch.float32
  triton_convolution2d_bwd_weight_114 0.0710 ms 100.0% ALLOW_TF32=False, BLOCK_K=16, BLOCK_M=64, BLOCK_N=64, DILATION_H=1, DILATION_W=1, GROUPS=4, KERNEL_H=3, KERNEL_W=3, PADDING_H=0, PADDING_W=0, STRIDE_H=1, STRIDE_W=1, num_stages=2, num_warps=4
  triton_convolution2d_bwd_weight_115 0.1061 ms 66.9% ALLOW_TF32=False, BLOCK_K=16, BLOCK_M=64, BLOCK_N=128, DILATION_H=1, DILATION_W=1, GROUPS=4, KERNEL_H=3, KERNEL_W=3, PADDING_H=0, PADDING_W=0, STRIDE_H=1, STRIDE_W=1, num_stages=2, num_warps=8
  triton_convolution2d_bwd_weight_117 0.1295 ms 54.8% ALLOW_TF32=False, BLOCK_K=16, BLOCK_M=128, BLOCK_N=128, DILATION_H=1, DILATION_W=1, GROUPS=4, KERNEL_H=3, KERNEL_W=3, PADDING_H=0, PADDING_W=0, STRIDE_H=1, STRIDE_W=1, num_stages=3, num_warps=8
  triton_convolution2d_bwd_weight_113 0.1380 ms 51.5% ALLOW_TF32=False, BLOCK_K=16, BLOCK_M=128, BLOCK_N=128, DILATION_H=1, DILATION_W=1, GROUPS=4, KERNEL_H=3, KERNEL_W=3, PADDING_H=0, PADDING_W=0, STRIDE_H=1, STRIDE_W=1, num_stages=2, num_warps=8
  triton_convolution2d_bwd_weight_118 0.1491 ms 47.7% ALLOW_TF32=False, BLOCK_K=16, BLOCK_M=64, BLOCK_N=128, DILATION_H=1, DILATION_W=1, GROUPS=4, KERNEL_H=3, KERNEL_W=3, PADDING_H=0, PADDING_W=0, STRIDE_H=1, STRIDE_W=1, num_stages=4, num_warps=4
  triton_convolution2d_bwd_weight_119 0.1512 ms 47.0% ALLOW_TF32=False, BLOCK_K=16, BLOCK_M=128, BLOCK_N=64, DILATION_H=1, DILATION_W=1, GROUPS=4, KERNEL_H=3, KERNEL_W=3, PADDING_H=0, PADDING_W=0, STRIDE_H=1, STRIDE_W=1, num_stages=4, num_warps=4
  triton_convolution2d_bwd_weight_110 0.1751 ms 40.6% ALLOW_TF32=False, BLOCK_K=16, BLOCK_M=64, BLOCK_N=128, DILATION_H=1, DILATION_W=1, GROUPS=4, KERNEL_H=3, KERNEL_W=3, PADDING_H=0, PADDING_W=0, STRIDE_H=1, STRIDE_W=1, num_stages=2, num_warps=4
  triton_convolution2d_bwd_weight_112 0.1892 ms 37.5% ALLOW_TF32=False, BLOCK_K=16, BLOCK_M=512, BLOCK_N=16, DILATION_H=1, DILATION_W=1, GROUPS=4, KERNEL_H=3, KERNEL_W=3, PADDING_H=0, PADDING_W=0, STRIDE_H=1, STRIDE_W=1, num_stages=1, num_warps=8
  triton_convolution2d_bwd_weight_116 0.1940 ms 36.6% ALLOW_TF32=False, BLOCK_K=16, BLOCK_M=256, BLOCK_N=64, DILATION_H=1, DILATION_W=1, GROUPS=4, KERNEL_H=3, KERNEL_W=3, PADDING_H=0, PADDING_W=0, STRIDE_H=1, STRIDE_W=1, num_stages=2, num_warps=8
  triton_convolution2d_bwd_weight_120 0.2884 ms 24.6% ALLOW_TF32=False, BLOCK_K=16, BLOCK_M=256, BLOCK_N=128, DILATION_H=1, DILATION_W=1, GROUPS=4, KERNEL_H=3, KERNEL_W=3, PADDING_H=0, PADDING_W=0, STRIDE_H=1, STRIDE_W=1, num_stages=2, num_warps=8
SingleProcess AUTOTUNE benchmarking takes 0.4734 seconds and 15.2173 seconds precompiling for 11 choices
Autotune Choices Stats:
{"num_choices": 11, "num_triton_choices": 11, "best_kernel": "triton_convolution2d_bwd_input_125", "best_kernel_desc": "ALLOW_TF32=False, BLOCK_K=16, BLOCK_M=64, BLOCK_N=64, DILATION_H=1, DILATION_W=1, GROUPS=4, KERNEL_H=3, KERNEL_W=3, PADDING_H=0, PADDING_W=0, STRIDE_H=1, STRIDE_W=1, num_stages=2, num_warps=4", "best_time": 0.04956800118088722, "best_triton_pos": 0}
AUTOTUNE convolution_bwd_input(2x128x14x14, 128x1x3x3)
strides: [s32**2*s38, 1, s32*s38, s38], [s18**2, 1, s18, 1]
dtypes: torch.float32, torch.float32
  triton_convolution2d_bwd_input_125 0.0496 ms 100.0% ALLOW_TF32=False, BLOCK_K=16, BLOCK_M=64, BLOCK_N=64, DILATION_H=1, DILATION_W=1, GROUPS=4, KERNEL_H=3, KERNEL_W=3, PADDING_H=0, PADDING_W=0, STRIDE_H=1, STRIDE_W=1, num_stages=2, num_warps=4
  triton_convolution2d_bwd_input_121 0.0600 ms 82.6% ALLOW_TF32=False, BLOCK_K=16, BLOCK_M=64, BLOCK_N=128, DILATION_H=1, DILATION_W=1, GROUPS=4, KERNEL_H=3, KERNEL_W=3, PADDING_H=0, PADDING_W=0, STRIDE_H=1, STRIDE_W=1, num_stages=2, num_warps=4
  triton_convolution2d_bwd_input_129 0.0648 ms 76.5% ALLOW_TF32=False, BLOCK_K=16, BLOCK_M=64, BLOCK_N=128, DILATION_H=1, DILATION_W=1, GROUPS=4, KERNEL_H=3, KERNEL_W=3, PADDING_H=0, PADDING_W=0, STRIDE_H=1, STRIDE_W=1, num_stages=4, num_warps=4
  triton_convolution2d_bwd_input_126 0.0689 ms 71.9% ALLOW_TF32=False, BLOCK_K=16, BLOCK_M=64, BLOCK_N=128, DILATION_H=1, DILATION_W=1, GROUPS=4, KERNEL_H=3, KERNEL_W=3, PADDING_H=0, PADDING_W=0, STRIDE_H=1, STRIDE_W=1, num_stages=2, num_warps=8
  triton_convolution2d_bwd_input_130 0.0699 ms 71.0% ALLOW_TF32=False, BLOCK_K=16, BLOCK_M=128, BLOCK_N=64, DILATION_H=1, DILATION_W=1, GROUPS=4, KERNEL_H=3, KERNEL_W=3, PADDING_H=0, PADDING_W=0, STRIDE_H=1, STRIDE_W=1, num_stages=4, num_warps=4
  triton_convolution2d_bwd_input_127 0.1051 ms 47.2% ALLOW_TF32=False, BLOCK_K=16, BLOCK_M=256, BLOCK_N=64, DILATION_H=1, DILATION_W=1, GROUPS=4, KERNEL_H=3, KERNEL_W=3, PADDING_H=0, PADDING_W=0, STRIDE_H=1, STRIDE_W=1, num_stages=2, num_warps=8
  triton_convolution2d_bwd_input_123 0.1077 ms 46.0% ALLOW_TF32=False, BLOCK_K=16, BLOCK_M=512, BLOCK_N=16, DILATION_H=1, DILATION_W=1, GROUPS=4, KERNEL_H=3, KERNEL_W=3, PADDING_H=0, PADDING_W=0, STRIDE_H=1, STRIDE_W=1, num_stages=1, num_warps=8
  triton_convolution2d_bwd_input_124 0.1081 ms 45.8% ALLOW_TF32=False, BLOCK_K=16, BLOCK_M=128, BLOCK_N=128, DILATION_H=1, DILATION_W=1, GROUPS=4, KERNEL_H=3, KERNEL_W=3, PADDING_H=0, PADDING_W=0, STRIDE_H=1, STRIDE_W=1, num_stages=2, num_warps=8
  triton_convolution2d_bwd_input_128 0.1115 ms 44.5% ALLOW_TF32=False, BLOCK_K=16, BLOCK_M=128, BLOCK_N=128, DILATION_H=1, DILATION_W=1, GROUPS=4, KERNEL_H=3, KERNEL_W=3, PADDING_H=0, PADDING_W=0, STRIDE_H=1, STRIDE_W=1, num_stages=3, num_warps=8
  triton_convolution2d_bwd_input_122 0.1319 ms 37.6% ALLOW_TF32=False, BLOCK_K=16, BLOCK_M=256, BLOCK_N=64, DILATION_H=1, DILATION_W=1, GROUPS=4, KERNEL_H=3, KERNEL_W=3, PADDING_H=0, PADDING_W=0, STRIDE_H=1, STRIDE_W=1, num_stages=2, num_warps=4
SingleProcess AUTOTUNE benchmarking takes 0.3747 seconds and 0.0005 seconds precompiling for 11 choices
.ssssAutotune Choices Stats:
{"num_choices": 11, "num_triton_choices": 11, "best_kernel": "triton_convolution2d_bwd_weight_136", "best_kernel_desc": "ALLOW_TF32=False, BLOCK_K=16, BLOCK_M=64, BLOCK_N=64, DILATION_H=1, DILATION_W=1, GROUPS=128, KERNEL_H=3, KERNEL_W=3, PADDING_H=0, PADDING_W=0, STRIDE_H=1, STRIDE_W=1, num_stages=2, num_warps=4", "best_time": 0.09417600184679031, "best_triton_pos": 0}
AUTOTUNE convolution_bwd_weight(2x128x16x16, 2x128x14x14)
strides: [s13**2*s37, s13**2, s13, 1], [s32**2*s37, s32**2, s32, 1]
dtypes: torch.float32, torch.float32
  triton_convolution2d_bwd_weight_136 0.0942 ms 100.0% ALLOW_TF32=False, BLOCK_K=16, BLOCK_M=64, BLOCK_N=64, DILATION_H=1, DILATION_W=1, GROUPS=128, KERNEL_H=3, KERNEL_W=3, PADDING_H=0, PADDING_W=0, STRIDE_H=1, STRIDE_W=1, num_stages=2, num_warps=4
  triton_convolution2d_bwd_weight_137 0.1801 ms 52.3% ALLOW_TF32=False, BLOCK_K=16, BLOCK_M=64, BLOCK_N=128, DILATION_H=1, DILATION_W=1, GROUPS=128, KERNEL_H=3, KERNEL_W=3, PADDING_H=0, PADDING_W=0, STRIDE_H=1, STRIDE_W=1, num_stages=2, num_warps=8
  triton_convolution2d_bwd_weight_140 0.2001 ms 47.1% ALLOW_TF32=False, BLOCK_K=16, BLOCK_M=64, BLOCK_N=128, DILATION_H=1, DILATION_W=1, GROUPS=128, KERNEL_H=3, KERNEL_W=3, PADDING_H=0, PADDING_W=0, STRIDE_H=1, STRIDE_W=1, num_stages=4, num_warps=4
  triton_convolution2d_bwd_weight_141 0.2099 ms 44.9% ALLOW_TF32=False, BLOCK_K=16, BLOCK_M=128, BLOCK_N=64, DILATION_H=1, DILATION_W=1, GROUPS=128, KERNEL_H=3, KERNEL_W=3, PADDING_H=0, PADDING_W=0, STRIDE_H=1, STRIDE_W=1, num_stages=4, num_warps=4
  triton_convolution2d_bwd_weight_132 0.2349 ms 40.1% ALLOW_TF32=False, BLOCK_K=16, BLOCK_M=64, BLOCK_N=128, DILATION_H=1, DILATION_W=1, GROUPS=128, KERNEL_H=3, KERNEL_W=3, PADDING_H=0, PADDING_W=0, STRIDE_H=1, STRIDE_W=1, num_stages=2, num_warps=4
  triton_convolution2d_bwd_weight_139 0.2551 ms 36.9% ALLOW_TF32=False, BLOCK_K=16, BLOCK_M=128, BLOCK_N=128, DILATION_H=1, DILATION_W=1, GROUPS=128, KERNEL_H=3, KERNEL_W=3, PADDING_H=0, PADDING_W=0, STRIDE_H=1, STRIDE_W=1, num_stages=3, num_warps=8
  triton_convolution2d_bwd_weight_135 0.3237 ms 29.1% ALLOW_TF32=False, BLOCK_K=16, BLOCK_M=128, BLOCK_N=128, DILATION_H=1, DILATION_W=1, GROUPS=128, KERNEL_H=3, KERNEL_W=3, PADDING_H=0, PADDING_W=0, STRIDE_H=1, STRIDE_W=1, num_stages=2, num_warps=8
  triton_convolution2d_bwd_weight_138 0.3364 ms 28.0% ALLOW_TF32=False, BLOCK_K=16, BLOCK_M=256, BLOCK_N=64, DILATION_H=1, DILATION_W=1, GROUPS=128, KERNEL_H=3, KERNEL_W=3, PADDING_H=0, PADDING_W=0, STRIDE_H=1, STRIDE_W=1, num_stages=2, num_warps=8
  triton_convolution2d_bwd_weight_133 0.4009 ms 23.5% ALLOW_TF32=False, BLOCK_K=16, BLOCK_M=256, BLOCK_N=64, DILATION_H=1, DILATION_W=1, GROUPS=128, KERNEL_H=3, KERNEL_W=3, PADDING_H=0, PADDING_W=0, STRIDE_H=1, STRIDE_W=1, num_stages=2, num_warps=4
  triton_convolution2d_bwd_weight_134 0.4420 ms 21.3% ALLOW_TF32=False, BLOCK_K=16, BLOCK_M=512, BLOCK_N=16, DILATION_H=1, DILATION_W=1, GROUPS=128, KERNEL_H=3, KERNEL_W=3, PADDING_H=0, PADDING_W=0, STRIDE_H=1, STRIDE_W=1, num_stages=1, num_warps=8
SingleProcess AUTOTUNE benchmarking takes 0.5591 seconds and 15.4304 seconds precompiling for 11 choices
Autotune Choices Stats:
{"num_choices": 11, "num_triton_choices": 11, "best_kernel": "triton_convolution2d_bwd_input_147", "best_kernel_desc": "ALLOW_TF32=False, BLOCK_K=16, BLOCK_M=64, BLOCK_N=64, DILATION_H=1, DILATION_W=1, GROUPS=128, KERNEL_H=3, KERNEL_W=3, PADDING_H=0, PADDING_W=0, STRIDE_H=1, STRIDE_W=1, num_stages=2, num_warps=4", "best_time": 0.01603199914097786, "best_triton_pos": 0}
AUTOTUNE convolution_bwd_input(2x128x14x14, 128x1x3x3)
strides: [s32**2*s37, s32**2, s32, 1], [s18**2, s18**2, s18, 1]
dtypes: torch.float32, torch.float32
  triton_convolution2d_bwd_input_147 0.0160 ms 100.0% ALLOW_TF32=False, BLOCK_K=16, BLOCK_M=64, BLOCK_N=64, DILATION_H=1, DILATION_W=1, GROUPS=128, KERNEL_H=3, KERNEL_W=3, PADDING_H=0, PADDING_W=0, STRIDE_H=1, STRIDE_W=1, num_stages=2, num_warps=4
  triton_convolution2d_bwd_input_152 0.0177 ms 90.6% ALLOW_TF32=False, BLOCK_K=16, BLOCK_M=128, BLOCK_N=64, DILATION_H=1, DILATION_W=1, GROUPS=128, KERNEL_H=3, KERNEL_W=3, PADDING_H=0, PADDING_W=0, STRIDE_H=1, STRIDE_W=1, num_stages=4, num_warps=4
  triton_convolution2d_bwd_input_145 0.0180 ms 88.8% ALLOW_TF32=False, BLOCK_K=16, BLOCK_M=512, BLOCK_N=16, DILATION_H=1, DILATION_W=1, GROUPS=128, KERNEL_H=3, KERNEL_W=3, PADDING_H=0, PADDING_W=0, STRIDE_H=1, STRIDE_W=1, num_stages=1, num_warps=8
  triton_convolution2d_bwd_input_144 0.0198 ms 80.9% ALLOW_TF32=False, BLOCK_K=16, BLOCK_M=256, BLOCK_N=64, DILATION_H=1, DILATION_W=1, GROUPS=128, KERNEL_H=3, KERNEL_W=3, PADDING_H=0, PADDING_W=0, STRIDE_H=1, STRIDE_W=1, num_stages=2, num_warps=4
  triton_convolution2d_bwd_input_149 0.0206 ms 77.7% ALLOW_TF32=False, BLOCK_K=16, BLOCK_M=256, BLOCK_N=64, DILATION_H=1, DILATION_W=1, GROUPS=128, KERNEL_H=3, KERNEL_W=3, PADDING_H=0, PADDING_W=0, STRIDE_H=1, STRIDE_W=1, num_stages=2, num_warps=8
  triton_convolution2d_bwd_input_143 0.0242 ms 66.4% ALLOW_TF32=False, BLOCK_K=16, BLOCK_M=64, BLOCK_N=128, DILATION_H=1, DILATION_W=1, GROUPS=128, KERNEL_H=3, KERNEL_W=3, PADDING_H=0, PADDING_W=0, STRIDE_H=1, STRIDE_W=1, num_stages=2, num_warps=4
  triton_convolution2d_bwd_input_151 0.0242 ms 66.3% ALLOW_TF32=False, BLOCK_K=16, BLOCK_M=64, BLOCK_N=128, DILATION_H=1, DILATION_W=1, GROUPS=128, KERNEL_H=3, KERNEL_W=3, PADDING_H=0, PADDING_W=0, STRIDE_H=1, STRIDE_W=1, num_stages=4, num_warps=4
  triton_convolution2d_bwd_input_146 0.0260 ms 61.7% ALLOW_TF32=False, BLOCK_K=16, BLOCK_M=128, BLOCK_N=128, DILATION_H=1, DILATION_W=1, GROUPS=128, KERNEL_H=3, KERNEL_W=3, PADDING_H=0, PADDING_W=0, STRIDE_H=1, STRIDE_W=1, num_stages=2, num_warps=8
  triton_convolution2d_bwd_input_148 0.0261 ms 61.3% ALLOW_TF32=False, BLOCK_K=16, BLOCK_M=64, BLOCK_N=128, DILATION_H=1, DILATION_W=1, GROUPS=128, KERNEL_H=3, KERNEL_W=3, PADDING_H=0, PADDING_W=0, STRIDE_H=1, STRIDE_W=1, num_stages=2, num_warps=8
  triton_convolution2d_bwd_input_150 0.0262 ms 61.2% ALLOW_TF32=False, BLOCK_K=16, BLOCK_M=128, BLOCK_N=128, DILATION_H=1, DILATION_W=1, GROUPS=128, KERNEL_H=3, KERNEL_W=3, PADDING_H=0, PADDING_W=0, STRIDE_H=1, STRIDE_W=1, num_stages=3, num_warps=8
SingleProcess AUTOTUNE benchmarking takes 0.3053 seconds and 0.0006 seconds precompiling for 11 choices
.Autotune Choices Stats:
{"num_choices": 11, "num_triton_choices": 11, "best_kernel": "triton_convolution2d_bwd_weight_158", "best_kernel_desc": "ALLOW_TF32=False, BLOCK_K=16, BLOCK_M=64, BLOCK_N=64, DILATION_H=1, DILATION_W=1, GROUPS=128, KERNEL_H=3, KERNEL_W=3, PADDING_H=0, PADDING_W=0, STRIDE_H=1, STRIDE_W=1, num_stages=2, num_warps=4", "best_time": 0.11718399822711945, "best_triton_pos": 0}
AUTOTUNE convolution_bwd_weight(2x128x16x16, 2x128x14x14)
strides: [s13**2*s37, s13, s13*s37, 1], [s32**2*s37, s32, s32*s37, 1]
dtypes: torch.float32, torch.float32
  triton_convolution2d_bwd_weight_158 0.1172 ms 100.0% ALLOW_TF32=False, BLOCK_K=16, BLOCK_M=64, BLOCK_N=64, DILATION_H=1, DILATION_W=1, GROUPS=128, KERNEL_H=3, KERNEL_W=3, PADDING_H=0, PADDING_W=0, STRIDE_H=1, STRIDE_W=1, num_stages=2, num_warps=4
  triton_convolution2d_bwd_weight_159 0.1814 ms 64.6% ALLOW_TF32=False, BLOCK_K=16, BLOCK_M=64, BLOCK_N=128, DILATION_H=1, DILATION_W=1, GROUPS=128, KERNEL_H=3, KERNEL_W=3, PADDING_H=0, PADDING_W=0, STRIDE_H=1, STRIDE_W=1, num_stages=2, num_warps=8
  triton_convolution2d_bwd_weight_162 0.2010 ms 58.3% ALLOW_TF32=False, BLOCK_K=16, BLOCK_M=64, BLOCK_N=128, DILATION_H=1, DILATION_W=1, GROUPS=128, KERNEL_H=3, KERNEL_W=3, PADDING_H=0, PADDING_W=0, STRIDE_H=1, STRIDE_W=1, num_stages=4, num_warps=4
  triton_convolution2d_bwd_weight_163 0.2078 ms 56.4% ALLOW_TF32=False, BLOCK_K=16, BLOCK_M=128, BLOCK_N=64, DILATION_H=1, DILATION_W=1, GROUPS=128, KERNEL_H=3, KERNEL_W=3, PADDING_H=0, PADDING_W=0, STRIDE_H=1, STRIDE_W=1, num_stages=4, num_warps=4
  triton_convolution2d_bwd_weight_154 0.2345 ms 50.0% ALLOW_TF32=False, BLOCK_K=16, BLOCK_M=64, BLOCK_N=128, DILATION_H=1, DILATION_W=1, GROUPS=128, KERNEL_H=3, KERNEL_W=3, PADDING_H=0, PADDING_W=0, STRIDE_H=1, STRIDE_W=1, num_stages=2, num_warps=4
  triton_convolution2d_bwd_weight_161 0.2560 ms 45.8% ALLOW_TF32=False, BLOCK_K=16, BLOCK_M=128, BLOCK_N=128, DILATION_H=1, DILATION_W=1, GROUPS=128, KERNEL_H=3, KERNEL_W=3, PADDING_H=0, PADDING_W=0, STRIDE_H=1, STRIDE_W=1, num_stages=3, num_warps=8
  triton_convolution2d_bwd_weight_157 0.3275 ms 35.8% ALLOW_TF32=False, BLOCK_K=16, BLOCK_M=128, BLOCK_N=128, DILATION_H=1, DILATION_W=1, GROUPS=128, KERNEL_H=3, KERNEL_W=3, PADDING_H=0, PADDING_W=0, STRIDE_H=1, STRIDE_W=1, num_stages=2, num_warps=8
  triton_convolution2d_bwd_weight_160 0.3383 ms 34.6% ALLOW_TF32=False, BLOCK_K=16, BLOCK_M=256, BLOCK_N=64, DILATION_H=1, DILATION_W=1, GROUPS=128, KERNEL_H=3, KERNEL_W=3, PADDING_H=0, PADDING_W=0, STRIDE_H=1, STRIDE_W=1, num_stages=2, num_warps=8
  triton_convolution2d_bwd_weight_155 0.4034 ms 29.0% ALLOW_TF32=False, BLOCK_K=16, BLOCK_M=256, BLOCK_N=64, DILATION_H=1, DILATION_W=1, GROUPS=128, KERNEL_H=3, KERNEL_W=3, PADDING_H=0, PADDING_W=0, STRIDE_H=1, STRIDE_W=1, num_stages=2, num_warps=4
  triton_convolution2d_bwd_weight_156 0.4493 ms 26.1% ALLOW_TF32=False, BLOCK_K=16, BLOCK_M=512, BLOCK_N=16, DILATION_H=1, DILATION_W=1, GROUPS=128, KERNEL_H=3, KERNEL_W=3, PADDING_H=0, PADDING_W=0, STRIDE_H=1, STRIDE_W=1, num_stages=1, num_warps=8
SingleProcess AUTOTUNE benchmarking takes 0.5787 seconds and 18.6014 seconds precompiling for 11 choices
Autotune Choices Stats:
{"num_choices": 11, "num_triton_choices": 11, "best_kernel": "triton_convolution2d_bwd_input_169", "best_kernel_desc": "ALLOW_TF32=False, BLOCK_K=16, BLOCK_M=64, BLOCK_N=64, DILATION_H=1, DILATION_W=1, GROUPS=128, KERNEL_H=3, KERNEL_W=3, PADDING_H=0, PADDING_W=0, STRIDE_H=1, STRIDE_W=1, num_stages=2, num_warps=4", "best_time": 0.01817600056529045, "best_triton_pos": 0}
AUTOTUNE convolution_bwd_input(2x128x14x14, 128x1x3x3)
strides: [s32**2*s37, 1, s32*s37, s37], [s18**2, 1, s18, 1]
dtypes: torch.float32, torch.float32
  triton_convolution2d_bwd_input_169 0.0182 ms 100.0% ALLOW_TF32=False, BLOCK_K=16, BLOCK_M=64, BLOCK_N=64, DILATION_H=1, DILATION_W=1, GROUPS=128, KERNEL_H=3, KERNEL_W=3, PADDING_H=0, PADDING_W=0, STRIDE_H=1, STRIDE_W=1, num_stages=2, num_warps=4
  triton_convolution2d_bwd_input_174 0.0189 ms 95.9% ALLOW_TF32=False, BLOCK_K=16, BLOCK_M=128, BLOCK_N=64, DILATION_H=1, DILATION_W=1, GROUPS=128, KERNEL_H=3, KERNEL_W=3, PADDING_H=0, PADDING_W=0, STRIDE_H=1, STRIDE_W=1, num_stages=4, num_warps=4
  triton_convolution2d_bwd_input_167 0.0198 ms 91.8% ALLOW_TF32=False, BLOCK_K=16, BLOCK_M=512, BLOCK_N=16, DILATION_H=1, DILATION_W=1, GROUPS=128, KERNEL_H=3, KERNEL_W=3, PADDING_H=0, PADDING_W=0, STRIDE_H=1, STRIDE_W=1, num_stages=1, num_warps=8
  triton_convolution2d_bwd_input_166 0.0234 ms 77.8% ALLOW_TF32=False, BLOCK_K=16, BLOCK_M=256, BLOCK_N=64, DILATION_H=1, DILATION_W=1, GROUPS=128, KERNEL_H=3, KERNEL_W=3, PADDING_H=0, PADDING_W=0, STRIDE_H=1, STRIDE_W=1, num_stages=2, num_warps=4
  triton_convolution2d_bwd_input_171 0.0249 ms 72.9% ALLOW_TF32=False, BLOCK_K=16, BLOCK_M=256, BLOCK_N=64, DILATION_H=1, DILATION_W=1, GROUPS=128, KERNEL_H=3, KERNEL_W=3, PADDING_H=0, PADDING_W=0, STRIDE_H=1, STRIDE_W=1, num_stages=2, num_warps=8
  triton_convolution2d_bwd_input_173 0.0272 ms 66.8% ALLOW_TF32=False, BLOCK_K=16, BLOCK_M=64, BLOCK_N=128, DILATION_H=1, DILATION_W=1, GROUPS=128, KERNEL_H=3, KERNEL_W=3, PADDING_H=0, PADDING_W=0, STRIDE_H=1, STRIDE_W=1, num_stages=4, num_warps=4
  triton_convolution2d_bwd_input_165 0.0273 ms 66.7% ALLOW_TF32=False, BLOCK_K=16, BLOCK_M=64, BLOCK_N=128, DILATION_H=1, DILATION_W=1, GROUPS=128, KERNEL_H=3, KERNEL_W=3, PADDING_H=0, PADDING_W=0, STRIDE_H=1, STRIDE_W=1, num_stages=2, num_warps=4
  triton_convolution2d_bwd_input_170 0.0334 ms 54.5% ALLOW_TF32=False, BLOCK_K=16, BLOCK_M=64, BLOCK_N=128, DILATION_H=1, DILATION_W=1, GROUPS=128, KERNEL_H=3, KERNEL_W=3, PADDING_H=0, PADDING_W=0, STRIDE_H=1, STRIDE_W=1, num_stages=2, num_warps=8
  triton_convolution2d_bwd_input_172 0.0365 ms 49.8% ALLOW_TF32=False, BLOCK_K=16, BLOCK_M=128, BLOCK_N=128, DILATION_H=1, DILATION_W=1, GROUPS=128, KERNEL_H=3, KERNEL_W=3, PADDING_H=0, PADDING_W=0, STRIDE_H=1, STRIDE_W=1, num_stages=3, num_warps=8
  triton_convolution2d_bwd_input_168 0.0366 ms 49.6% ALLOW_TF32=False, BLOCK_K=16, BLOCK_M=128, BLOCK_N=128, DILATION_H=1, DILATION_W=1, GROUPS=128, KERNEL_H=3, KERNEL_W=3, PADDING_H=0, PADDING_W=0, STRIDE_H=1, STRIDE_W=1, num_stages=2, num_warps=8
SingleProcess AUTOTUNE benchmarking takes 0.3133 seconds and 0.0006 seconds precompiling for 11 choices
.ssssAutotune Choices Stats:
{"num_choices": 11, "num_triton_choices": 11, "best_kernel": "triton_convolution2d_bwd_weight_180", "best_kernel_desc": "ALLOW_TF32=False, BLOCK_K=16, BLOCK_M=64, BLOCK_N=64, DILATION_H=1, DILATION_W=1, GROUPS=4, KERNEL_H=1, KERNEL_W=1, PADDING_H=1, PADDING_W=1, STRIDE_H=1, STRIDE_W=1, num_stages=2, num_warps=4", "best_time": 0.1364479959011078, "best_triton_pos": 0}
AUTOTUNE convolution_bwd_weight(2x4x16x16, 2x128x18x18)
strides: [s13**2*s37, s13**2, s13, 1], [s32**2*s38, s32**2, s32, 1]
dtypes: torch.float32, torch.float32
  triton_convolution2d_bwd_weight_180 0.1364 ms 100.0% ALLOW_TF32=False, BLOCK_K=16, BLOCK_M=64, BLOCK_N=64, DILATION_H=1, DILATION_W=1, GROUPS=4, KERNEL_H=1, KERNEL_W=1, PADDING_H=1, PADDING_W=1, STRIDE_H=1, STRIDE_W=1, num_stages=2, num_warps=4
  triton_convolution2d_bwd_weight_185 0.2062 ms 66.2% ALLOW_TF32=False, BLOCK_K=16, BLOCK_M=128, BLOCK_N=64, DILATION_H=1, DILATION_W=1, GROUPS=4, KERNEL_H=1, KERNEL_W=1, PADDING_H=1, PADDING_W=1, STRIDE_H=1, STRIDE_W=1, num_stages=4, num_warps=4
  triton_convolution2d_bwd_weight_183 0.2123 ms 64.3% ALLOW_TF32=False, BLOCK_K=16, BLOCK_M=128, BLOCK_N=128, DILATION_H=1, DILATION_W=1, GROUPS=4, KERNEL_H=1, KERNEL_W=1, PADDING_H=1, PADDING_W=1, STRIDE_H=1, STRIDE_W=1, num_stages=3, num_warps=8
  triton_convolution2d_bwd_weight_181 0.2136 ms 63.9% ALLOW_TF32=False, BLOCK_K=16, BLOCK_M=64, BLOCK_N=128, DILATION_H=1, DILATION_W=1, GROUPS=4, KERNEL_H=1, KERNEL_W=1, PADDING_H=1, PADDING_W=1, STRIDE_H=1, STRIDE_W=1, num_stages=2, num_warps=8
  triton_convolution2d_bwd_weight_184 0.2281 ms 59.8% ALLOW_TF32=False, BLOCK_K=16, BLOCK_M=64, BLOCK_N=128, DILATION_H=1, DILATION_W=1, GROUPS=4, KERNEL_H=1, KERNEL_W=1, PADDING_H=1, PADDING_W=1, STRIDE_H=1, STRIDE_W=1, num_stages=4, num_warps=4
  triton_convolution2d_bwd_weight_178 0.2449 ms 55.7% ALLOW_TF32=False, BLOCK_K=16, BLOCK_M=512, BLOCK_N=16, DILATION_H=1, DILATION_W=1, GROUPS=4, KERNEL_H=1, KERNEL_W=1, PADDING_H=1, PADDING_W=1, STRIDE_H=1, STRIDE_W=1, num_stages=1, num_warps=8
  triton_convolution2d_bwd_weight_179 0.2688 ms 50.8% ALLOW_TF32=False, BLOCK_K=16, BLOCK_M=128, BLOCK_N=128, DILATION_H=1, DILATION_W=1, GROUPS=4, KERNEL_H=1, KERNEL_W=1, PADDING_H=1, PADDING_W=1, STRIDE_H=1, STRIDE_W=1, num_stages=2, num_warps=8
  triton_convolution2d_bwd_weight_176 0.2889 ms 47.2% ALLOW_TF32=False, BLOCK_K=16, BLOCK_M=64, BLOCK_N=128, DILATION_H=1, DILATION_W=1, GROUPS=4, KERNEL_H=1, KERNEL_W=1, PADDING_H=1, PADDING_W=1, STRIDE_H=1, STRIDE_W=1, num_stages=2, num_warps=4
  triton_convolution2d_bwd_weight_182 0.2918 ms 46.8% ALLOW_TF32=False, BLOCK_K=16, BLOCK_M=256, BLOCK_N=64, DILATION_H=1, DILATION_W=1, GROUPS=4, KERNEL_H=1, KERNEL_W=1, PADDING_H=1, PADDING_W=1, STRIDE_H=1, STRIDE_W=1, num_stages=2, num_warps=8
  triton_convolution2d_bwd_weight_177 0.3836 ms 35.6% ALLOW_TF32=False, BLOCK_K=16, BLOCK_M=256, BLOCK_N=64, DILATION_H=1, DILATION_W=1, GROUPS=4, KERNEL_H=1, KERNEL_W=1, PADDING_H=1, PADDING_W=1, STRIDE_H=1, STRIDE_W=1, num_stages=2, num_warps=4
SingleProcess AUTOTUNE benchmarking takes 0.5421 seconds and 12.4091 seconds precompiling for 11 choices
Autotune Choices Stats:
{"num_choices": 11, "num_triton_choices": 11, "best_kernel": "triton_convolution2d_bwd_input_191", "best_kernel_desc": "ALLOW_TF32=False, BLOCK_K=16, BLOCK_M=64, BLOCK_N=64, DILATION_H=1, DILATION_W=1, GROUPS=4, KERNEL_H=1, KERNEL_W=1, PADDING_H=1, PADDING_W=1, STRIDE_H=1, STRIDE_W=1, num_stages=2, num_warps=4", "best_time": 0.01027199998497963, "best_triton_pos": 0}
AUTOTUNE convolution_bwd_input(2x128x18x18, 128x1x1x1)
strides: [s32**2*s38, s32**2, s32, 1], [1, 1, 1, 1]
dtypes: torch.float32, torch.float32
  triton_convolution2d_bwd_input_191 0.0103 ms 100.0% ALLOW_TF32=False, BLOCK_K=16, BLOCK_M=64, BLOCK_N=64, DILATION_H=1, DILATION_W=1, GROUPS=4, KERNEL_H=1, KERNEL_W=1, PADDING_H=1, PADDING_W=1, STRIDE_H=1, STRIDE_W=1, num_stages=2, num_warps=4
  triton_convolution2d_bwd_input_195 0.0119 ms 86.5% ALLOW_TF32=False, BLOCK_K=16, BLOCK_M=64, BLOCK_N=128, DILATION_H=1, DILATION_W=1, GROUPS=4, KERNEL_H=1, KERNEL_W=1, PADDING_H=1, PADDING_W=1, STRIDE_H=1, STRIDE_W=1, num_stages=4, num_warps=4
  triton_convolution2d_bwd_input_196 0.0124 ms 83.2% ALLOW_TF32=False, BLOCK_K=16, BLOCK_M=128, BLOCK_N=64, DILATION_H=1, DILATION_W=1, GROUPS=4, KERNEL_H=1, KERNEL_W=1, PADDING_H=1, PADDING_W=1, STRIDE_H=1, STRIDE_W=1, num_stages=4, num_warps=4
  triton_convolution2d_bwd_input_192 0.0124 ms 82.9% ALLOW_TF32=False, BLOCK_K=16, BLOCK_M=64, BLOCK_N=128, DILATION_H=1, DILATION_W=1, GROUPS=4, KERNEL_H=1, KERNEL_W=1, PADDING_H=1, PADDING_W=1, STRIDE_H=1, STRIDE_W=1, num_stages=2, num_warps=8
  triton_convolution2d_bwd_input_190 0.0158 ms 64.8% ALLOW_TF32=False, BLOCK_K=16, BLOCK_M=128, BLOCK_N=128, DILATION_H=1, DILATION_W=1, GROUPS=4, KERNEL_H=1, KERNEL_W=1, PADDING_H=1, PADDING_W=1, STRIDE_H=1, STRIDE_W=1, num_stages=2, num_warps=8
  triton_convolution2d_bwd_input_194 0.0164 ms 62.5% ALLOW_TF32=False, BLOCK_K=16, BLOCK_M=128, BLOCK_N=128, DILATION_H=1, DILATION_W=1, GROUPS=4, KERNEL_H=1, KERNEL_W=1, PADDING_H=1, PADDING_W=1, STRIDE_H=1, STRIDE_W=1, num_stages=3, num_warps=8
  triton_convolution2d_bwd_input_193 0.0184 ms 55.8% ALLOW_TF32=False, BLOCK_K=16, BLOCK_M=256, BLOCK_N=64, DILATION_H=1, DILATION_W=1, GROUPS=4, KERNEL_H=1, KERNEL_W=1, PADDING_H=1, PADDING_W=1, STRIDE_H=1, STRIDE_W=1, num_stages=2, num_warps=8
  triton_convolution2d_bwd_input_189 0.0186 ms 55.2% ALLOW_TF32=False, BLOCK_K=16, BLOCK_M=512, BLOCK_N=16, DILATION_H=1, DILATION_W=1, GROUPS=4, KERNEL_H=1, KERNEL_W=1, PADDING_H=1, PADDING_W=1, STRIDE_H=1, STRIDE_W=1, num_stages=1, num_warps=8
  triton_convolution2d_bwd_input_188 0.0190 ms 54.1% ALLOW_TF32=False, BLOCK_K=16, BLOCK_M=256, BLOCK_N=64, DILATION_H=1, DILATION_W=1, GROUPS=4, KERNEL_H=1, KERNEL_W=1, PADDING_H=1, PADDING_W=1, STRIDE_H=1, STRIDE_W=1, num_stages=2, num_warps=4
  triton_convolution2d_bwd_input_197 0.0259 ms 39.6% ALLOW_TF32=False, BLOCK_K=16, BLOCK_M=256, BLOCK_N=128, DILATION_H=1, DILATION_W=1, GROUPS=4, KERNEL_H=1, KERNEL_W=1, PADDING_H=1, PADDING_W=1, STRIDE_H=1, STRIDE_W=1, num_stages=2, num_warps=8
SingleProcess AUTOTUNE benchmarking takes 0.3275 seconds and 0.0005 seconds precompiling for 11 choices
.Autotune Choices Stats:
{"num_choices": 11, "num_triton_choices": 11, "best_kernel": "triton_convolution2d_bwd_weight_202", "best_kernel_desc": "ALLOW_TF32=False, BLOCK_K=16, BLOCK_M=64, BLOCK_N=64, DILATION_H=1, DILATION_W=1, GROUPS=4, KERNEL_H=1, KERNEL_W=1, PADDING_H=1, PADDING_W=1, STRIDE_H=1, STRIDE_W=1, num_stages=2, num_warps=4", "best_time": 0.1364479959011078, "best_triton_pos": 0}
AUTOTUNE convolution_bwd_weight(2x4x16x16, 2x128x18x18)
strides: [s13**2*s37, s13**2, s13, 1], [s32**2*s38, s32**2, s32, 1]
dtypes: torch.float32, torch.float32
  triton_convolution2d_bwd_weight_202 0.1364 ms 100.0% ALLOW_TF32=False, BLOCK_K=16, BLOCK_M=64, BLOCK_N=64, DILATION_H=1, DILATION_W=1, GROUPS=4, KERNEL_H=1, KERNEL_W=1, PADDING_H=1, PADDING_W=1, STRIDE_H=1, STRIDE_W=1, num_stages=2, num_warps=4
  triton_convolution2d_bwd_weight_203 0.1747 ms 78.1% ALLOW_TF32=False, BLOCK_K=16, BLOCK_M=64, BLOCK_N=128, DILATION_H=1, DILATION_W=1, GROUPS=4, KERNEL_H=1, KERNEL_W=1, PADDING_H=1, PADDING_W=1, STRIDE_H=1, STRIDE_W=1, num_stages=2, num_warps=8
  triton_convolution2d_bwd_weight_207 0.2060 ms 66.2% ALLOW_TF32=False, BLOCK_K=16, BLOCK_M=128, BLOCK_N=64, DILATION_H=1, DILATION_W=1, GROUPS=4, KERNEL_H=1, KERNEL_W=1, PADDING_H=1, PADDING_W=1, STRIDE_H=1, STRIDE_W=1, num_stages=4, num_warps=4
  triton_convolution2d_bwd_weight_205 0.2124 ms 64.3% ALLOW_TF32=False, BLOCK_K=16, BLOCK_M=128, BLOCK_N=128, DILATION_H=1, DILATION_W=1, GROUPS=4, KERNEL_H=1, KERNEL_W=1, PADDING_H=1, PADDING_W=1, STRIDE_H=1, STRIDE_W=1, num_stages=3, num_warps=8
  triton_convolution2d_bwd_weight_206 0.2281 ms 59.8% ALLOW_TF32=False, BLOCK_K=16, BLOCK_M=64, BLOCK_N=128, DILATION_H=1, DILATION_W=1, GROUPS=4, KERNEL_H=1, KERNEL_W=1, PADDING_H=1, PADDING_W=1, STRIDE_H=1, STRIDE_W=1, num_stages=4, num_warps=4
  triton_convolution2d_bwd_weight_200 0.2450 ms 55.7% ALLOW_TF32=False, BLOCK_K=16, BLOCK_M=512, BLOCK_N=16, DILATION_H=1, DILATION_W=1, GROUPS=4, KERNEL_H=1, KERNEL_W=1, PADDING_H=1, PADDING_W=1, STRIDE_H=1, STRIDE_W=1, num_stages=1, num_warps=8
  triton_convolution2d_bwd_weight_201 0.2686 ms 50.8% ALLOW_TF32=False, BLOCK_K=16, BLOCK_M=128, BLOCK_N=128, DILATION_H=1, DILATION_W=1, GROUPS=4, KERNEL_H=1, KERNEL_W=1, PADDING_H=1, PADDING_W=1, STRIDE_H=1, STRIDE_W=1, num_stages=2, num_warps=8
  triton_convolution2d_bwd_weight_198 0.2886 ms 47.3% ALLOW_TF32=False, BLOCK_K=16, BLOCK_M=64, BLOCK_N=128, DILATION_H=1, DILATION_W=1, GROUPS=4, KERNEL_H=1, KERNEL_W=1, PADDING_H=1, PADDING_W=1, STRIDE_H=1, STRIDE_W=1, num_stages=2, num_warps=4
  triton_convolution2d_bwd_weight_204 0.2915 ms 46.8% ALLOW_TF32=False, BLOCK_K=16, BLOCK_M=256, BLOCK_N=64, DILATION_H=1, DILATION_W=1, GROUPS=4, KERNEL_H=1, KERNEL_W=1, PADDING_H=1, PADDING_W=1, STRIDE_H=1, STRIDE_W=1, num_stages=2, num_warps=8
  triton_convolution2d_bwd_weight_199 0.3836 ms 35.6% ALLOW_TF32=False, BLOCK_K=16, BLOCK_M=256, BLOCK_N=64, DILATION_H=1, DILATION_W=1, GROUPS=4, KERNEL_H=1, KERNEL_W=1, PADDING_H=1, PADDING_W=1, STRIDE_H=1, STRIDE_W=1, num_stages=2, num_warps=4
SingleProcess AUTOTUNE benchmarking takes 0.5395 seconds and 12.4693 seconds precompiling for 11 choices
Autotune Choices Stats:
{"num_choices": 11, "num_triton_choices": 11, "best_kernel": "triton_convolution2d_bwd_input_213", "best_kernel_desc": "ALLOW_TF32=False, BLOCK_K=16, BLOCK_M=64, BLOCK_N=64, DILATION_H=1, DILATION_W=1, GROUPS=4, KERNEL_H=1, KERNEL_W=1, PADDING_H=1, PADDING_W=1, STRIDE_H=1, STRIDE_W=1, num_stages=2, num_warps=4", "best_time": 0.010080000385642052, "best_triton_pos": 0}
AUTOTUNE convolution_bwd_input(2x128x18x18, 128x1x1x1)
strides: [s32**2*s38, s32**2, s32, 1], [1, 1, 1, 1]
dtypes: torch.float32, torch.float32
  triton_convolution2d_bwd_input_213 0.0101 ms 100.0% ALLOW_TF32=False, BLOCK_K=16, BLOCK_M=64, BLOCK_N=64, DILATION_H=1, DILATION_W=1, GROUPS=4, KERNEL_H=1, KERNEL_W=1, PADDING_H=1, PADDING_W=1, STRIDE_H=1, STRIDE_W=1, num_stages=2, num_warps=4
  triton_convolution2d_bwd_input_217 0.0119 ms 84.7% ALLOW_TF32=False, BLOCK_K=16, BLOCK_M=64, BLOCK_N=128, DILATION_H=1, DILATION_W=1, GROUPS=4, KERNEL_H=1, KERNEL_W=1, PADDING_H=1, PADDING_W=1, STRIDE_H=1, STRIDE_W=1, num_stages=4, num_warps=4
  triton_convolution2d_bwd_input_214 0.0123 ms 81.8% ALLOW_TF32=False, BLOCK_K=16, BLOCK_M=64, BLOCK_N=128, DILATION_H=1, DILATION_W=1, GROUPS=4, KERNEL_H=1, KERNEL_W=1, PADDING_H=1, PADDING_W=1, STRIDE_H=1, STRIDE_W=1, num_stages=2, num_warps=8
  triton_convolution2d_bwd_input_209 0.0126 ms 79.9% ALLOW_TF32=False, BLOCK_K=16, BLOCK_M=64, BLOCK_N=128, DILATION_H=1, DILATION_W=1, GROUPS=4, KERNEL_H=1, KERNEL_W=1, PADDING_H=1, PADDING_W=1, STRIDE_H=1, STRIDE_W=1, num_stages=2, num_warps=4
  triton_convolution2d_bwd_input_212 0.0156 ms 64.4% ALLOW_TF32=False, BLOCK_K=16, BLOCK_M=128, BLOCK_N=128, DILATION_H=1, DILATION_W=1, GROUPS=4, KERNEL_H=1, KERNEL_W=1, PADDING_H=1, PADDING_W=1, STRIDE_H=1, STRIDE_W=1, num_stages=2, num_warps=8
  triton_convolution2d_bwd_input_215 0.0182 ms 55.5% ALLOW_TF32=False, BLOCK_K=16, BLOCK_M=256, BLOCK_N=64, DILATION_H=1, DILATION_W=1, GROUPS=4, KERNEL_H=1, KERNEL_W=1, PADDING_H=1, PADDING_W=1, STRIDE_H=1, STRIDE_W=1, num_stages=2, num_warps=8
  triton_convolution2d_bwd_input_219 0.0259 ms 38.9% ALLOW_TF32=False, BLOCK_K=16, BLOCK_M=256, BLOCK_N=128, DILATION_H=1, DILATION_W=1, GROUPS=4, KERNEL_H=1, KERNEL_W=1, PADDING_H=1, PADDING_W=1, STRIDE_H=1, STRIDE_W=1, num_stages=2, num_warps=8
  triton_convolution2d_bwd_input_216 0.0327 ms 30.8% ALLOW_TF32=False, BLOCK_K=16, BLOCK_M=128, BLOCK_N=128, DILATION_H=1, DILATION_W=1, GROUPS=4, KERNEL_H=1, KERNEL_W=1, PADDING_H=1, PADDING_W=1, STRIDE_H=1, STRIDE_W=1, num_stages=3, num_warps=8
  triton_convolution2d_bwd_input_218 0.0422 ms 23.9% ALLOW_TF32=False, BLOCK_K=16, BLOCK_M=128, BLOCK_N=64, DILATION_H=1, DILATION_W=1, GROUPS=4, KERNEL_H=1, KERNEL_W=1, PADDING_H=1, PADDING_W=1, STRIDE_H=1, STRIDE_W=1, num_stages=4, num_warps=4
  triton_convolution2d_bwd_input_210 0.0428 ms 23.6% ALLOW_TF32=False, BLOCK_K=16, BLOCK_M=256, BLOCK_N=64, DILATION_H=1, DILATION_W=1, GROUPS=4, KERNEL_H=1, KERNEL_W=1, PADDING_H=1, PADDING_W=1, STRIDE_H=1, STRIDE_W=1, num_stages=2, num_warps=4
SingleProcess AUTOTUNE benchmarking takes 0.3244 seconds and 0.0006 seconds precompiling for 11 choices
.ssssAutotune Choices Stats:
{"num_choices": 11, "num_triton_choices": 11, "best_kernel": "triton_convolution2d_bwd_weight_224", "best_kernel_desc": "ALLOW_TF32=False, BLOCK_K=16, BLOCK_M=64, BLOCK_N=64, DILATION_H=1, DILATION_W=1, GROUPS=128, KERNEL_H=1, KERNEL_W=1, PADDING_H=1, PADDING_W=1, STRIDE_H=1, STRIDE_W=1, num_stages=2, num_warps=4", "best_time": 0.18512000143527985, "best_triton_pos": 0}
AUTOTUNE convolution_bwd_weight(2x128x16x16, 2x128x18x18)
strides: [s13**2*s37, s13**2, s13, 1], [s32**2*s37, s32**2, s32, 1]
dtypes: torch.float32, torch.float32
  triton_convolution2d_bwd_weight_224 0.1851 ms 100.0% ALLOW_TF32=False, BLOCK_K=16, BLOCK_M=64, BLOCK_N=64, DILATION_H=1, DILATION_W=1, GROUPS=128, KERNEL_H=1, KERNEL_W=1, PADDING_H=1, PADDING_W=1, STRIDE_H=1, STRIDE_W=1, num_stages=2, num_warps=4
  triton_convolution2d_bwd_weight_225 0.2812 ms 65.8% ALLOW_TF32=False, BLOCK_K=16, BLOCK_M=64, BLOCK_N=128, DILATION_H=1, DILATION_W=1, GROUPS=128, KERNEL_H=1, KERNEL_W=1, PADDING_H=1, PADDING_W=1, STRIDE_H=1, STRIDE_W=1, num_stages=2, num_warps=8
  triton_convolution2d_bwd_weight_229 0.3140 ms 59.0% ALLOW_TF32=False, BLOCK_K=16, BLOCK_M=128, BLOCK_N=64, DILATION_H=1, DILATION_W=1, GROUPS=128, KERNEL_H=1, KERNEL_W=1, PADDING_H=1, PADDING_W=1, STRIDE_H=1, STRIDE_W=1, num_stages=4, num_warps=4
  triton_convolution2d_bwd_weight_228 0.3216 ms 57.6% ALLOW_TF32=False, BLOCK_K=16, BLOCK_M=64, BLOCK_N=128, DILATION_H=1, DILATION_W=1, GROUPS=128, KERNEL_H=1, KERNEL_W=1, PADDING_H=1, PADDING_W=1, STRIDE_H=1, STRIDE_W=1, num_stages=4, num_warps=4
  triton_convolution2d_bwd_weight_220 0.3849 ms 48.1% ALLOW_TF32=False, BLOCK_K=16, BLOCK_M=64, BLOCK_N=128, DILATION_H=1, DILATION_W=1, GROUPS=128, KERNEL_H=1, KERNEL_W=1, PADDING_H=1, PADDING_W=1, STRIDE_H=1, STRIDE_W=1, num_stages=2, num_warps=4
  triton_convolution2d_bwd_weight_227 0.3908 ms 47.4% ALLOW_TF32=False, BLOCK_K=16, BLOCK_M=128, BLOCK_N=128, DILATION_H=1, DILATION_W=1, GROUPS=128, KERNEL_H=1, KERNEL_W=1, PADDING_H=1, PADDING_W=1, STRIDE_H=1, STRIDE_W=1, num_stages=3, num_warps=8
  triton_convolution2d_bwd_weight_226 0.4990 ms 37.1% ALLOW_TF32=False, BLOCK_K=16, BLOCK_M=256, BLOCK_N=64, DILATION_H=1, DILATION_W=1, GROUPS=128, KERNEL_H=1, KERNEL_W=1, PADDING_H=1, PADDING_W=1, STRIDE_H=1, STRIDE_W=1, num_stages=2, num_warps=8
  triton_convolution2d_bwd_weight_223 0.5393 ms 34.3% ALLOW_TF32=False, BLOCK_K=16, BLOCK_M=128, BLOCK_N=128, DILATION_H=1, DILATION_W=1, GROUPS=128, KERNEL_H=1, KERNEL_W=1, PADDING_H=1, PADDING_W=1, STRIDE_H=1, STRIDE_W=1, num_stages=2, num_warps=8
  triton_convolution2d_bwd_weight_222 0.5413 ms 34.2% ALLOW_TF32=False, BLOCK_K=16, BLOCK_M=512, BLOCK_N=16, DILATION_H=1, DILATION_W=1, GROUPS=128, KERNEL_H=1, KERNEL_W=1, PADDING_H=1, PADDING_W=1, STRIDE_H=1, STRIDE_W=1, num_stages=1, num_warps=8
  triton_convolution2d_bwd_weight_221 0.5641 ms 32.8% ALLOW_TF32=False, BLOCK_K=16, BLOCK_M=256, BLOCK_N=64, DILATION_H=1, DILATION_W=1, GROUPS=128, KERNEL_H=1, KERNEL_W=1, PADDING_H=1, PADDING_W=1, STRIDE_H=1, STRIDE_W=1, num_stages=2, num_warps=4
SingleProcess AUTOTUNE benchmarking takes 0.5642 seconds and 13.1571 seconds precompiling for 11 choices
Autotune Choices Stats:
{"num_choices": 11, "num_triton_choices": 11, "best_kernel": "triton_convolution2d_bwd_input_233", "best_kernel_desc": "ALLOW_TF32=False, BLOCK_K=16, BLOCK_M=512, BLOCK_N=16, DILATION_H=1, DILATION_W=1, GROUPS=128, KERNEL_H=1, KERNEL_W=1, PADDING_H=1, PADDING_W=1, STRIDE_H=1, STRIDE_W=1, num_stages=1, num_warps=8", "best_time": 0.015424000099301338, "best_triton_pos": 0}
AUTOTUNE convolution_bwd_input(2x128x18x18, 128x1x1x1)
strides: [s32**2*s37, s32**2, s32, 1], [1, 1, 1, 1]
dtypes: torch.float32, torch.float32
  triton_convolution2d_bwd_input_233 0.0154 ms 100.0% ALLOW_TF32=False, BLOCK_K=16, BLOCK_M=512, BLOCK_N=16, DILATION_H=1, DILATION_W=1, GROUPS=128, KERNEL_H=1, KERNEL_W=1, PADDING_H=1, PADDING_W=1, STRIDE_H=1, STRIDE_W=1, num_stages=1, num_warps=8
  triton_convolution2d_bwd_input_235 0.0161 ms 96.0% ALLOW_TF32=False, BLOCK_K=16, BLOCK_M=64, BLOCK_N=64, DILATION_H=1, DILATION_W=1, GROUPS=128, KERNEL_H=1, KERNEL_W=1, PADDING_H=1, PADDING_W=1, STRIDE_H=1, STRIDE_W=1, num_stages=2, num_warps=4
  triton_convolution2d_bwd_input_240 0.0164 ms 94.3% ALLOW_TF32=False, BLOCK_K=16, BLOCK_M=128, BLOCK_N=64, DILATION_H=1, DILATION_W=1, GROUPS=128, KERNEL_H=1, KERNEL_W=1, PADDING_H=1, PADDING_W=1, STRIDE_H=1, STRIDE_W=1, num_stages=4, num_warps=4
  triton_convolution2d_bwd_input_232 0.0202 ms 76.3% ALLOW_TF32=False, BLOCK_K=16, BLOCK_M=256, BLOCK_N=64, DILATION_H=1, DILATION_W=1, GROUPS=128, KERNEL_H=1, KERNEL_W=1, PADDING_H=1, PADDING_W=1, STRIDE_H=1, STRIDE_W=1, num_stages=2, num_warps=4
  triton_convolution2d_bwd_input_237 0.0205 ms 75.1% ALLOW_TF32=False, BLOCK_K=16, BLOCK_M=256, BLOCK_N=64, DILATION_H=1, DILATION_W=1, GROUPS=128, KERNEL_H=1, KERNEL_W=1, PADDING_H=1, PADDING_W=1, STRIDE_H=1, STRIDE_W=1, num_stages=2, num_warps=8
  triton_convolution2d_bwd_input_239 0.0243 ms 63.4% ALLOW_TF32=False, BLOCK_K=16, BLOCK_M=64, BLOCK_N=128, DILATION_H=1, DILATION_W=1, GROUPS=128, KERNEL_H=1, KERNEL_W=1, PADDING_H=1, PADDING_W=1, STRIDE_H=1, STRIDE_W=1, num_stages=4, num_warps=4
  triton_convolution2d_bwd_input_231 0.0245 ms 63.0% ALLOW_TF32=False, BLOCK_K=16, BLOCK_M=64, BLOCK_N=128, DILATION_H=1, DILATION_W=1, GROUPS=128, KERNEL_H=1, KERNEL_W=1, PADDING_H=1, PADDING_W=1, STRIDE_H=1, STRIDE_W=1, num_stages=2, num_warps=4
  triton_convolution2d_bwd_input_236 0.0254 ms 60.8% ALLOW_TF32=False, BLOCK_K=16, BLOCK_M=64, BLOCK_N=128, DILATION_H=1, DILATION_W=1, GROUPS=128, KERNEL_H=1, KERNEL_W=1, PADDING_H=1, PADDING_W=1, STRIDE_H=1, STRIDE_W=1, num_stages=2, num_warps=8
  triton_convolution2d_bwd_input_234 0.0276 ms 55.9% ALLOW_TF32=False, BLOCK_K=16, BLOCK_M=128, BLOCK_N=128, DILATION_H=1, DILATION_W=1, GROUPS=128, KERNEL_H=1, KERNEL_W=1, PADDING_H=1, PADDING_W=1, STRIDE_H=1, STRIDE_W=1, num_stages=2, num_warps=8
  triton_convolution2d_bwd_input_238 0.0279 ms 55.3% ALLOW_TF32=False, BLOCK_K=16, BLOCK_M=128, BLOCK_N=128, DILATION_H=1, DILATION_W=1, GROUPS=128, KERNEL_H=1, KERNEL_W=1, PADDING_H=1, PADDING_W=1, STRIDE_H=1, STRIDE_W=1, num_stages=3, num_warps=8
SingleProcess AUTOTUNE benchmarking takes 0.3439 seconds and 0.0008 seconds precompiling for 11 choices
.Autotune Choices Stats:
{"num_choices": 11, "num_triton_choices": 11, "best_kernel": "triton_convolution2d_bwd_weight_246", "best_kernel_desc": "ALLOW_TF32=False, BLOCK_K=16, BLOCK_M=64, BLOCK_N=64, DILATION_H=1, DILATION_W=1, GROUPS=128, KERNEL_H=1, KERNEL_W=1, PADDING_H=1, PADDING_W=1, STRIDE_H=1, STRIDE_W=1, num_stages=2, num_warps=4", "best_time": 0.18454399704933167, "best_triton_pos": 0}
AUTOTUNE convolution_bwd_weight(2x128x16x16, 2x128x18x18)
strides: [s13**2*s37, s13**2, s13, 1], [s32**2*s37, s32**2, s32, 1]
dtypes: torch.float32, torch.float32
  triton_convolution2d_bwd_weight_246 0.1845 ms 100.0% ALLOW_TF32=False, BLOCK_K=16, BLOCK_M=64, BLOCK_N=64, DILATION_H=1, DILATION_W=1, GROUPS=128, KERNEL_H=1, KERNEL_W=1, PADDING_H=1, PADDING_W=1, STRIDE_H=1, STRIDE_W=1, num_stages=2, num_warps=4
  triton_convolution2d_bwd_weight_251 0.3141 ms 58.7% ALLOW_TF32=False, BLOCK_K=16, BLOCK_M=128, BLOCK_N=64, DILATION_H=1, DILATION_W=1, GROUPS=128, KERNEL_H=1, KERNEL_W=1, PADDING_H=1, PADDING_W=1, STRIDE_H=1, STRIDE_W=1, num_stages=4, num_warps=4
  triton_convolution2d_bwd_weight_250 0.3219 ms 57.3% ALLOW_TF32=False, BLOCK_K=16, BLOCK_M=64, BLOCK_N=128, DILATION_H=1, DILATION_W=1, GROUPS=128, KERNEL_H=1, KERNEL_W=1, PADDING_H=1, PADDING_W=1, STRIDE_H=1, STRIDE_W=1, num_stages=4, num_warps=4
  triton_convolution2d_bwd_weight_247 0.3469 ms 53.2% ALLOW_TF32=False, BLOCK_K=16, BLOCK_M=64, BLOCK_N=128, DILATION_H=1, DILATION_W=1, GROUPS=128, KERNEL_H=1, KERNEL_W=1, PADDING_H=1, PADDING_W=1, STRIDE_H=1, STRIDE_W=1, num_stages=2, num_warps=8
  triton_convolution2d_bwd_weight_242 0.3844 ms 48.0% ALLOW_TF32=False, BLOCK_K=16, BLOCK_M=64, BLOCK_N=128, DILATION_H=1, DILATION_W=1, GROUPS=128, KERNEL_H=1, KERNEL_W=1, PADDING_H=1, PADDING_W=1, STRIDE_H=1, STRIDE_W=1, num_stages=2, num_warps=4
  triton_convolution2d_bwd_weight_249 0.3908 ms 47.2% ALLOW_TF32=False, BLOCK_K=16, BLOCK_M=128, BLOCK_N=128, DILATION_H=1, DILATION_W=1, GROUPS=128, KERNEL_H=1, KERNEL_W=1, PADDING_H=1, PADDING_W=1, STRIDE_H=1, STRIDE_W=1, num_stages=3, num_warps=8
  triton_convolution2d_bwd_weight_248 0.4994 ms 37.0% ALLOW_TF32=False, BLOCK_K=16, BLOCK_M=256, BLOCK_N=64, DILATION_H=1, DILATION_W=1, GROUPS=128, KERNEL_H=1, KERNEL_W=1, PADDING_H=1, PADDING_W=1, STRIDE_H=1, STRIDE_W=1, num_stages=2, num_warps=8
  triton_convolution2d_bwd_weight_245 0.5393 ms 34.2% ALLOW_TF32=False, BLOCK_K=16, BLOCK_M=128, BLOCK_N=128, DILATION_H=1, DILATION_W=1, GROUPS=128, KERNEL_H=1, KERNEL_W=1, PADDING_H=1, PADDING_W=1, STRIDE_H=1, STRIDE_W=1, num_stages=2, num_warps=8
  triton_convolution2d_bwd_weight_244 0.5417 ms 34.1% ALLOW_TF32=False, BLOCK_K=16, BLOCK_M=512, BLOCK_N=16, DILATION_H=1, DILATION_W=1, GROUPS=128, KERNEL_H=1, KERNEL_W=1, PADDING_H=1, PADDING_W=1, STRIDE_H=1, STRIDE_W=1, num_stages=1, num_warps=8
  triton_convolution2d_bwd_weight_243 0.5639 ms 32.7% ALLOW_TF32=False, BLOCK_K=16, BLOCK_M=256, BLOCK_N=64, DILATION_H=1, DILATION_W=1, GROUPS=128, KERNEL_H=1, KERNEL_W=1, PADDING_H=1, PADDING_W=1, STRIDE_H=1, STRIDE_W=1, num_stages=2, num_warps=4
SingleProcess AUTOTUNE benchmarking takes 0.5664 seconds and 13.3425 seconds precompiling for 11 choices
Autotune Choices Stats:
{"num_choices": 11, "num_triton_choices": 11, "best_kernel": "triton_convolution2d_bwd_input_255", "best_kernel_desc": "ALLOW_TF32=False, BLOCK_K=16, BLOCK_M=512, BLOCK_N=16, DILATION_H=1, DILATION_W=1, GROUPS=128, KERNEL_H=1, KERNEL_W=1, PADDING_H=1, PADDING_W=1, STRIDE_H=1, STRIDE_W=1, num_stages=1, num_warps=8", "best_time": 0.01548799965530634, "best_triton_pos": 0}
AUTOTUNE convolution_bwd_input(2x128x18x18, 128x1x1x1)
strides: [s32**2*s37, s32**2, s32, 1], [1, 1, 1, 1]
dtypes: torch.float32, torch.float32
  triton_convolution2d_bwd_input_255 0.0155 ms 100.0% ALLOW_TF32=False, BLOCK_K=16, BLOCK_M=512, BLOCK_N=16, DILATION_H=1, DILATION_W=1, GROUPS=128, KERNEL_H=1, KERNEL_W=1, PADDING_H=1, PADDING_W=1, STRIDE_H=1, STRIDE_W=1, num_stages=1, num_warps=8
  triton_convolution2d_bwd_input_257 0.0163 ms 95.1% ALLOW_TF32=False, BLOCK_K=16, BLOCK_M=64, BLOCK_N=64, DILATION_H=1, DILATION_W=1, GROUPS=128, KERNEL_H=1, KERNEL_W=1, PADDING_H=1, PADDING_W=1, STRIDE_H=1, STRIDE_W=1, num_stages=2, num_warps=4
  triton_convolution2d_bwd_input_262 0.0164 ms 94.5% ALLOW_TF32=False, BLOCK_K=16, BLOCK_M=128, BLOCK_N=64, DILATION_H=1, DILATION_W=1, GROUPS=128, KERNEL_H=1, KERNEL_W=1, PADDING_H=1, PADDING_W=1, STRIDE_H=1, STRIDE_W=1, num_stages=4, num_warps=4
  triton_convolution2d_bwd_input_254 0.0201 ms 77.1% ALLOW_TF32=False, BLOCK_K=16, BLOCK_M=256, BLOCK_N=64, DILATION_H=1, DILATION_W=1, GROUPS=128, KERNEL_H=1, KERNEL_W=1, PADDING_H=1, PADDING_W=1, STRIDE_H=1, STRIDE_W=1, num_stages=2, num_warps=4
  triton_convolution2d_bwd_input_259 0.0204 ms 76.0% ALLOW_TF32=False, BLOCK_K=16, BLOCK_M=256, BLOCK_N=64, DILATION_H=1, DILATION_W=1, GROUPS=128, KERNEL_H=1, KERNEL_W=1, PADDING_H=1, PADDING_W=1, STRIDE_H=1, STRIDE_W=1, num_stages=2, num_warps=8
  triton_convolution2d_bwd_input_261 0.0241 ms 64.4% ALLOW_TF32=False, BLOCK_K=16, BLOCK_M=64, BLOCK_N=128, DILATION_H=1, DILATION_W=1, GROUPS=128, KERNEL_H=1, KERNEL_W=1, PADDING_H=1, PADDING_W=1, STRIDE_H=1, STRIDE_W=1, num_stages=4, num_warps=4
  triton_convolution2d_bwd_input_253 0.0249 ms 62.3% ALLOW_TF32=False, BLOCK_K=16, BLOCK_M=64, BLOCK_N=128, DILATION_H=1, DILATION_W=1, GROUPS=128, KERNEL_H=1, KERNEL_W=1, PADDING_H=1, PADDING_W=1, STRIDE_H=1, STRIDE_W=1, num_stages=2, num_warps=4
  triton_convolution2d_bwd_input_258 0.0255 ms 60.7% ALLOW_TF32=False, BLOCK_K=16, BLOCK_M=64, BLOCK_N=128, DILATION_H=1, DILATION_W=1, GROUPS=128, KERNEL_H=1, KERNEL_W=1, PADDING_H=1, PADDING_W=1, STRIDE_H=1, STRIDE_W=1, num_stages=2, num_warps=8
  triton_convolution2d_bwd_input_256 0.0276 ms 56.1% ALLOW_TF32=False, BLOCK_K=16, BLOCK_M=128, BLOCK_N=128, DILATION_H=1, DILATION_W=1, GROUPS=128, KERNEL_H=1, KERNEL_W=1, PADDING_H=1, PADDING_W=1, STRIDE_H=1, STRIDE_W=1, num_stages=2, num_warps=8
  triton_convolution2d_bwd_input_260 0.0276 ms 56.1% ALLOW_TF32=False, BLOCK_K=16, BLOCK_M=128, BLOCK_N=128, DILATION_H=1, DILATION_W=1, GROUPS=128, KERNEL_H=1, KERNEL_W=1, PADDING_H=1, PADDING_W=1, STRIDE_H=1, STRIDE_W=1, num_stages=3, num_warps=8
SingleProcess AUTOTUNE benchmarking takes 0.3286 seconds and 0.0009 seconds precompiling for 11 choices
.ssssAutotune Choices Stats:
{"num_choices": 11, "num_triton_choices": 11, "best_kernel": "triton_convolution2d_bwd_weight_268", "best_kernel_desc": "ALLOW_TF32=False, BLOCK_K=16, BLOCK_M=64, BLOCK_N=64, DILATION_H=1, DILATION_W=1, GROUPS=4, KERNEL_H=3, KERNEL_W=3, PADDING_H=1, PADDING_W=1, STRIDE_H=1, STRIDE_W=1, num_stages=2, num_warps=4", "best_time": 0.09852799773216248, "best_triton_pos": 0}
AUTOTUNE convolution_bwd_weight(2x4x16x16, 2x128x16x16)
strides: [s32**2*s37, s32**2, s32, 1], [s32**2*s38, s32**2, s32, 1]
dtypes: torch.float32, torch.float32
  triton_convolution2d_bwd_weight_268 0.0985 ms 100.0% ALLOW_TF32=False, BLOCK_K=16, BLOCK_M=64, BLOCK_N=64, DILATION_H=1, DILATION_W=1, GROUPS=4, KERNEL_H=3, KERNEL_W=3, PADDING_H=1, PADDING_W=1, STRIDE_H=1, STRIDE_W=1, num_stages=2, num_warps=4
  triton_convolution2d_bwd_weight_269 0.1632 ms 60.4% ALLOW_TF32=False, BLOCK_K=16, BLOCK_M=64, BLOCK_N=128, DILATION_H=1, DILATION_W=1, GROUPS=4, KERNEL_H=3, KERNEL_W=3, PADDING_H=1, PADDING_W=1, STRIDE_H=1, STRIDE_W=1, num_stages=2, num_warps=8
  triton_convolution2d_bwd_weight_273 0.1905 ms 51.7% ALLOW_TF32=False, BLOCK_K=16, BLOCK_M=128, BLOCK_N=64, DILATION_H=1, DILATION_W=1, GROUPS=4, KERNEL_H=3, KERNEL_W=3, PADDING_H=1, PADDING_W=1, STRIDE_H=1, STRIDE_W=1, num_stages=4, num_warps=4
  triton_convolution2d_bwd_weight_266 0.2012 ms 49.0% ALLOW_TF32=False, BLOCK_K=16, BLOCK_M=512, BLOCK_N=16, DILATION_H=1, DILATION_W=1, GROUPS=4, KERNEL_H=3, KERNEL_W=3, PADDING_H=1, PADDING_W=1, STRIDE_H=1, STRIDE_W=1, num_stages=1, num_warps=8
  triton_convolution2d_bwd_weight_271 0.2068 ms 47.6% ALLOW_TF32=False, BLOCK_K=16, BLOCK_M=128, BLOCK_N=128, DILATION_H=1, DILATION_W=1, GROUPS=4, KERNEL_H=3, KERNEL_W=3, PADDING_H=1, PADDING_W=1, STRIDE_H=1, STRIDE_W=1, num_stages=3, num_warps=8
  triton_convolution2d_bwd_weight_267 0.2108 ms 46.7% ALLOW_TF32=False, BLOCK_K=16, BLOCK_M=128, BLOCK_N=128, DILATION_H=1, DILATION_W=1, GROUPS=4, KERNEL_H=3, KERNEL_W=3, PADDING_H=1, PADDING_W=1, STRIDE_H=1, STRIDE_W=1, num_stages=2, num_warps=8
  triton_convolution2d_bwd_weight_272 0.2121 ms 46.4% ALLOW_TF32=False, BLOCK_K=16, BLOCK_M=64, BLOCK_N=128, DILATION_H=1, DILATION_W=1, GROUPS=4, KERNEL_H=3, KERNEL_W=3, PADDING_H=1, PADDING_W=1, STRIDE_H=1, STRIDE_W=1, num_stages=4, num_warps=4
  triton_convolution2d_bwd_weight_264 0.2707 ms 36.4% ALLOW_TF32=False, BLOCK_K=16, BLOCK_M=64, BLOCK_N=128, DILATION_H=1, DILATION_W=1, GROUPS=4, KERNEL_H=3, KERNEL_W=3, PADDING_H=1, PADDING_W=1, STRIDE_H=1, STRIDE_W=1, num_stages=2, num_warps=4
  triton_convolution2d_bwd_weight_270 0.2860 ms 34.5% ALLOW_TF32=False, BLOCK_K=16, BLOCK_M=256, BLOCK_N=64, DILATION_H=1, DILATION_W=1, GROUPS=4, KERNEL_H=3, KERNEL_W=3, PADDING_H=1, PADDING_W=1, STRIDE_H=1, STRIDE_W=1, num_stages=2, num_warps=8
  triton_convolution2d_bwd_weight_265 0.3379 ms 29.2% ALLOW_TF32=False, BLOCK_K=16, BLOCK_M=256, BLOCK_N=64, DILATION_H=1, DILATION_W=1, GROUPS=4, KERNEL_H=3, KERNEL_W=3, PADDING_H=1, PADDING_W=1, STRIDE_H=1, STRIDE_W=1, num_stages=2, num_warps=4
SingleProcess AUTOTUNE benchmarking takes 0.5787 seconds and 14.7939 seconds precompiling for 11 choices
Autotune Choices Stats:
{"num_choices": 11, "num_triton_choices": 11, "best_kernel": "triton_convolution2d_bwd_input_279", "best_kernel_desc": "ALLOW_TF32=False, BLOCK_K=16, BLOCK_M=64, BLOCK_N=64, DILATION_H=1, DILATION_W=1, GROUPS=4, KERNEL_H=3, KERNEL_W=3, PADDING_H=1, PADDING_W=1, STRIDE_H=1, STRIDE_W=1, num_stages=2, num_warps=4", "best_time": 0.044895999133586884, "best_triton_pos": 0}
AUTOTUNE convolution_bwd_input(2x128x16x16, 128x1x3x3)
strides: [s32**2*s38, s32**2, s32, 1], [s18**2, s18**2, s18, 1]
dtypes: torch.float32, torch.float32
  triton_convolution2d_bwd_input_279 0.0449 ms 100.0% ALLOW_TF32=False, BLOCK_K=16, BLOCK_M=64, BLOCK_N=64, DILATION_H=1, DILATION_W=1, GROUPS=4, KERNEL_H=3, KERNEL_W=3, PADDING_H=1, PADDING_W=1, STRIDE_H=1, STRIDE_W=1, num_stages=2, num_warps=4
  triton_convolution2d_bwd_input_283 0.0563 ms 79.7% ALLOW_TF32=False, BLOCK_K=16, BLOCK_M=64, BLOCK_N=128, DILATION_H=1, DILATION_W=1, GROUPS=4, KERNEL_H=3, KERNEL_W=3, PADDING_H=1, PADDING_W=1, STRIDE_H=1, STRIDE_W=1, num_stages=4, num_warps=4
  triton_convolution2d_bwd_input_275 0.0658 ms 68.2% ALLOW_TF32=False, BLOCK_K=16, BLOCK_M=64, BLOCK_N=128, DILATION_H=1, DILATION_W=1, GROUPS=4, KERNEL_H=3, KERNEL_W=3, PADDING_H=1, PADDING_W=1, STRIDE_H=1, STRIDE_W=1, num_stages=2, num_warps=4
  triton_convolution2d_bwd_input_280 0.0658 ms 68.2% ALLOW_TF32=False, BLOCK_K=16, BLOCK_M=64, BLOCK_N=128, DILATION_H=1, DILATION_W=1, GROUPS=4, KERNEL_H=3, KERNEL_W=3, PADDING_H=1, PADDING_W=1, STRIDE_H=1, STRIDE_W=1, num_stages=2, num_warps=8
  triton_convolution2d_bwd_input_284 0.0716 ms 62.7% ALLOW_TF32=False, BLOCK_K=16, BLOCK_M=128, BLOCK_N=64, DILATION_H=1, DILATION_W=1, GROUPS=4, KERNEL_H=3, KERNEL_W=3, PADDING_H=1, PADDING_W=1, STRIDE_H=1, STRIDE_W=1, num_stages=4, num_warps=4
  triton_convolution2d_bwd_input_277 0.0823 ms 54.6% ALLOW_TF32=False, BLOCK_K=16, BLOCK_M=512, BLOCK_N=16, DILATION_H=1, DILATION_W=1, GROUPS=4, KERNEL_H=3, KERNEL_W=3, PADDING_H=1, PADDING_W=1, STRIDE_H=1, STRIDE_W=1, num_stages=1, num_warps=8
  triton_convolution2d_bwd_input_278 0.1024 ms 43.9% ALLOW_TF32=False, BLOCK_K=16, BLOCK_M=128, BLOCK_N=128, DILATION_H=1, DILATION_W=1, GROUPS=4, KERNEL_H=3, KERNEL_W=3, PADDING_H=1, PADDING_W=1, STRIDE_H=1, STRIDE_W=1, num_stages=2, num_warps=8
  triton_convolution2d_bwd_input_282 0.1046 ms 42.9% ALLOW_TF32=False, BLOCK_K=16, BLOCK_M=128, BLOCK_N=128, DILATION_H=1, DILATION_W=1, GROUPS=4, KERNEL_H=3, KERNEL_W=3, PADDING_H=1, PADDING_W=1, STRIDE_H=1, STRIDE_W=1, num_stages=3, num_warps=8
  triton_convolution2d_bwd_input_276 0.1191 ms 37.7% ALLOW_TF32=False, BLOCK_K=16, BLOCK_M=256, BLOCK_N=64, DILATION_H=1, DILATION_W=1, GROUPS=4, KERNEL_H=3, KERNEL_W=3, PADDING_H=1, PADDING_W=1, STRIDE_H=1, STRIDE_W=1, num_stages=2, num_warps=4
  triton_convolution2d_bwd_input_281 0.1197 ms 37.5% ALLOW_TF32=False, BLOCK_K=16, BLOCK_M=256, BLOCK_N=64, DILATION_H=1, DILATION_W=1, GROUPS=4, KERNEL_H=3, KERNEL_W=3, PADDING_H=1, PADDING_W=1, STRIDE_H=1, STRIDE_W=1, num_stages=2, num_warps=8
SingleProcess AUTOTUNE benchmarking takes 0.3831 seconds and 0.0008 seconds precompiling for 11 choices
.Autotune Choices Stats:
{"num_choices": 11, "num_triton_choices": 11, "best_kernel": "triton_convolution2d_bwd_weight_290", "best_kernel_desc": "ALLOW_TF32=False, BLOCK_K=16, BLOCK_M=64, BLOCK_N=64, DILATION_H=1, DILATION_W=1, GROUPS=4, KERNEL_H=3, KERNEL_W=3, PADDING_H=1, PADDING_W=1, STRIDE_H=1, STRIDE_W=1, num_stages=2, num_warps=4", "best_time": 0.08659200370311737, "best_triton_pos": 0}
AUTOTUNE convolution_bwd_weight(2x4x16x16, 2x128x16x16)
strides: [s32**2*s37, s32, s32*s37, 1], [s32**2*s38, s32, s32*s38, 1]
dtypes: torch.float32, torch.float32
  triton_convolution2d_bwd_weight_290 0.0866 ms 100.0% ALLOW_TF32=False, BLOCK_K=16, BLOCK_M=64, BLOCK_N=64, DILATION_H=1, DILATION_W=1, GROUPS=4, KERNEL_H=3, KERNEL_W=3, PADDING_H=1, PADDING_W=1, STRIDE_H=1, STRIDE_W=1, num_stages=2, num_warps=4
  triton_convolution2d_bwd_weight_291 0.1373 ms 63.1% ALLOW_TF32=False, BLOCK_K=16, BLOCK_M=64, BLOCK_N=128, DILATION_H=1, DILATION_W=1, GROUPS=4, KERNEL_H=3, KERNEL_W=3, PADDING_H=1, PADDING_W=1, STRIDE_H=1, STRIDE_W=1, num_stages=2, num_warps=8
  triton_convolution2d_bwd_weight_293 0.1754 ms 49.4% ALLOW_TF32=False, BLOCK_K=16, BLOCK_M=128, BLOCK_N=128, DILATION_H=1, DILATION_W=1, GROUPS=4, KERNEL_H=3, KERNEL_W=3, PADDING_H=1, PADDING_W=1, STRIDE_H=1, STRIDE_W=1, num_stages=3, num_warps=8
  triton_convolution2d_bwd_weight_295 0.1825 ms 47.5% ALLOW_TF32=False, BLOCK_K=16, BLOCK_M=128, BLOCK_N=64, DILATION_H=1, DILATION_W=1, GROUPS=4, KERNEL_H=3, KERNEL_W=3, PADDING_H=1, PADDING_W=1, STRIDE_H=1, STRIDE_W=1, num_stages=4, num_warps=4
  triton_convolution2d_bwd_weight_294 0.1912 ms 45.3% ALLOW_TF32=False, BLOCK_K=16, BLOCK_M=64, BLOCK_N=128, DILATION_H=1, DILATION_W=1, GROUPS=4, KERNEL_H=3, KERNEL_W=3, PADDING_H=1, PADDING_W=1, STRIDE_H=1, STRIDE_W=1, num_stages=4, num_warps=4
  triton_convolution2d_bwd_weight_289 0.2213 ms 39.1% ALLOW_TF32=False, BLOCK_K=16, BLOCK_M=128, BLOCK_N=128, DILATION_H=1, DILATION_W=1, GROUPS=4, KERNEL_H=3, KERNEL_W=3, PADDING_H=1, PADDING_W=1, STRIDE_H=1, STRIDE_W=1, num_stages=2, num_warps=8
  triton_convolution2d_bwd_weight_286 0.2328 ms 37.2% ALLOW_TF32=False, BLOCK_K=16, BLOCK_M=64, BLOCK_N=128, DILATION_H=1, DILATION_W=1, GROUPS=4, KERNEL_H=3, KERNEL_W=3, PADDING_H=1, PADDING_W=1, STRIDE_H=1, STRIDE_W=1, num_stages=2, num_warps=4
  triton_convolution2d_bwd_weight_292 0.2424 ms 35.7% ALLOW_TF32=False, BLOCK_K=16, BLOCK_M=256, BLOCK_N=64, DILATION_H=1, DILATION_W=1, GROUPS=4, KERNEL_H=3, KERNEL_W=3, PADDING_H=1, PADDING_W=1, STRIDE_H=1, STRIDE_W=1, num_stages=2, num_warps=8
  triton_convolution2d_bwd_weight_288 0.2434 ms 35.6% ALLOW_TF32=False, BLOCK_K=16, BLOCK_M=512, BLOCK_N=16, DILATION_H=1, DILATION_W=1, GROUPS=4, KERNEL_H=3, KERNEL_W=3, PADDING_H=1, PADDING_W=1, STRIDE_H=1, STRIDE_W=1, num_stages=1, num_warps=8
  triton_convolution2d_bwd_weight_287 0.3533 ms 24.5% ALLOW_TF32=False, BLOCK_K=16, BLOCK_M=256, BLOCK_N=64, DILATION_H=1, DILATION_W=1, GROUPS=4, KERNEL_H=3, KERNEL_W=3, PADDING_H=1, PADDING_W=1, STRIDE_H=1, STRIDE_W=1, num_stages=2, num_warps=4
SingleProcess AUTOTUNE benchmarking takes 0.5483 seconds and 15.0214 seconds precompiling for 11 choices
Autotune Choices Stats:
{"num_choices": 11, "num_triton_choices": 11, "best_kernel": "triton_convolution2d_bwd_input_301", "best_kernel_desc": "ALLOW_TF32=False, BLOCK_K=16, BLOCK_M=64, BLOCK_N=64, DILATION_H=1, DILATION_W=1, GROUPS=4, KERNEL_H=3, KERNEL_W=3, PADDING_H=1, PADDING_W=1, STRIDE_H=1, STRIDE_W=1, num_stages=2, num_warps=4", "best_time": 0.047680001705884933, "best_triton_pos": 0}
AUTOTUNE convolution_bwd_input(2x128x16x16, 128x1x3x3)
strides: [s32**2*s38, 1, s32*s38, s38], [s18**2, 1, s18, 1]
dtypes: torch.float32, torch.float32
  triton_convolution2d_bwd_input_301 0.0477 ms 100.0% ALLOW_TF32=False, BLOCK_K=16, BLOCK_M=64, BLOCK_N=64, DILATION_H=1, DILATION_W=1, GROUPS=4, KERNEL_H=3, KERNEL_W=3, PADDING_H=1, PADDING_W=1, STRIDE_H=1, STRIDE_W=1, num_stages=2, num_warps=4
  triton_convolution2d_bwd_input_297 0.0586 ms 81.4% ALLOW_TF32=False, BLOCK_K=16, BLOCK_M=64, BLOCK_N=128, DILATION_H=1, DILATION_W=1, GROUPS=4, KERNEL_H=3, KERNEL_W=3, PADDING_H=1, PADDING_W=1, STRIDE_H=1, STRIDE_W=1, num_stages=2, num_warps=4
  triton_convolution2d_bwd_input_305 0.0601 ms 79.3% ALLOW_TF32=False, BLOCK_K=16, BLOCK_M=64, BLOCK_N=128, DILATION_H=1, DILATION_W=1, GROUPS=4, KERNEL_H=3, KERNEL_W=3, PADDING_H=1, PADDING_W=1, STRIDE_H=1, STRIDE_W=1, num_stages=4, num_warps=4
  triton_convolution2d_bwd_input_302 0.0702 ms 67.9% ALLOW_TF32=False, BLOCK_K=16, BLOCK_M=64, BLOCK_N=128, DILATION_H=1, DILATION_W=1, GROUPS=4, KERNEL_H=3, KERNEL_W=3, PADDING_H=1, PADDING_W=1, STRIDE_H=1, STRIDE_W=1, num_stages=2, num_warps=8
  triton_convolution2d_bwd_input_306 0.0773 ms 61.6% ALLOW_TF32=False, BLOCK_K=16, BLOCK_M=128, BLOCK_N=64, DILATION_H=1, DILATION_W=1, GROUPS=4, KERNEL_H=3, KERNEL_W=3, PADDING_H=1, PADDING_W=1, STRIDE_H=1, STRIDE_W=1, num_stages=4, num_warps=4
  triton_convolution2d_bwd_input_299 0.0960 ms 49.7% ALLOW_TF32=False, BLOCK_K=16, BLOCK_M=512, BLOCK_N=16, DILATION_H=1, DILATION_W=1, GROUPS=4, KERNEL_H=3, KERNEL_W=3, PADDING_H=1, PADDING_W=1, STRIDE_H=1, STRIDE_W=1, num_stages=1, num_warps=8
  triton_convolution2d_bwd_input_300 0.1090 ms 43.7% ALLOW_TF32=False, BLOCK_K=16, BLOCK_M=128, BLOCK_N=128, DILATION_H=1, DILATION_W=1, GROUPS=4, KERNEL_H=3, KERNEL_W=3, PADDING_H=1, PADDING_W=1, STRIDE_H=1, STRIDE_W=1, num_stages=2, num_warps=8
  triton_convolution2d_bwd_input_304 0.1103 ms 43.2% ALLOW_TF32=False, BLOCK_K=16, BLOCK_M=128, BLOCK_N=128, DILATION_H=1, DILATION_W=1, GROUPS=4, KERNEL_H=3, KERNEL_W=3, PADDING_H=1, PADDING_W=1, STRIDE_H=1, STRIDE_W=1, num_stages=3, num_warps=8
  triton_convolution2d_bwd_input_303 0.1108 ms 43.1% ALLOW_TF32=False, BLOCK_K=16, BLOCK_M=256, BLOCK_N=64, DILATION_H=1, DILATION_W=1, GROUPS=4, KERNEL_H=3, KERNEL_W=3, PADDING_H=1, PADDING_W=1, STRIDE_H=1, STRIDE_W=1, num_stages=2, num_warps=8
  triton_convolution2d_bwd_input_298 0.1319 ms 36.1% ALLOW_TF32=False, BLOCK_K=16, BLOCK_M=256, BLOCK_N=64, DILATION_H=1, DILATION_W=1, GROUPS=4, KERNEL_H=3, KERNEL_W=3, PADDING_H=1, PADDING_W=1, STRIDE_H=1, STRIDE_W=1, num_stages=2, num_warps=4
SingleProcess AUTOTUNE benchmarking takes 0.4203 seconds and 0.0007 seconds precompiling for 11 choices
.ssssAutotune Choices Stats:
{"num_choices": 11, "num_triton_choices": 11, "best_kernel": "triton_convolution2d_bwd_weight_312", "best_kernel_desc": "ALLOW_TF32=False, BLOCK_K=16, BLOCK_M=64, BLOCK_N=64, DILATION_H=1, DILATION_W=1, GROUPS=128, KERNEL_H=3, KERNEL_W=3, PADDING_H=1, PADDING_W=1, STRIDE_H=1, STRIDE_W=1, num_stages=2, num_warps=4", "best_time": 0.11926399916410446, "best_triton_pos": 0}
AUTOTUNE convolution_bwd_weight(2x128x16x16, 2x128x16x16)
strides: [s32**2*s37, s32**2, s32, 1], [s32**2*s37, s32**2, s32, 1]
dtypes: torch.float32, torch.float32
  triton_convolution2d_bwd_weight_312 0.1193 ms 100.0% ALLOW_TF32=False, BLOCK_K=16, BLOCK_M=64, BLOCK_N=64, DILATION_H=1, DILATION_W=1, GROUPS=128, KERNEL_H=3, KERNEL_W=3, PADDING_H=1, PADDING_W=1, STRIDE_H=1, STRIDE_W=1, num_stages=2, num_warps=4
  triton_convolution2d_bwd_weight_313 0.2246 ms 53.1% ALLOW_TF32=False, BLOCK_K=16, BLOCK_M=64, BLOCK_N=128, DILATION_H=1, DILATION_W=1, GROUPS=128, KERNEL_H=3, KERNEL_W=3, PADDING_H=1, PADDING_W=1, STRIDE_H=1, STRIDE_W=1, num_stages=2, num_warps=8
  triton_convolution2d_bwd_weight_317 0.2442 ms 48.8% ALLOW_TF32=False, BLOCK_K=16, BLOCK_M=128, BLOCK_N=64, DILATION_H=1, DILATION_W=1, GROUPS=128, KERNEL_H=3, KERNEL_W=3, PADDING_H=1, PADDING_W=1, STRIDE_H=1, STRIDE_W=1, num_stages=4, num_warps=4
  triton_convolution2d_bwd_weight_316 0.2489 ms 47.9% ALLOW_TF32=False, BLOCK_K=16, BLOCK_M=64, BLOCK_N=128, DILATION_H=1, DILATION_W=1, GROUPS=128, KERNEL_H=3, KERNEL_W=3, PADDING_H=1, PADDING_W=1, STRIDE_H=1, STRIDE_W=1, num_stages=4, num_warps=4
  triton_convolution2d_bwd_weight_308 0.2991 ms 39.9% ALLOW_TF32=False, BLOCK_K=16, BLOCK_M=64, BLOCK_N=128, DILATION_H=1, DILATION_W=1, GROUPS=128, KERNEL_H=3, KERNEL_W=3, PADDING_H=1, PADDING_W=1, STRIDE_H=1, STRIDE_W=1, num_stages=2, num_warps=4
  triton_convolution2d_bwd_weight_315 0.3171 ms 37.6% ALLOW_TF32=False, BLOCK_K=16, BLOCK_M=128, BLOCK_N=128, DILATION_H=1, DILATION_W=1, GROUPS=128, KERNEL_H=3, KERNEL_W=3, PADDING_H=1, PADDING_W=1, STRIDE_H=1, STRIDE_W=1, num_stages=3, num_warps=8
  triton_convolution2d_bwd_weight_311 0.4009 ms 29.7% ALLOW_TF32=False, BLOCK_K=16, BLOCK_M=128, BLOCK_N=128, DILATION_H=1, DILATION_W=1, GROUPS=128, KERNEL_H=3, KERNEL_W=3, PADDING_H=1, PADDING_W=1, STRIDE_H=1, STRIDE_W=1, num_stages=2, num_warps=8
  triton_convolution2d_bwd_weight_314 0.4581 ms 26.0% ALLOW_TF32=False, BLOCK_K=16, BLOCK_M=256, BLOCK_N=64, DILATION_H=1, DILATION_W=1, GROUPS=128, KERNEL_H=3, KERNEL_W=3, PADDING_H=1, PADDING_W=1, STRIDE_H=1, STRIDE_W=1, num_stages=2, num_warps=8
  triton_convolution2d_bwd_weight_309 0.4799 ms 24.9% ALLOW_TF32=False, BLOCK_K=16, BLOCK_M=256, BLOCK_N=64, DILATION_H=1, DILATION_W=1, GROUPS=128, KERNEL_H=3, KERNEL_W=3, PADDING_H=1, PADDING_W=1, STRIDE_H=1, STRIDE_W=1, num_stages=2, num_warps=4
  triton_convolution2d_bwd_weight_310 0.5709 ms 20.9% ALLOW_TF32=False, BLOCK_K=16, BLOCK_M=512, BLOCK_N=16, DILATION_H=1, DILATION_W=1, GROUPS=128, KERNEL_H=3, KERNEL_W=3, PADDING_H=1, PADDING_W=1, STRIDE_H=1, STRIDE_W=1, num_stages=1, num_warps=8
SingleProcess AUTOTUNE benchmarking takes 0.5513 seconds and 14.8709 seconds precompiling for 11 choices
Autotune Choices Stats:
{"num_choices": 11, "num_triton_choices": 11, "best_kernel": "triton_convolution2d_bwd_input_323", "best_kernel_desc": "ALLOW_TF32=False, BLOCK_K=16, BLOCK_M=64, BLOCK_N=64, DILATION_H=1, DILATION_W=1, GROUPS=128, KERNEL_H=3, KERNEL_W=3, PADDING_H=1, PADDING_W=1, STRIDE_H=1, STRIDE_W=1, num_stages=2, num_warps=4", "best_time": 0.01635199971497059, "best_triton_pos": 0}
AUTOTUNE convolution_bwd_input(2x128x16x16, 128x1x3x3)
strides: [s32**2*s37, s32**2, s32, 1], [s18**2, s18**2, s18, 1]
dtypes: torch.float32, torch.float32
  triton_convolution2d_bwd_input_323 0.0164 ms 100.0% ALLOW_TF32=False, BLOCK_K=16, BLOCK_M=64, BLOCK_N=64, DILATION_H=1, DILATION_W=1, GROUPS=128, KERNEL_H=3, KERNEL_W=3, PADDING_H=1, PADDING_W=1, STRIDE_H=1, STRIDE_W=1, num_stages=2, num_warps=4
  triton_convolution2d_bwd_input_328 0.0164 ms 100.0% ALLOW_TF32=False, BLOCK_K=16, BLOCK_M=128, BLOCK_N=64, DILATION_H=1, DILATION_W=1, GROUPS=128, KERNEL_H=3, KERNEL_W=3, PADDING_H=1, PADDING_W=1, STRIDE_H=1, STRIDE_W=1, num_stages=4, num_warps=4
  triton_convolution2d_bwd_input_320 0.0191 ms 85.6% ALLOW_TF32=False, BLOCK_K=16, BLOCK_M=256, BLOCK_N=64, DILATION_H=1, DILATION_W=1, GROUPS=128, KERNEL_H=3, KERNEL_W=3, PADDING_H=1, PADDING_W=1, STRIDE_H=1, STRIDE_W=1, num_stages=2, num_warps=4
  triton_convolution2d_bwd_input_325 0.0199 ms 82.3% ALLOW_TF32=False, BLOCK_K=16, BLOCK_M=256, BLOCK_N=64, DILATION_H=1, DILATION_W=1, GROUPS=128, KERNEL_H=3, KERNEL_W=3, PADDING_H=1, PADDING_W=1, STRIDE_H=1, STRIDE_W=1, num_stages=2, num_warps=8
  triton_convolution2d_bwd_input_319 0.0238 ms 68.8% ALLOW_TF32=False, BLOCK_K=16, BLOCK_M=64, BLOCK_N=128, DILATION_H=1, DILATION_W=1, GROUPS=128, KERNEL_H=3, KERNEL_W=3, PADDING_H=1, PADDING_W=1, STRIDE_H=1, STRIDE_W=1, num_stages=2, num_warps=4
  triton_convolution2d_bwd_input_327 0.0239 ms 68.4% ALLOW_TF32=False, BLOCK_K=16, BLOCK_M=64, BLOCK_N=128, DILATION_H=1, DILATION_W=1, GROUPS=128, KERNEL_H=3, KERNEL_W=3, PADDING_H=1, PADDING_W=1, STRIDE_H=1, STRIDE_W=1, num_stages=4, num_warps=4
  triton_convolution2d_bwd_input_324 0.0263 ms 62.2% ALLOW_TF32=False, BLOCK_K=16, BLOCK_M=64, BLOCK_N=128, DILATION_H=1, DILATION_W=1, GROUPS=128, KERNEL_H=3, KERNEL_W=3, PADDING_H=1, PADDING_W=1, STRIDE_H=1, STRIDE_W=1, num_stages=2, num_warps=8
  triton_convolution2d_bwd_input_322 0.0268 ms 61.1% ALLOW_TF32=False, BLOCK_K=16, BLOCK_M=128, BLOCK_N=128, DILATION_H=1, DILATION_W=1, GROUPS=128, KERNEL_H=3, KERNEL_W=3, PADDING_H=1, PADDING_W=1, STRIDE_H=1, STRIDE_W=1, num_stages=2, num_warps=8
  triton_convolution2d_bwd_input_329 0.0334 ms 48.9% ALLOW_TF32=False, BLOCK_K=16, BLOCK_M=256, BLOCK_N=128, DILATION_H=1, DILATION_W=1, GROUPS=128, KERNEL_H=3, KERNEL_W=3, PADDING_H=1, PADDING_W=1, STRIDE_H=1, STRIDE_W=1, num_stages=2, num_warps=8
  triton_convolution2d_bwd_input_321 0.0400 ms 40.9% ALLOW_TF32=False, BLOCK_K=16, BLOCK_M=512, BLOCK_N=16, DILATION_H=1, DILATION_W=1, GROUPS=128, KERNEL_H=3, KERNEL_W=3, PADDING_H=1, PADDING_W=1, STRIDE_H=1, STRIDE_W=1, num_stages=1, num_warps=8
SingleProcess AUTOTUNE benchmarking takes 0.3250 seconds and 0.0005 seconds precompiling for 11 choices
.Autotune Choices Stats:
{"num_choices": 11, "num_triton_choices": 11, "best_kernel": "triton_convolution2d_bwd_weight_334", "best_kernel_desc": "ALLOW_TF32=False, BLOCK_K=16, BLOCK_M=64, BLOCK_N=64, DILATION_H=1, DILATION_W=1, GROUPS=128, KERNEL_H=3, KERNEL_W=3, PADDING_H=1, PADDING_W=1, STRIDE_H=1, STRIDE_W=1, num_stages=2, num_warps=4", "best_time": 0.14668799936771393, "best_triton_pos": 0}
AUTOTUNE convolution_bwd_weight(2x128x16x16, 2x128x16x16)
strides: [s32**2*s37, s32, s32*s37, 1], [s32**2*s37, s32, s32*s37, 1]
dtypes: torch.float32, torch.float32
  triton_convolution2d_bwd_weight_334 0.1467 ms 100.0% ALLOW_TF32=False, BLOCK_K=16, BLOCK_M=64, BLOCK_N=64, DILATION_H=1, DILATION_W=1, GROUPS=128, KERNEL_H=3, KERNEL_W=3, PADDING_H=1, PADDING_W=1, STRIDE_H=1, STRIDE_W=1, num_stages=2, num_warps=4
  triton_convolution2d_bwd_weight_335 0.2270 ms 64.6% ALLOW_TF32=False, BLOCK_K=16, BLOCK_M=64, BLOCK_N=128, DILATION_H=1, DILATION_W=1, GROUPS=128, KERNEL_H=3, KERNEL_W=3, PADDING_H=1, PADDING_W=1, STRIDE_H=1, STRIDE_W=1, num_stages=2, num_warps=8
  triton_convolution2d_bwd_weight_339 0.2452 ms 59.8% ALLOW_TF32=False, BLOCK_K=16, BLOCK_M=128, BLOCK_N=64, DILATION_H=1, DILATION_W=1, GROUPS=128, KERNEL_H=3, KERNEL_W=3, PADDING_H=1, PADDING_W=1, STRIDE_H=1, STRIDE_W=1, num_stages=4, num_warps=4
  triton_convolution2d_bwd_weight_338 0.2512 ms 58.4% ALLOW_TF32=False, BLOCK_K=16, BLOCK_M=64, BLOCK_N=128, DILATION_H=1, DILATION_W=1, GROUPS=128, KERNEL_H=3, KERNEL_W=3, PADDING_H=1, PADDING_W=1, STRIDE_H=1, STRIDE_W=1, num_stages=4, num_warps=4
  triton_convolution2d_bwd_weight_330 0.3036 ms 48.3% ALLOW_TF32=False, BLOCK_K=16, BLOCK_M=64, BLOCK_N=128, DILATION_H=1, DILATION_W=1, GROUPS=128, KERNEL_H=3, KERNEL_W=3, PADDING_H=1, PADDING_W=1, STRIDE_H=1, STRIDE_W=1, num_stages=2, num_warps=4
  triton_convolution2d_bwd_weight_337 0.3175 ms 46.2% ALLOW_TF32=False, BLOCK_K=16, BLOCK_M=128, BLOCK_N=128, DILATION_H=1, DILATION_W=1, GROUPS=128, KERNEL_H=3, KERNEL_W=3, PADDING_H=1, PADDING_W=1, STRIDE_H=1, STRIDE_W=1, num_stages=3, num_warps=8
  triton_convolution2d_bwd_weight_333 0.4019 ms 36.5% ALLOW_TF32=False, BLOCK_K=16, BLOCK_M=128, BLOCK_N=128, DILATION_H=1, DILATION_W=1, GROUPS=128, KERNEL_H=3, KERNEL_W=3, PADDING_H=1, PADDING_W=1, STRIDE_H=1, STRIDE_W=1, num_stages=2, num_warps=8
  triton_convolution2d_bwd_weight_336 0.4707 ms 31.2% ALLOW_TF32=False, BLOCK_K=16, BLOCK_M=256, BLOCK_N=64, DILATION_H=1, DILATION_W=1, GROUPS=128, KERNEL_H=3, KERNEL_W=3, PADDING_H=1, PADDING_W=1, STRIDE_H=1, STRIDE_W=1, num_stages=2, num_warps=8
  triton_convolution2d_bwd_weight_331 0.4798 ms 30.6% ALLOW_TF32=False, BLOCK_K=16, BLOCK_M=256, BLOCK_N=64, DILATION_H=1, DILATION_W=1, GROUPS=128, KERNEL_H=3, KERNEL_W=3, PADDING_H=1, PADDING_W=1, STRIDE_H=1, STRIDE_W=1, num_stages=2, num_warps=4
  triton_convolution2d_bwd_weight_332 0.5651 ms 26.0% ALLOW_TF32=False, BLOCK_K=16, BLOCK_M=512, BLOCK_N=16, DILATION_H=1, DILATION_W=1, GROUPS=128, KERNEL_H=3, KERNEL_W=3, PADDING_H=1, PADDING_W=1, STRIDE_H=1, STRIDE_W=1, num_stages=1, num_warps=8
SingleProcess AUTOTUNE benchmarking takes 0.5685 seconds and 14.9828 seconds precompiling for 11 choices
Autotune Choices Stats:
{"num_choices": 11, "num_triton_choices": 11, "best_kernel": "triton_convolution2d_bwd_input_345", "best_kernel_desc": "ALLOW_TF32=False, BLOCK_K=16, BLOCK_M=64, BLOCK_N=64, DILATION_H=1, DILATION_W=1, GROUPS=128, KERNEL_H=3, KERNEL_W=3, PADDING_H=1, PADDING_W=1, STRIDE_H=1, STRIDE_W=1, num_stages=2, num_warps=4", "best_time": 0.018400000408291817, "best_triton_pos": 0}
AUTOTUNE convolution_bwd_input(2x128x16x16, 128x1x3x3)
strides: [s32**2*s37, 1, s32*s37, s37], [s18**2, 1, s18, 1]
dtypes: torch.float32, torch.float32
  triton_convolution2d_bwd_input_345 0.0184 ms 100.0% ALLOW_TF32=False, BLOCK_K=16, BLOCK_M=64, BLOCK_N=64, DILATION_H=1, DILATION_W=1, GROUPS=128, KERNEL_H=3, KERNEL_W=3, PADDING_H=1, PADDING_W=1, STRIDE_H=1, STRIDE_W=1, num_stages=2, num_warps=4
  triton_convolution2d_bwd_input_350 0.0185 ms 99.7% ALLOW_TF32=False, BLOCK_K=16, BLOCK_M=128, BLOCK_N=64, DILATION_H=1, DILATION_W=1, GROUPS=128, KERNEL_H=3, KERNEL_W=3, PADDING_H=1, PADDING_W=1, STRIDE_H=1, STRIDE_W=1, num_stages=4, num_warps=4
  triton_convolution2d_bwd_input_342 0.0234 ms 78.7% ALLOW_TF32=False, BLOCK_K=16, BLOCK_M=256, BLOCK_N=64, DILATION_H=1, DILATION_W=1, GROUPS=128, KERNEL_H=3, KERNEL_W=3, PADDING_H=1, PADDING_W=1, STRIDE_H=1, STRIDE_W=1, num_stages=2, num_warps=4
  triton_convolution2d_bwd_input_347 0.0243 ms 75.7% ALLOW_TF32=False, BLOCK_K=16, BLOCK_M=256, BLOCK_N=64, DILATION_H=1, DILATION_W=1, GROUPS=128, KERNEL_H=3, KERNEL_W=3, PADDING_H=1, PADDING_W=1, STRIDE_H=1, STRIDE_W=1, num_stages=2, num_warps=8
  triton_convolution2d_bwd_input_341 0.0272 ms 67.6% ALLOW_TF32=False, BLOCK_K=16, BLOCK_M=64, BLOCK_N=128, DILATION_H=1, DILATION_W=1, GROUPS=128, KERNEL_H=3, KERNEL_W=3, PADDING_H=1, PADDING_W=1, STRIDE_H=1, STRIDE_W=1, num_stages=2, num_warps=4
  triton_convolution2d_bwd_input_349 0.0272 ms 67.6% ALLOW_TF32=False, BLOCK_K=16, BLOCK_M=64, BLOCK_N=128, DILATION_H=1, DILATION_W=1, GROUPS=128, KERNEL_H=3, KERNEL_W=3, PADDING_H=1, PADDING_W=1, STRIDE_H=1, STRIDE_W=1, num_stages=4, num_warps=4
  triton_convolution2d_bwd_input_346 0.0335 ms 55.0% ALLOW_TF32=False, BLOCK_K=16, BLOCK_M=64, BLOCK_N=128, DILATION_H=1, DILATION_W=1, GROUPS=128, KERNEL_H=3, KERNEL_W=3, PADDING_H=1, PADDING_W=1, STRIDE_H=1, STRIDE_W=1, num_stages=2, num_warps=8
  triton_convolution2d_bwd_input_344 0.0386 ms 47.6% ALLOW_TF32=False, BLOCK_K=16, BLOCK_M=128, BLOCK_N=128, DILATION_H=1, DILATION_W=1, GROUPS=128, KERNEL_H=3, KERNEL_W=3, PADDING_H=1, PADDING_W=1, STRIDE_H=1, STRIDE_W=1, num_stages=2, num_warps=8
  triton_convolution2d_bwd_input_343 0.0399 ms 46.1% ALLOW_TF32=False, BLOCK_K=16, BLOCK_M=512, BLOCK_N=16, DILATION_H=1, DILATION_W=1, GROUPS=128, KERNEL_H=3, KERNEL_W=3, PADDING_H=1, PADDING_W=1, STRIDE_H=1, STRIDE_W=1, num_stages=1, num_warps=8
  triton_convolution2d_bwd_input_351 0.0420 ms 43.8% ALLOW_TF32=False, BLOCK_K=16, BLOCK_M=256, BLOCK_N=128, DILATION_H=1, DILATION_W=1, GROUPS=128, KERNEL_H=3, KERNEL_W=3, PADDING_H=1, PADDING_W=1, STRIDE_H=1, STRIDE_W=1, num_stages=2, num_warps=8
SingleProcess AUTOTUNE benchmarking takes 0.3108 seconds and 0.0006 seconds precompiling for 11 choices
.ssssAutotune Choices Stats:
{"num_choices": 11, "num_triton_choices": 11, "best_kernel": "triton_convolution2d_bwd_weight_356", "best_kernel_desc": "ALLOW_TF32=False, BLOCK_K=16, BLOCK_M=64, BLOCK_N=64, DILATION_H=1, DILATION_W=1, GROUPS=4, KERNEL_H=1, KERNEL_W=1, PADDING_H=0, PADDING_W=0, STRIDE_H=2, STRIDE_W=2, num_stages=2, num_warps=4", "best_time": 0.0387520007789135, "best_triton_pos": 0}
AUTOTUNE convolution_bwd_weight(2x4x16x16, 2x128x8x8)
strides: [s13**2*s37, s13**2, s13, 1], [s32**2*s38, s32**2, s32, 1]
dtypes: torch.float32, torch.float32
  triton_convolution2d_bwd_weight_356 0.0388 ms 100.0% ALLOW_TF32=False, BLOCK_K=16, BLOCK_M=64, BLOCK_N=64, DILATION_H=1, DILATION_W=1, GROUPS=4, KERNEL_H=1, KERNEL_W=1, PADDING_H=0, PADDING_W=0, STRIDE_H=2, STRIDE_W=2, num_stages=2, num_warps=4
  triton_convolution2d_bwd_weight_359 0.0581 ms 66.6% ALLOW_TF32=False, BLOCK_K=16, BLOCK_M=128, BLOCK_N=128, DILATION_H=1, DILATION_W=1, GROUPS=4, KERNEL_H=1, KERNEL_W=1, PADDING_H=0, PADDING_W=0, STRIDE_H=2, STRIDE_W=2, num_stages=3, num_warps=8
  triton_convolution2d_bwd_weight_357 0.0607 ms 63.8% ALLOW_TF32=False, BLOCK_K=16, BLOCK_M=64, BLOCK_N=128, DILATION_H=1, DILATION_W=1, GROUPS=4, KERNEL_H=1, KERNEL_W=1, PADDING_H=0, PADDING_W=0, STRIDE_H=2, STRIDE_W=2, num_stages=2, num_warps=8
  triton_convolution2d_bwd_weight_360 0.0635 ms 61.0% ALLOW_TF32=False, BLOCK_K=16, BLOCK_M=64, BLOCK_N=128, DILATION_H=1, DILATION_W=1, GROUPS=4, KERNEL_H=1, KERNEL_W=1, PADDING_H=0, PADDING_W=0, STRIDE_H=2, STRIDE_W=2, num_stages=4, num_warps=4
  triton_convolution2d_bwd_weight_361 0.0703 ms 55.1% ALLOW_TF32=False, BLOCK_K=16, BLOCK_M=128, BLOCK_N=64, DILATION_H=1, DILATION_W=1, GROUPS=4, KERNEL_H=1, KERNEL_W=1, PADDING_H=0, PADDING_W=0, STRIDE_H=2, STRIDE_W=2, num_stages=4, num_warps=4
  triton_convolution2d_bwd_weight_355 0.0765 ms 50.6% ALLOW_TF32=False, BLOCK_K=16, BLOCK_M=128, BLOCK_N=128, DILATION_H=1, DILATION_W=1, GROUPS=4, KERNEL_H=1, KERNEL_W=1, PADDING_H=0, PADDING_W=0, STRIDE_H=2, STRIDE_W=2, num_stages=2, num_warps=8
  triton_convolution2d_bwd_weight_354 0.0767 ms 50.5% ALLOW_TF32=False, BLOCK_K=16, BLOCK_M=512, BLOCK_N=16, DILATION_H=1, DILATION_W=1, GROUPS=4, KERNEL_H=1, KERNEL_W=1, PADDING_H=0, PADDING_W=0, STRIDE_H=2, STRIDE_W=2, num_stages=1, num_warps=8
  triton_convolution2d_bwd_weight_352 0.0775 ms 50.0% ALLOW_TF32=False, BLOCK_K=16, BLOCK_M=64, BLOCK_N=128, DILATION_H=1, DILATION_W=1, GROUPS=4, KERNEL_H=1, KERNEL_W=1, PADDING_H=0, PADDING_W=0, STRIDE_H=2, STRIDE_W=2, num_stages=2, num_warps=4
  triton_convolution2d_bwd_weight_353 0.0883 ms 43.9% ALLOW_TF32=False, BLOCK_K=16, BLOCK_M=256, BLOCK_N=64, DILATION_H=1, DILATION_W=1, GROUPS=4, KERNEL_H=1, KERNEL_W=1, PADDING_H=0, PADDING_W=0, STRIDE_H=2, STRIDE_W=2, num_stages=2, num_warps=4
  triton_convolution2d_bwd_weight_358 0.0913 ms 42.4% ALLOW_TF32=False, BLOCK_K=16, BLOCK_M=256, BLOCK_N=64, DILATION_H=1, DILATION_W=1, GROUPS=4, KERNEL_H=1, KERNEL_W=1, PADDING_H=0, PADDING_W=0, STRIDE_H=2, STRIDE_W=2, num_stages=2, num_warps=8
SingleProcess AUTOTUNE benchmarking takes 0.3602 seconds and 12.5784 seconds precompiling for 11 choices
Autotune Choices Stats:
{"num_choices": 11, "num_triton_choices": 11, "best_kernel": "triton_convolution2d_bwd_input_367", "best_kernel_desc": "ALLOW_TF32=False, BLOCK_K=16, BLOCK_M=64, BLOCK_N=64, DILATION_H=1, DILATION_W=1, GROUPS=4, KERNEL_H=1, KERNEL_W=1, PADDING_H=0, PADDING_W=0, STRIDE_H=2, STRIDE_W=2, num_stages=2, num_warps=4", "best_time": 0.010847999714314938, "best_triton_pos": 0}
AUTOTUNE convolution_bwd_input(2x128x8x8, 128x1x1x1)
strides: [s32**2*s38, s32**2, s32, 1], [1, 1, 1, 1]
dtypes: torch.float32, torch.float32
  triton_convolution2d_bwd_input_367 0.0108 ms 100.0% ALLOW_TF32=False, BLOCK_K=16, BLOCK_M=64, BLOCK_N=64, DILATION_H=1, DILATION_W=1, GROUPS=4, KERNEL_H=1, KERNEL_W=1, PADDING_H=0, PADDING_W=0, STRIDE_H=2, STRIDE_W=2, num_stages=2, num_warps=4
  triton_convolution2d_bwd_input_363 0.0131 ms 83.1% ALLOW_TF32=False, BLOCK_K=16, BLOCK_M=64, BLOCK_N=128, DILATION_H=1, DILATION_W=1, GROUPS=4, KERNEL_H=1, KERNEL_W=1, PADDING_H=0, PADDING_W=0, STRIDE_H=2, STRIDE_W=2, num_stages=2, num_warps=4
  triton_convolution2d_bwd_input_368 0.0140 ms 77.6% ALLOW_TF32=False, BLOCK_K=16, BLOCK_M=64, BLOCK_N=128, DILATION_H=1, DILATION_W=1, GROUPS=4, KERNEL_H=1, KERNEL_W=1, PADDING_H=0, PADDING_W=0, STRIDE_H=2, STRIDE_W=2, num_stages=2, num_warps=8
  triton_convolution2d_bwd_input_371 0.0156 ms 69.8% ALLOW_TF32=False, BLOCK_K=16, BLOCK_M=64, BLOCK_N=128, DILATION_H=1, DILATION_W=1, GROUPS=4, KERNEL_H=1, KERNEL_W=1, PADDING_H=0, PADDING_W=0, STRIDE_H=2, STRIDE_W=2, num_stages=4, num_warps=4
  triton_convolution2d_bwd_input_372 0.0156 ms 69.5% ALLOW_TF32=False, BLOCK_K=16, BLOCK_M=128, BLOCK_N=64, DILATION_H=1, DILATION_W=1, GROUPS=4, KERNEL_H=1, KERNEL_W=1, PADDING_H=0, PADDING_W=0, STRIDE_H=2, STRIDE_W=2, num_stages=4, num_warps=4
  triton_convolution2d_bwd_input_366 0.0177 ms 61.3% ALLOW_TF32=False, BLOCK_K=16, BLOCK_M=128, BLOCK_N=128, DILATION_H=1, DILATION_W=1, GROUPS=4, KERNEL_H=1, KERNEL_W=1, PADDING_H=0, PADDING_W=0, STRIDE_H=2, STRIDE_W=2, num_stages=2, num_warps=8
  triton_convolution2d_bwd_input_365 0.0187 ms 58.0% ALLOW_TF32=False, BLOCK_K=16, BLOCK_M=512, BLOCK_N=16, DILATION_H=1, DILATION_W=1, GROUPS=4, KERNEL_H=1, KERNEL_W=1, PADDING_H=0, PADDING_W=0, STRIDE_H=2, STRIDE_W=2, num_stages=1, num_warps=8
  triton_convolution2d_bwd_input_370 0.0193 ms 56.3% ALLOW_TF32=False, BLOCK_K=16, BLOCK_M=128, BLOCK_N=128, DILATION_H=1, DILATION_W=1, GROUPS=4, KERNEL_H=1, KERNEL_W=1, PADDING_H=0, PADDING_W=0, STRIDE_H=2, STRIDE_W=2, num_stages=3, num_warps=8
  triton_convolution2d_bwd_input_364 0.0195 ms 55.8% ALLOW_TF32=False, BLOCK_K=16, BLOCK_M=256, BLOCK_N=64, DILATION_H=1, DILATION_W=1, GROUPS=4, KERNEL_H=1, KERNEL_W=1, PADDING_H=0, PADDING_W=0, STRIDE_H=2, STRIDE_W=2, num_stages=2, num_warps=4
  triton_convolution2d_bwd_input_373 0.0264 ms 41.1% ALLOW_TF32=False, BLOCK_K=16, BLOCK_M=256, BLOCK_N=128, DILATION_H=1, DILATION_W=1, GROUPS=4, KERNEL_H=1, KERNEL_W=1, PADDING_H=0, PADDING_W=0, STRIDE_H=2, STRIDE_W=2, num_stages=2, num_warps=8
SingleProcess AUTOTUNE benchmarking takes 0.3101 seconds and 0.0007 seconds precompiling for 11 choices
.Autotune Choices Stats:
{"num_choices": 11, "num_triton_choices": 11, "best_kernel": "triton_convolution2d_bwd_weight_378", "best_kernel_desc": "ALLOW_TF32=False, BLOCK_K=16, BLOCK_M=64, BLOCK_N=64, DILATION_H=1, DILATION_W=1, GROUPS=4, KERNEL_H=1, KERNEL_W=1, PADDING_H=0, PADDING_W=0, STRIDE_H=2, STRIDE_W=2, num_stages=2, num_warps=4", "best_time": 0.03888000175356865, "best_triton_pos": 0}
AUTOTUNE convolution_bwd_weight(2x4x16x16, 2x128x8x8)
strides: [s13**2*s37, s13**2, s13, 1], [s32**2*s38, s32**2, s32, 1]
dtypes: torch.float32, torch.float32
  triton_convolution2d_bwd_weight_378 0.0389 ms 100.0% ALLOW_TF32=False, BLOCK_K=16, BLOCK_M=64, BLOCK_N=64, DILATION_H=1, DILATION_W=1, GROUPS=4, KERNEL_H=1, KERNEL_W=1, PADDING_H=0, PADDING_W=0, STRIDE_H=2, STRIDE_W=2, num_stages=2, num_warps=4
  triton_convolution2d_bwd_weight_381 0.0581 ms 66.9% ALLOW_TF32=False, BLOCK_K=16, BLOCK_M=128, BLOCK_N=128, DILATION_H=1, DILATION_W=1, GROUPS=4, KERNEL_H=1, KERNEL_W=1, PADDING_H=0, PADDING_W=0, STRIDE_H=2, STRIDE_W=2, num_stages=3, num_warps=8
  triton_convolution2d_bwd_weight_379 0.0606 ms 64.2% ALLOW_TF32=False, BLOCK_K=16, BLOCK_M=64, BLOCK_N=128, DILATION_H=1, DILATION_W=1, GROUPS=4, KERNEL_H=1, KERNEL_W=1, PADDING_H=0, PADDING_W=0, STRIDE_H=2, STRIDE_W=2, num_stages=2, num_warps=8
  triton_convolution2d_bwd_weight_376 0.0612 ms 63.5% ALLOW_TF32=False, BLOCK_K=16, BLOCK_M=512, BLOCK_N=16, DILATION_H=1, DILATION_W=1, GROUPS=4, KERNEL_H=1, KERNEL_W=1, PADDING_H=0, PADDING_W=0, STRIDE_H=2, STRIDE_W=2, num_stages=1, num_warps=8
  triton_convolution2d_bwd_weight_383 0.0632 ms 61.6% ALLOW_TF32=False, BLOCK_K=16, BLOCK_M=128, BLOCK_N=64, DILATION_H=1, DILATION_W=1, GROUPS=4, KERNEL_H=1, KERNEL_W=1, PADDING_H=0, PADDING_W=0, STRIDE_H=2, STRIDE_W=2, num_stages=4, num_warps=4
  triton_convolution2d_bwd_weight_382 0.0645 ms 60.2% ALLOW_TF32=False, BLOCK_K=16, BLOCK_M=64, BLOCK_N=128, DILATION_H=1, DILATION_W=1, GROUPS=4, KERNEL_H=1, KERNEL_W=1, PADDING_H=0, PADDING_W=0, STRIDE_H=2, STRIDE_W=2, num_stages=4, num_warps=4
  triton_convolution2d_bwd_weight_380 0.0746 ms 52.1% ALLOW_TF32=False, BLOCK_K=16, BLOCK_M=256, BLOCK_N=64, DILATION_H=1, DILATION_W=1, GROUPS=4, KERNEL_H=1, KERNEL_W=1, PADDING_H=0, PADDING_W=0, STRIDE_H=2, STRIDE_W=2, num_stages=2, num_warps=8
  triton_convolution2d_bwd_weight_377 0.0765 ms 50.8% ALLOW_TF32=False, BLOCK_K=16, BLOCK_M=128, BLOCK_N=128, DILATION_H=1, DILATION_W=1, GROUPS=4, KERNEL_H=1, KERNEL_W=1, PADDING_H=0, PADDING_W=0, STRIDE_H=2, STRIDE_W=2, num_stages=2, num_warps=8
  triton_convolution2d_bwd_weight_374 0.0775 ms 50.2% ALLOW_TF32=False, BLOCK_K=16, BLOCK_M=64, BLOCK_N=128, DILATION_H=1, DILATION_W=1, GROUPS=4, KERNEL_H=1, KERNEL_W=1, PADDING_H=0, PADDING_W=0, STRIDE_H=2, STRIDE_W=2, num_stages=2, num_warps=4
  triton_convolution2d_bwd_weight_375 0.0882 ms 44.1% ALLOW_TF32=False, BLOCK_K=16, BLOCK_M=256, BLOCK_N=64, DILATION_H=1, DILATION_W=1, GROUPS=4, KERNEL_H=1, KERNEL_W=1, PADDING_H=0, PADDING_W=0, STRIDE_H=2, STRIDE_W=2, num_stages=2, num_warps=4
SingleProcess AUTOTUNE benchmarking takes 0.3645 seconds and 12.4908 seconds precompiling for 11 choices
Autotune Choices Stats:
{"num_choices": 11, "num_triton_choices": 11, "best_kernel": "triton_convolution2d_bwd_input_389", "best_kernel_desc": "ALLOW_TF32=False, BLOCK_K=16, BLOCK_M=64, BLOCK_N=64, DILATION_H=1, DILATION_W=1, GROUPS=4, KERNEL_H=1, KERNEL_W=1, PADDING_H=0, PADDING_W=0, STRIDE_H=2, STRIDE_W=2, num_stages=2, num_warps=4", "best_time": 0.010688000358641148, "best_triton_pos": 0}
AUTOTUNE convolution_bwd_input(2x128x8x8, 128x1x1x1)
strides: [s32**2*s38, s32**2, s32, 1], [1, 1, 1, 1]
dtypes: torch.float32, torch.float32
  triton_convolution2d_bwd_input_389 0.0107 ms 100.0% ALLOW_TF32=False, BLOCK_K=16, BLOCK_M=64, BLOCK_N=64, DILATION_H=1, DILATION_W=1, GROUPS=4, KERNEL_H=1, KERNEL_W=1, PADDING_H=0, PADDING_W=0, STRIDE_H=2, STRIDE_W=2, num_stages=2, num_warps=4
  triton_convolution2d_bwd_input_385 0.0130 ms 82.5% ALLOW_TF32=False, BLOCK_K=16, BLOCK_M=64, BLOCK_N=128, DILATION_H=1, DILATION_W=1, GROUPS=4, KERNEL_H=1, KERNEL_W=1, PADDING_H=0, PADDING_W=0, STRIDE_H=2, STRIDE_W=2, num_stages=2, num_warps=4
  triton_convolution2d_bwd_input_390 0.0137 ms 77.9% ALLOW_TF32=False, BLOCK_K=16, BLOCK_M=64, BLOCK_N=128, DILATION_H=1, DILATION_W=1, GROUPS=4, KERNEL_H=1, KERNEL_W=1, PADDING_H=0, PADDING_W=0, STRIDE_H=2, STRIDE_W=2, num_stages=2, num_warps=8
  triton_convolution2d_bwd_input_393 0.0157 ms 67.9% ALLOW_TF32=False, BLOCK_K=16, BLOCK_M=64, BLOCK_N=128, DILATION_H=1, DILATION_W=1, GROUPS=4, KERNEL_H=1, KERNEL_W=1, PADDING_H=0, PADDING_W=0, STRIDE_H=2, STRIDE_W=2, num_stages=4, num_warps=4
  triton_convolution2d_bwd_input_388 0.0176 ms 60.6% ALLOW_TF32=False, BLOCK_K=16, BLOCK_M=128, BLOCK_N=128, DILATION_H=1, DILATION_W=1, GROUPS=4, KERNEL_H=1, KERNEL_W=1, PADDING_H=0, PADDING_W=0, STRIDE_H=2, STRIDE_W=2, num_stages=2, num_warps=8
  triton_convolution2d_bwd_input_387 0.0185 ms 57.7% ALLOW_TF32=False, BLOCK_K=16, BLOCK_M=512, BLOCK_N=16, DILATION_H=1, DILATION_W=1, GROUPS=4, KERNEL_H=1, KERNEL_W=1, PADDING_H=0, PADDING_W=0, STRIDE_H=2, STRIDE_W=2, num_stages=1, num_warps=8
  triton_convolution2d_bwd_input_392 0.0195 ms 54.8% ALLOW_TF32=False, BLOCK_K=16, BLOCK_M=128, BLOCK_N=128, DILATION_H=1, DILATION_W=1, GROUPS=4, KERNEL_H=1, KERNEL_W=1, PADDING_H=0, PADDING_W=0, STRIDE_H=2, STRIDE_W=2, num_stages=3, num_warps=8
  triton_convolution2d_bwd_input_386 0.0213 ms 50.1% ALLOW_TF32=False, BLOCK_K=16, BLOCK_M=256, BLOCK_N=64, DILATION_H=1, DILATION_W=1, GROUPS=4, KERNEL_H=1, KERNEL_W=1, PADDING_H=0, PADDING_W=0, STRIDE_H=2, STRIDE_W=2, num_stages=2, num_warps=4
  triton_convolution2d_bwd_input_395 0.0264 ms 40.5% ALLOW_TF32=False, BLOCK_K=16, BLOCK_M=256, BLOCK_N=128, DILATION_H=1, DILATION_W=1, GROUPS=4, KERNEL_H=1, KERNEL_W=1, PADDING_H=0, PADDING_W=0, STRIDE_H=2, STRIDE_W=2, num_stages=2, num_warps=8
  triton_convolution2d_bwd_input_394 0.0320 ms 33.4% ALLOW_TF32=False, BLOCK_K=16, BLOCK_M=128, BLOCK_N=64, DILATION_H=1, DILATION_W=1, GROUPS=4, KERNEL_H=1, KERNEL_W=1, PADDING_H=0, PADDING_W=0, STRIDE_H=2, STRIDE_W=2, num_stages=4, num_warps=4
SingleProcess AUTOTUNE benchmarking takes 0.3170 seconds and 0.0005 seconds precompiling for 11 choices
.ssssAutotune Choices Stats:
{"num_choices": 11, "num_triton_choices": 11, "best_kernel": "triton_convolution2d_bwd_weight_400", "best_kernel_desc": "ALLOW_TF32=False, BLOCK_K=16, BLOCK_M=64, BLOCK_N=64, DILATION_H=1, DILATION_W=1, GROUPS=128, KERNEL_H=1, KERNEL_W=1, PADDING_H=0, PADDING_W=0, STRIDE_H=2, STRIDE_W=2, num_stages=2, num_warps=4", "best_time": 0.04041599854826927, "best_triton_pos": 0}
AUTOTUNE convolution_bwd_weight(2x128x16x16, 2x128x8x8)
strides: [s13**2*s37, s13**2, s13, 1], [s32**2*s37, s32**2, s32, 1]
dtypes: torch.float32, torch.float32
  triton_convolution2d_bwd_weight_400 0.0404 ms 100.0% ALLOW_TF32=False, BLOCK_K=16, BLOCK_M=64, BLOCK_N=64, DILATION_H=1, DILATION_W=1, GROUPS=128, KERNEL_H=1, KERNEL_W=1, PADDING_H=0, PADDING_W=0, STRIDE_H=2, STRIDE_W=2, num_stages=2, num_warps=4
  triton_convolution2d_bwd_weight_401 0.0646 ms 62.5% ALLOW_TF32=False, BLOCK_K=16, BLOCK_M=64, BLOCK_N=128, DILATION_H=1, DILATION_W=1, GROUPS=128, KERNEL_H=1, KERNEL_W=1, PADDING_H=0, PADDING_W=0, STRIDE_H=2, STRIDE_W=2, num_stages=2, num_warps=8
  triton_convolution2d_bwd_weight_404 0.0765 ms 52.8% ALLOW_TF32=False, BLOCK_K=16, BLOCK_M=64, BLOCK_N=128, DILATION_H=1, DILATION_W=1, GROUPS=128, KERNEL_H=1, KERNEL_W=1, PADDING_H=0, PADDING_W=0, STRIDE_H=2, STRIDE_W=2, num_stages=4, num_warps=4
  triton_convolution2d_bwd_weight_405 0.0816 ms 49.5% ALLOW_TF32=False, BLOCK_K=16, BLOCK_M=128, BLOCK_N=64, DILATION_H=1, DILATION_W=1, GROUPS=128, KERNEL_H=1, KERNEL_W=1, PADDING_H=0, PADDING_W=0, STRIDE_H=2, STRIDE_W=2, num_stages=4, num_warps=4
  triton_convolution2d_bwd_weight_403 0.0862 ms 46.9% ALLOW_TF32=False, BLOCK_K=16, BLOCK_M=128, BLOCK_N=128, DILATION_H=1, DILATION_W=1, GROUPS=128, KERNEL_H=1, KERNEL_W=1, PADDING_H=0, PADDING_W=0, STRIDE_H=2, STRIDE_W=2, num_stages=3, num_warps=8
  triton_convolution2d_bwd_weight_396 0.0872 ms 46.4% ALLOW_TF32=False, BLOCK_K=16, BLOCK_M=64, BLOCK_N=128, DILATION_H=1, DILATION_W=1, GROUPS=128, KERNEL_H=1, KERNEL_W=1, PADDING_H=0, PADDING_W=0, STRIDE_H=2, STRIDE_W=2, num_stages=2, num_warps=4
  triton_convolution2d_bwd_weight_399 0.1008 ms 40.1% ALLOW_TF32=False, BLOCK_K=16, BLOCK_M=128, BLOCK_N=128, DILATION_H=1, DILATION_W=1, GROUPS=128, KERNEL_H=1, KERNEL_W=1, PADDING_H=0, PADDING_W=0, STRIDE_H=2, STRIDE_W=2, num_stages=2, num_warps=8
  triton_convolution2d_bwd_weight_402 0.1202 ms 33.6% ALLOW_TF32=False, BLOCK_K=16, BLOCK_M=256, BLOCK_N=64, DILATION_H=1, DILATION_W=1, GROUPS=128, KERNEL_H=1, KERNEL_W=1, PADDING_H=0, PADDING_W=0, STRIDE_H=2, STRIDE_W=2, num_stages=2, num_warps=8
  triton_convolution2d_bwd_weight_398 0.1253 ms 32.3% ALLOW_TF32=False, BLOCK_K=16, BLOCK_M=512, BLOCK_N=16, DILATION_H=1, DILATION_W=1, GROUPS=128, KERNEL_H=1, KERNEL_W=1, PADDING_H=0, PADDING_W=0, STRIDE_H=2, STRIDE_W=2, num_stages=1, num_warps=8
  triton_convolution2d_bwd_weight_397 0.1262 ms 32.0% ALLOW_TF32=False, BLOCK_K=16, BLOCK_M=256, BLOCK_N=64, DILATION_H=1, DILATION_W=1, GROUPS=128, KERNEL_H=1, KERNEL_W=1, PADDING_H=0, PADDING_W=0, STRIDE_H=2, STRIDE_W=2, num_stages=2, num_warps=4
SingleProcess AUTOTUNE benchmarking takes 0.3849 seconds and 12.5951 seconds precompiling for 11 choices
Autotune Choices Stats:
{"num_choices": 11, "num_triton_choices": 11, "best_kernel": "triton_convolution2d_bwd_input_409", "best_kernel_desc": "ALLOW_TF32=False, BLOCK_K=16, BLOCK_M=512, BLOCK_N=16, DILATION_H=1, DILATION_W=1, GROUPS=128, KERNEL_H=1, KERNEL_W=1, PADDING_H=0, PADDING_W=0, STRIDE_H=2, STRIDE_W=2, num_stages=1, num_warps=8", "best_time": 0.016063999384641647, "best_triton_pos": 0}
AUTOTUNE convolution_bwd_input(2x128x8x8, 128x1x1x1)
strides: [s32**2*s37, s32**2, s32, 1], [1, 1, 1, 1]
dtypes: torch.float32, torch.float32
  triton_convolution2d_bwd_input_409 0.0161 ms 100.0% ALLOW_TF32=False, BLOCK_K=16, BLOCK_M=512, BLOCK_N=16, DILATION_H=1, DILATION_W=1, GROUPS=128, KERNEL_H=1, KERNEL_W=1, PADDING_H=0, PADDING_W=0, STRIDE_H=2, STRIDE_W=2, num_stages=1, num_warps=8
  triton_convolution2d_bwd_input_416 0.0166 ms 96.5% ALLOW_TF32=False, BLOCK_K=16, BLOCK_M=128, BLOCK_N=64, DILATION_H=1, DILATION_W=1, GROUPS=128, KERNEL_H=1, KERNEL_W=1, PADDING_H=0, PADDING_W=0, STRIDE_H=2, STRIDE_W=2, num_stages=4, num_warps=4
  triton_convolution2d_bwd_input_408 0.0200 ms 80.3% ALLOW_TF32=False, BLOCK_K=16, BLOCK_M=256, BLOCK_N=64, DILATION_H=1, DILATION_W=1, GROUPS=128, KERNEL_H=1, KERNEL_W=1, PADDING_H=0, PADDING_W=0, STRIDE_H=2, STRIDE_W=2, num_stages=2, num_warps=4
  triton_convolution2d_bwd_input_413 0.0200 ms 80.3% ALLOW_TF32=False, BLOCK_K=16, BLOCK_M=256, BLOCK_N=64, DILATION_H=1, DILATION_W=1, GROUPS=128, KERNEL_H=1, KERNEL_W=1, PADDING_H=0, PADDING_W=0, STRIDE_H=2, STRIDE_W=2, num_stages=2, num_warps=8
  triton_convolution2d_bwd_input_407 0.0244 ms 65.9% ALLOW_TF32=False, BLOCK_K=16, BLOCK_M=64, BLOCK_N=128, DILATION_H=1, DILATION_W=1, GROUPS=128, KERNEL_H=1, KERNEL_W=1, PADDING_H=0, PADDING_W=0, STRIDE_H=2, STRIDE_W=2, num_stages=2, num_warps=4
  triton_convolution2d_bwd_input_415 0.0244 ms 65.7% ALLOW_TF32=False, BLOCK_K=16, BLOCK_M=64, BLOCK_N=128, DILATION_H=1, DILATION_W=1, GROUPS=128, KERNEL_H=1, KERNEL_W=1, PADDING_H=0, PADDING_W=0, STRIDE_H=2, STRIDE_W=2, num_stages=4, num_warps=4
  triton_convolution2d_bwd_input_412 0.0259 ms 62.1% ALLOW_TF32=False, BLOCK_K=16, BLOCK_M=64, BLOCK_N=128, DILATION_H=1, DILATION_W=1, GROUPS=128, KERNEL_H=1, KERNEL_W=1, PADDING_H=0, PADDING_W=0, STRIDE_H=2, STRIDE_W=2, num_stages=2, num_warps=8
  triton_convolution2d_bwd_input_414 0.0275 ms 58.4% ALLOW_TF32=False, BLOCK_K=16, BLOCK_M=128, BLOCK_N=128, DILATION_H=1, DILATION_W=1, GROUPS=128, KERNEL_H=1, KERNEL_W=1, PADDING_H=0, PADDING_W=0, STRIDE_H=2, STRIDE_W=2, num_stages=3, num_warps=8
  triton_convolution2d_bwd_input_410 0.0277 ms 58.0% ALLOW_TF32=False, BLOCK_K=16, BLOCK_M=128, BLOCK_N=128, DILATION_H=1, DILATION_W=1, GROUPS=128, KERNEL_H=1, KERNEL_W=1, PADDING_H=0, PADDING_W=0, STRIDE_H=2, STRIDE_W=2, num_stages=2, num_warps=8
  triton_convolution2d_bwd_input_411 0.0345 ms 46.5% ALLOW_TF32=False, BLOCK_K=16, BLOCK_M=64, BLOCK_N=64, DILATION_H=1, DILATION_W=1, GROUPS=128, KERNEL_H=1, KERNEL_W=1, PADDING_H=0, PADDING_W=0, STRIDE_H=2, STRIDE_W=2, num_stages=2, num_warps=4
SingleProcess AUTOTUNE benchmarking takes 0.3153 seconds and 0.0006 seconds precompiling for 11 choices
.Autotune Choices Stats:
{"num_choices": 11, "num_triton_choices": 11, "best_kernel": "triton_convolution2d_bwd_weight_422", "best_kernel_desc": "ALLOW_TF32=False, BLOCK_K=16, BLOCK_M=64, BLOCK_N=64, DILATION_H=1, DILATION_W=1, GROUPS=128, KERNEL_H=1, KERNEL_W=1, PADDING_H=0, PADDING_W=0, STRIDE_H=2, STRIDE_W=2, num_stages=2, num_warps=4", "best_time": 0.04044799879193306, "best_triton_pos": 0}
AUTOTUNE convolution_bwd_weight(2x128x16x16, 2x128x8x8)
strides: [s13**2*s37, s13**2, s13, 1], [s32**2*s37, s32**2, s32, 1]
dtypes: torch.float32, torch.float32
  triton_convolution2d_bwd_weight_422 0.0404 ms 100.0% ALLOW_TF32=False, BLOCK_K=16, BLOCK_M=64, BLOCK_N=64, DILATION_H=1, DILATION_W=1, GROUPS=128, KERNEL_H=1, KERNEL_W=1, PADDING_H=0, PADDING_W=0, STRIDE_H=2, STRIDE_W=2, num_stages=2, num_warps=4
  triton_convolution2d_bwd_weight_426 0.0762 ms 53.1% ALLOW_TF32=False, BLOCK_K=16, BLOCK_M=64, BLOCK_N=128, DILATION_H=1, DILATION_W=1, GROUPS=128, KERNEL_H=1, KERNEL_W=1, PADDING_H=0, PADDING_W=0, STRIDE_H=2, STRIDE_W=2, num_stages=4, num_warps=4
  triton_convolution2d_bwd_weight_423 0.0786 ms 51.4% ALLOW_TF32=False, BLOCK_K=16, BLOCK_M=64, BLOCK_N=128, DILATION_H=1, DILATION_W=1, GROUPS=128, KERNEL_H=1, KERNEL_W=1, PADDING_H=0, PADDING_W=0, STRIDE_H=2, STRIDE_W=2, num_stages=2, num_warps=8
  triton_convolution2d_bwd_weight_427 0.0813 ms 49.8% ALLOW_TF32=False, BLOCK_K=16, BLOCK_M=128, BLOCK_N=64, DILATION_H=1, DILATION_W=1, GROUPS=128, KERNEL_H=1, KERNEL_W=1, PADDING_H=0, PADDING_W=0, STRIDE_H=2, STRIDE_W=2, num_stages=4, num_warps=4
  triton_convolution2d_bwd_weight_425 0.0862 ms 46.9% ALLOW_TF32=False, BLOCK_K=16, BLOCK_M=128, BLOCK_N=128, DILATION_H=1, DILATION_W=1, GROUPS=128, KERNEL_H=1, KERNEL_W=1, PADDING_H=0, PADDING_W=0, STRIDE_H=2, STRIDE_W=2, num_stages=3, num_warps=8
  triton_convolution2d_bwd_weight_418 0.0869 ms 46.6% ALLOW_TF32=False, BLOCK_K=16, BLOCK_M=64, BLOCK_N=128, DILATION_H=1, DILATION_W=1, GROUPS=128, KERNEL_H=1, KERNEL_W=1, PADDING_H=0, PADDING_W=0, STRIDE_H=2, STRIDE_W=2, num_stages=2, num_warps=4
  triton_convolution2d_bwd_weight_421 0.1009 ms 40.1% ALLOW_TF32=False, BLOCK_K=16, BLOCK_M=128, BLOCK_N=128, DILATION_H=1, DILATION_W=1, GROUPS=128, KERNEL_H=1, KERNEL_W=1, PADDING_H=0, PADDING_W=0, STRIDE_H=2, STRIDE_W=2, num_stages=2, num_warps=8
  triton_convolution2d_bwd_weight_420 0.1252 ms 32.3% ALLOW_TF32=False, BLOCK_K=16, BLOCK_M=512, BLOCK_N=16, DILATION_H=1, DILATION_W=1, GROUPS=128, KERNEL_H=1, KERNEL_W=1, PADDING_H=0, PADDING_W=0, STRIDE_H=2, STRIDE_W=2, num_stages=1, num_warps=8
  triton_convolution2d_bwd_weight_419 0.1263 ms 32.0% ALLOW_TF32=False, BLOCK_K=16, BLOCK_M=256, BLOCK_N=64, DILATION_H=1, DILATION_W=1, GROUPS=128, KERNEL_H=1, KERNEL_W=1, PADDING_H=0, PADDING_W=0, STRIDE_H=2, STRIDE_W=2, num_stages=2, num_warps=4
  triton_convolution2d_bwd_weight_424 0.1480 ms 27.3% ALLOW_TF32=False, BLOCK_K=16, BLOCK_M=256, BLOCK_N=64, DILATION_H=1, DILATION_W=1, GROUPS=128, KERNEL_H=1, KERNEL_W=1, PADDING_H=0, PADDING_W=0, STRIDE_H=2, STRIDE_W=2, num_stages=2, num_warps=8
SingleProcess AUTOTUNE benchmarking takes 0.3769 seconds and 12.7666 seconds precompiling for 11 choices
Autotune Choices Stats:
{"num_choices": 11, "num_triton_choices": 11, "best_kernel": "triton_convolution2d_bwd_input_431", "best_kernel_desc": "ALLOW_TF32=False, BLOCK_K=16, BLOCK_M=512, BLOCK_N=16, DILATION_H=1, DILATION_W=1, GROUPS=128, KERNEL_H=1, KERNEL_W=1, PADDING_H=0, PADDING_W=0, STRIDE_H=2, STRIDE_W=2, num_stages=1, num_warps=8", "best_time": 0.015968000516295433, "best_triton_pos": 0}
AUTOTUNE convolution_bwd_input(2x128x8x8, 128x1x1x1)
strides: [s32**2*s37, s32**2, s32, 1], [1, 1, 1, 1]
dtypes: torch.float32, torch.float32
  triton_convolution2d_bwd_input_431 0.0160 ms 100.0% ALLOW_TF32=False, BLOCK_K=16, BLOCK_M=512, BLOCK_N=16, DILATION_H=1, DILATION_W=1, GROUPS=128, KERNEL_H=1, KERNEL_W=1, PADDING_H=0, PADDING_W=0, STRIDE_H=2, STRIDE_W=2, num_stages=1, num_warps=8
  triton_convolution2d_bwd_input_433 0.0164 ms 97.7% ALLOW_TF32=False, BLOCK_K=16, BLOCK_M=64, BLOCK_N=64, DILATION_H=1, DILATION_W=1, GROUPS=128, KERNEL_H=1, KERNEL_W=1, PADDING_H=0, PADDING_W=0, STRIDE_H=2, STRIDE_W=2, num_stages=2, num_warps=4
  triton_convolution2d_bwd_input_438 0.0165 ms 96.7% ALLOW_TF32=False, BLOCK_K=16, BLOCK_M=128, BLOCK_N=64, DILATION_H=1, DILATION_W=1, GROUPS=128, KERNEL_H=1, KERNEL_W=1, PADDING_H=0, PADDING_W=0, STRIDE_H=2, STRIDE_W=2, num_stages=4, num_warps=4
  triton_convolution2d_bwd_input_430 0.0199 ms 80.4% ALLOW_TF32=False, BLOCK_K=16, BLOCK_M=256, BLOCK_N=64, DILATION_H=1, DILATION_W=1, GROUPS=128, KERNEL_H=1, KERNEL_W=1, PADDING_H=0, PADDING_W=0, STRIDE_H=2, STRIDE_W=2, num_stages=2, num_warps=4
  triton_convolution2d_bwd_input_435 0.0205 ms 77.8% ALLOW_TF32=False, BLOCK_K=16, BLOCK_M=256, BLOCK_N=64, DILATION_H=1, DILATION_W=1, GROUPS=128, KERNEL_H=1, KERNEL_W=1, PADDING_H=0, PADDING_W=0, STRIDE_H=2, STRIDE_W=2, num_stages=2, num_warps=8
  triton_convolution2d_bwd_input_437 0.0243 ms 65.8% ALLOW_TF32=False, BLOCK_K=16, BLOCK_M=64, BLOCK_N=128, DILATION_H=1, DILATION_W=1, GROUPS=128, KERNEL_H=1, KERNEL_W=1, PADDING_H=0, PADDING_W=0, STRIDE_H=2, STRIDE_W=2, num_stages=4, num_warps=4
  triton_convolution2d_bwd_input_429 0.0245 ms 65.2% ALLOW_TF32=False, BLOCK_K=16, BLOCK_M=64, BLOCK_N=128, DILATION_H=1, DILATION_W=1, GROUPS=128, KERNEL_H=1, KERNEL_W=1, PADDING_H=0, PADDING_W=0, STRIDE_H=2, STRIDE_W=2, num_stages=2, num_warps=4
  triton_convolution2d_bwd_input_434 0.0261 ms 61.2% ALLOW_TF32=False, BLOCK_K=16, BLOCK_M=64, BLOCK_N=128, DILATION_H=1, DILATION_W=1, GROUPS=128, KERNEL_H=1, KERNEL_W=1, PADDING_H=0, PADDING_W=0, STRIDE_H=2, STRIDE_W=2, num_stages=2, num_warps=8
  triton_convolution2d_bwd_input_432 0.0275 ms 58.1% ALLOW_TF32=False, BLOCK_K=16, BLOCK_M=128, BLOCK_N=128, DILATION_H=1, DILATION_W=1, GROUPS=128, KERNEL_H=1, KERNEL_W=1, PADDING_H=0, PADDING_W=0, STRIDE_H=2, STRIDE_W=2, num_stages=2, num_warps=8
  triton_convolution2d_bwd_input_439 0.0346 ms 46.2% ALLOW_TF32=False, BLOCK_K=16, BLOCK_M=256, BLOCK_N=128, DILATION_H=1, DILATION_W=1, GROUPS=128, KERNEL_H=1, KERNEL_W=1, PADDING_H=0, PADDING_W=0, STRIDE_H=2, STRIDE_W=2, num_stages=2, num_warps=8
SingleProcess AUTOTUNE benchmarking takes 0.3091 seconds and 0.0005 seconds precompiling for 11 choices
.ssssAutotune Choices Stats:
{"num_choices": 11, "num_triton_choices": 11, "best_kernel": "triton_convolution2d_bwd_weight_444", "best_kernel_desc": "ALLOW_TF32=False, BLOCK_K=16, BLOCK_M=64, BLOCK_N=64, DILATION_H=1, DILATION_W=1, GROUPS=4, KERNEL_H=3, KERNEL_W=3, PADDING_H=0, PADDING_W=0, STRIDE_H=2, STRIDE_W=2, num_stages=2, num_warps=4", "best_time": 0.03254399821162224, "best_triton_pos": 0}
AUTOTUNE convolution_bwd_weight(2x4x16x16, 2x128x7x7)
strides: [s13**2*s37, s13**2, s13, 1], [s32**2*s38, s32**2, s32, 1]
dtypes: torch.float32, torch.float32
  triton_convolution2d_bwd_weight_444 0.0325 ms 100.0% ALLOW_TF32=False, BLOCK_K=16, BLOCK_M=64, BLOCK_N=64, DILATION_H=1, DILATION_W=1, GROUPS=4, KERNEL_H=3, KERNEL_W=3, PADDING_H=0, PADDING_W=0, STRIDE_H=2, STRIDE_W=2, num_stages=2, num_warps=4
  triton_convolution2d_bwd_weight_445 0.0446 ms 73.0% ALLOW_TF32=False, BLOCK_K=16, BLOCK_M=64, BLOCK_N=128, DILATION_H=1, DILATION_W=1, GROUPS=4, KERNEL_H=3, KERNEL_W=3, PADDING_H=0, PADDING_W=0, STRIDE_H=2, STRIDE_W=2, num_stages=2, num_warps=8
  triton_convolution2d_bwd_weight_447 0.0453 ms 71.8% ALLOW_TF32=False, BLOCK_K=16, BLOCK_M=128, BLOCK_N=128, DILATION_H=1, DILATION_W=1, GROUPS=4, KERNEL_H=3, KERNEL_W=3, PADDING_H=0, PADDING_W=0, STRIDE_H=2, STRIDE_W=2, num_stages=3, num_warps=8
  triton_convolution2d_bwd_weight_448 0.0536 ms 60.7% ALLOW_TF32=False, BLOCK_K=16, BLOCK_M=64, BLOCK_N=128, DILATION_H=1, DILATION_W=1, GROUPS=4, KERNEL_H=3, KERNEL_W=3, PADDING_H=0, PADDING_W=0, STRIDE_H=2, STRIDE_W=2, num_stages=4, num_warps=4
  triton_convolution2d_bwd_weight_443 0.0570 ms 57.1% ALLOW_TF32=False, BLOCK_K=16, BLOCK_M=128, BLOCK_N=128, DILATION_H=1, DILATION_W=1, GROUPS=4, KERNEL_H=3, KERNEL_W=3, PADDING_H=0, PADDING_W=0, STRIDE_H=2, STRIDE_W=2, num_stages=2, num_warps=8
  triton_convolution2d_bwd_weight_449 0.0573 ms 56.8% ALLOW_TF32=False, BLOCK_K=16, BLOCK_M=128, BLOCK_N=64, DILATION_H=1, DILATION_W=1, GROUPS=4, KERNEL_H=3, KERNEL_W=3, PADDING_H=0, PADDING_W=0, STRIDE_H=2, STRIDE_W=2, num_stages=4, num_warps=4
  triton_convolution2d_bwd_weight_442 0.0597 ms 54.5% ALLOW_TF32=False, BLOCK_K=16, BLOCK_M=512, BLOCK_N=16, DILATION_H=1, DILATION_W=1, GROUPS=4, KERNEL_H=3, KERNEL_W=3, PADDING_H=0, PADDING_W=0, STRIDE_H=2, STRIDE_W=2, num_stages=1, num_warps=8
  triton_convolution2d_bwd_weight_440 0.0750 ms 43.4% ALLOW_TF32=False, BLOCK_K=16, BLOCK_M=64, BLOCK_N=128, DILATION_H=1, DILATION_W=1, GROUPS=4, KERNEL_H=3, KERNEL_W=3, PADDING_H=0, PADDING_W=0, STRIDE_H=2, STRIDE_W=2, num_stages=2, num_warps=4
  triton_convolution2d_bwd_weight_446 0.0753 ms 43.2% ALLOW_TF32=False, BLOCK_K=16, BLOCK_M=256, BLOCK_N=64, DILATION_H=1, DILATION_W=1, GROUPS=4, KERNEL_H=3, KERNEL_W=3, PADDING_H=0, PADDING_W=0, STRIDE_H=2, STRIDE_W=2, num_stages=2, num_warps=8
  triton_convolution2d_bwd_weight_450 0.0914 ms 35.6% ALLOW_TF32=False, BLOCK_K=16, BLOCK_M=256, BLOCK_N=128, DILATION_H=1, DILATION_W=1, GROUPS=4, KERNEL_H=3, KERNEL_W=3, PADDING_H=0, PADDING_W=0, STRIDE_H=2, STRIDE_W=2, num_stages=2, num_warps=8
SingleProcess AUTOTUNE benchmarking takes 0.3691 seconds and 15.2545 seconds precompiling for 11 choices
Autotune Choices Stats:
{"num_choices": 11, "num_triton_choices": 11, "best_kernel": "triton_convolution2d_bwd_input_455", "best_kernel_desc": "ALLOW_TF32=False, BLOCK_K=16, BLOCK_M=64, BLOCK_N=64, DILATION_H=1, DILATION_W=1, GROUPS=4, KERNEL_H=3, KERNEL_W=3, PADDING_H=0, PADDING_W=0, STRIDE_H=2, STRIDE_W=2, num_stages=2, num_warps=4", "best_time": 0.04678399860858917, "best_triton_pos": 0}
AUTOTUNE convolution_bwd_input(2x128x7x7, 128x1x3x3)
strides: [s32**2*s38, s32**2, s32, 1], [s18**2, s18**2, s18, 1]
dtypes: torch.float32, torch.float32
  triton_convolution2d_bwd_input_455 0.0468 ms 100.0% ALLOW_TF32=False, BLOCK_K=16, BLOCK_M=64, BLOCK_N=64, DILATION_H=1, DILATION_W=1, GROUPS=4, KERNEL_H=3, KERNEL_W=3, PADDING_H=0, PADDING_W=0, STRIDE_H=2, STRIDE_W=2, num_stages=2, num_warps=4
  triton_convolution2d_bwd_input_459 0.0511 ms 91.6% ALLOW_TF32=False, BLOCK_K=16, BLOCK_M=64, BLOCK_N=128, DILATION_H=1, DILATION_W=1, GROUPS=4, KERNEL_H=3, KERNEL_W=3, PADDING_H=0, PADDING_W=0, STRIDE_H=2, STRIDE_W=2, num_stages=4, num_warps=4
  triton_convolution2d_bwd_input_451 0.0512 ms 91.3% ALLOW_TF32=False, BLOCK_K=16, BLOCK_M=64, BLOCK_N=128, DILATION_H=1, DILATION_W=1, GROUPS=4, KERNEL_H=3, KERNEL_W=3, PADDING_H=0, PADDING_W=0, STRIDE_H=2, STRIDE_W=2, num_stages=2, num_warps=4
  triton_convolution2d_bwd_input_456 0.0589 ms 79.4% ALLOW_TF32=False, BLOCK_K=16, BLOCK_M=64, BLOCK_N=128, DILATION_H=1, DILATION_W=1, GROUPS=4, KERNEL_H=3, KERNEL_W=3, PADDING_H=0, PADDING_W=0, STRIDE_H=2, STRIDE_W=2, num_stages=2, num_warps=8
  triton_convolution2d_bwd_input_460 0.0717 ms 65.2% ALLOW_TF32=False, BLOCK_K=16, BLOCK_M=128, BLOCK_N=64, DILATION_H=1, DILATION_W=1, GROUPS=4, KERNEL_H=3, KERNEL_W=3, PADDING_H=0, PADDING_W=0, STRIDE_H=2, STRIDE_W=2, num_stages=4, num_warps=4
  triton_convolution2d_bwd_input_453 0.1055 ms 44.3% ALLOW_TF32=False, BLOCK_K=16, BLOCK_M=512, BLOCK_N=16, DILATION_H=1, DILATION_W=1, GROUPS=4, KERNEL_H=3, KERNEL_W=3, PADDING_H=0, PADDING_W=0, STRIDE_H=2, STRIDE_W=2, num_stages=1, num_warps=8
  triton_convolution2d_bwd_input_454 0.1145 ms 40.9% ALLOW_TF32=False, BLOCK_K=16, BLOCK_M=128, BLOCK_N=128, DILATION_H=1, DILATION_W=1, GROUPS=4, KERNEL_H=3, KERNEL_W=3, PADDING_H=0, PADDING_W=0, STRIDE_H=2, STRIDE_W=2, num_stages=2, num_warps=8
  triton_convolution2d_bwd_input_458 0.1161 ms 40.3% ALLOW_TF32=False, BLOCK_K=16, BLOCK_M=128, BLOCK_N=128, DILATION_H=1, DILATION_W=1, GROUPS=4, KERNEL_H=3, KERNEL_W=3, PADDING_H=0, PADDING_W=0, STRIDE_H=2, STRIDE_W=2, num_stages=3, num_warps=8
  triton_convolution2d_bwd_input_457 0.1241 ms 37.7% ALLOW_TF32=False, BLOCK_K=16, BLOCK_M=256, BLOCK_N=64, DILATION_H=1, DILATION_W=1, GROUPS=4, KERNEL_H=3, KERNEL_W=3, PADDING_H=0, PADDING_W=0, STRIDE_H=2, STRIDE_W=2, num_stages=2, num_warps=8
  triton_convolution2d_bwd_input_452 0.1329 ms 35.2% ALLOW_TF32=False, BLOCK_K=16, BLOCK_M=256, BLOCK_N=64, DILATION_H=1, DILATION_W=1, GROUPS=4, KERNEL_H=3, KERNEL_W=3, PADDING_H=0, PADDING_W=0, STRIDE_H=2, STRIDE_W=2, num_stages=2, num_warps=4
SingleProcess AUTOTUNE benchmarking takes 0.4019 seconds and 0.0011 seconds precompiling for 11 choices
.Autotune Choices Stats:
{"num_choices": 11, "num_triton_choices": 11, "best_kernel": "triton_convolution2d_bwd_weight_466", "best_kernel_desc": "ALLOW_TF32=False, BLOCK_K=16, BLOCK_M=64, BLOCK_N=64, DILATION_H=1, DILATION_W=1, GROUPS=4, KERNEL_H=3, KERNEL_W=3, PADDING_H=0, PADDING_W=0, STRIDE_H=2, STRIDE_W=2, num_stages=2, num_warps=4", "best_time": 0.03177599981427193, "best_triton_pos": 0}
AUTOTUNE convolution_bwd_weight(2x4x16x16, 2x128x7x7)
strides: [s13**2*s37, s13, s13*s37, 1], [s32**2*s38, s32, s32*s38, 1]
dtypes: torch.float32, torch.float32
  triton_convolution2d_bwd_weight_466 0.0318 ms 100.0% ALLOW_TF32=False, BLOCK_K=16, BLOCK_M=64, BLOCK_N=64, DILATION_H=1, DILATION_W=1, GROUPS=4, KERNEL_H=3, KERNEL_W=3, PADDING_H=0, PADDING_W=0, STRIDE_H=2, STRIDE_W=2, num_stages=2, num_warps=4
  triton_convolution2d_bwd_weight_469 0.0460 ms 69.1% ALLOW_TF32=False, BLOCK_K=16, BLOCK_M=128, BLOCK_N=128, DILATION_H=1, DILATION_W=1, GROUPS=4, KERNEL_H=3, KERNEL_W=3, PADDING_H=0, PADDING_W=0, STRIDE_H=2, STRIDE_W=2, num_stages=3, num_warps=8
  triton_convolution2d_bwd_weight_467 0.0526 ms 60.4% ALLOW_TF32=False, BLOCK_K=16, BLOCK_M=64, BLOCK_N=128, DILATION_H=1, DILATION_W=1, GROUPS=4, KERNEL_H=3, KERNEL_W=3, PADDING_H=0, PADDING_W=0, STRIDE_H=2, STRIDE_W=2, num_stages=2, num_warps=8
  triton_convolution2d_bwd_weight_470 0.0542 ms 58.6% ALLOW_TF32=False, BLOCK_K=16, BLOCK_M=64, BLOCK_N=128, DILATION_H=1, DILATION_W=1, GROUPS=4, KERNEL_H=3, KERNEL_W=3, PADDING_H=0, PADDING_W=0, STRIDE_H=2, STRIDE_W=2, num_stages=4, num_warps=4
  triton_convolution2d_bwd_weight_465 0.0563 ms 56.4% ALLOW_TF32=False, BLOCK_K=16, BLOCK_M=128, BLOCK_N=128, DILATION_H=1, DILATION_W=1, GROUPS=4, KERNEL_H=3, KERNEL_W=3, PADDING_H=0, PADDING_W=0, STRIDE_H=2, STRIDE_W=2, num_stages=2, num_warps=8
  triton_convolution2d_bwd_weight_471 0.0589 ms 53.9% ALLOW_TF32=False, BLOCK_K=16, BLOCK_M=128, BLOCK_N=64, DILATION_H=1, DILATION_W=1, GROUPS=4, KERNEL_H=3, KERNEL_W=3, PADDING_H=0, PADDING_W=0, STRIDE_H=2, STRIDE_W=2, num_stages=4, num_warps=4
  triton_convolution2d_bwd_weight_462 0.0593 ms 53.6% ALLOW_TF32=False, BLOCK_K=16, BLOCK_M=64, BLOCK_N=128, DILATION_H=1, DILATION_W=1, GROUPS=4, KERNEL_H=3, KERNEL_W=3, PADDING_H=0, PADDING_W=0, STRIDE_H=2, STRIDE_W=2, num_stages=2, num_warps=4
  triton_convolution2d_bwd_weight_464 0.0649 ms 48.9% ALLOW_TF32=False, BLOCK_K=16, BLOCK_M=512, BLOCK_N=16, DILATION_H=1, DILATION_W=1, GROUPS=4, KERNEL_H=3, KERNEL_W=3, PADDING_H=0, PADDING_W=0, STRIDE_H=2, STRIDE_W=2, num_stages=1, num_warps=8
  triton_convolution2d_bwd_weight_468 0.0755 ms 42.1% ALLOW_TF32=False, BLOCK_K=16, BLOCK_M=256, BLOCK_N=64, DILATION_H=1, DILATION_W=1, GROUPS=4, KERNEL_H=3, KERNEL_W=3, PADDING_H=0, PADDING_W=0, STRIDE_H=2, STRIDE_W=2, num_stages=2, num_warps=8
  triton_convolution2d_bwd_weight_472 0.0944 ms 33.7% ALLOW_TF32=False, BLOCK_K=16, BLOCK_M=256, BLOCK_N=128, DILATION_H=1, DILATION_W=1, GROUPS=4, KERNEL_H=3, KERNEL_W=3, PADDING_H=0, PADDING_W=0, STRIDE_H=2, STRIDE_W=2, num_stages=2, num_warps=8
SingleProcess AUTOTUNE benchmarking takes 0.3515 seconds and 15.4801 seconds precompiling for 11 choices
Autotune Choices Stats:
{"num_choices": 11, "num_triton_choices": 11, "best_kernel": "triton_convolution2d_bwd_input_481", "best_kernel_desc": "ALLOW_TF32=False, BLOCK_K=16, BLOCK_M=64, BLOCK_N=128, DILATION_H=1, DILATION_W=1, GROUPS=4, KERNEL_H=3, KERNEL_W=3, PADDING_H=0, PADDING_W=0, STRIDE_H=2, STRIDE_W=2, num_stages=4, num_warps=4", "best_time": 0.05299200117588043, "best_triton_pos": 0}
AUTOTUNE convolution_bwd_input(2x128x7x7, 128x1x3x3)
strides: [s32**2*s38, 1, s32*s38, s38], [s18**2, 1, s18, 1]
dtypes: torch.float32, torch.float32
  triton_convolution2d_bwd_input_481 0.0530 ms 100.0% ALLOW_TF32=False, BLOCK_K=16, BLOCK_M=64, BLOCK_N=128, DILATION_H=1, DILATION_W=1, GROUPS=4, KERNEL_H=3, KERNEL_W=3, PADDING_H=0, PADDING_W=0, STRIDE_H=2, STRIDE_W=2, num_stages=4, num_warps=4
  triton_convolution2d_bwd_input_477 0.0535 ms 99.0% ALLOW_TF32=False, BLOCK_K=16, BLOCK_M=64, BLOCK_N=64, DILATION_H=1, DILATION_W=1, GROUPS=4, KERNEL_H=3, KERNEL_W=3, PADDING_H=0, PADDING_W=0, STRIDE_H=2, STRIDE_W=2, num_stages=2, num_warps=4
  triton_convolution2d_bwd_input_478 0.0611 ms 86.7% ALLOW_TF32=False, BLOCK_K=16, BLOCK_M=64, BLOCK_N=128, DILATION_H=1, DILATION_W=1, GROUPS=4, KERNEL_H=3, KERNEL_W=3, PADDING_H=0, PADDING_W=0, STRIDE_H=2, STRIDE_W=2, num_stages=2, num_warps=8
  triton_convolution2d_bwd_input_482 0.0696 ms 76.1% ALLOW_TF32=False, BLOCK_K=16, BLOCK_M=128, BLOCK_N=64, DILATION_H=1, DILATION_W=1, GROUPS=4, KERNEL_H=3, KERNEL_W=3, PADDING_H=0, PADDING_W=0, STRIDE_H=2, STRIDE_W=2, num_stages=4, num_warps=4
  triton_convolution2d_bwd_input_473 0.0714 ms 74.2% ALLOW_TF32=False, BLOCK_K=16, BLOCK_M=64, BLOCK_N=128, DILATION_H=1, DILATION_W=1, GROUPS=4, KERNEL_H=3, KERNEL_W=3, PADDING_H=0, PADDING_W=0, STRIDE_H=2, STRIDE_W=2, num_stages=2, num_warps=4
  triton_convolution2d_bwd_input_480 0.1075 ms 49.3% ALLOW_TF32=False, BLOCK_K=16, BLOCK_M=128, BLOCK_N=128, DILATION_H=1, DILATION_W=1, GROUPS=4, KERNEL_H=3, KERNEL_W=3, PADDING_H=0, PADDING_W=0, STRIDE_H=2, STRIDE_W=2, num_stages=3, num_warps=8
  triton_convolution2d_bwd_input_476 0.1095 ms 48.4% ALLOW_TF32=False, BLOCK_K=16, BLOCK_M=128, BLOCK_N=128, DILATION_H=1, DILATION_W=1, GROUPS=4, KERNEL_H=3, KERNEL_W=3, PADDING_H=0, PADDING_W=0, STRIDE_H=2, STRIDE_W=2, num_stages=2, num_warps=8
  triton_convolution2d_bwd_input_479 0.1100 ms 48.2% ALLOW_TF32=False, BLOCK_K=16, BLOCK_M=256, BLOCK_N=64, DILATION_H=1, DILATION_W=1, GROUPS=4, KERNEL_H=3, KERNEL_W=3, PADDING_H=0, PADDING_W=0, STRIDE_H=2, STRIDE_W=2, num_stages=2, num_warps=8
  triton_convolution2d_bwd_input_475 0.1110 ms 47.7% ALLOW_TF32=False, BLOCK_K=16, BLOCK_M=512, BLOCK_N=16, DILATION_H=1, DILATION_W=1, GROUPS=4, KERNEL_H=3, KERNEL_W=3, PADDING_H=0, PADDING_W=0, STRIDE_H=2, STRIDE_W=2, num_stages=1, num_warps=8
  triton_convolution2d_bwd_input_474 0.1400 ms 37.9% ALLOW_TF32=False, BLOCK_K=16, BLOCK_M=256, BLOCK_N=64, DILATION_H=1, DILATION_W=1, GROUPS=4, KERNEL_H=3, KERNEL_W=3, PADDING_H=0, PADDING_W=0, STRIDE_H=2, STRIDE_W=2, num_stages=2, num_warps=4
SingleProcess AUTOTUNE benchmarking takes 0.3780 seconds and 0.0005 seconds precompiling for 11 choices
.ssssAutotune Choices Stats:
{"num_choices": 11, "num_triton_choices": 11, "best_kernel": "triton_convolution2d_bwd_weight_488", "best_kernel_desc": "ALLOW_TF32=False, BLOCK_K=16, BLOCK_M=64, BLOCK_N=64, DILATION_H=1, DILATION_W=1, GROUPS=128, KERNEL_H=3, KERNEL_W=3, PADDING_H=0, PADDING_W=0, STRIDE_H=2, STRIDE_W=2, num_stages=2, num_warps=4", "best_time": 0.036031998693943024, "best_triton_pos": 0}
AUTOTUNE convolution_bwd_weight(2x128x16x16, 2x128x7x7)
strides: [s13**2*s37, s13**2, s13, 1], [s32**2*s37, s32**2, s32, 1]
dtypes: torch.float32, torch.float32
  triton_convolution2d_bwd_weight_488 0.0360 ms 100.0% ALLOW_TF32=False, BLOCK_K=16, BLOCK_M=64, BLOCK_N=64, DILATION_H=1, DILATION_W=1, GROUPS=128, KERNEL_H=3, KERNEL_W=3, PADDING_H=0, PADDING_W=0, STRIDE_H=2, STRIDE_W=2, num_stages=2, num_warps=4
  triton_convolution2d_bwd_weight_489 0.0630 ms 57.2% ALLOW_TF32=False, BLOCK_K=16, BLOCK_M=64, BLOCK_N=128, DILATION_H=1, DILATION_W=1, GROUPS=128, KERNEL_H=3, KERNEL_W=3, PADDING_H=0, PADDING_W=0, STRIDE_H=2, STRIDE_W=2, num_stages=2, num_warps=8
  triton_convolution2d_bwd_weight_493 0.0724 ms 49.8% ALLOW_TF32=False, BLOCK_K=16, BLOCK_M=128, BLOCK_N=64, DILATION_H=1, DILATION_W=1, GROUPS=128, KERNEL_H=3, KERNEL_W=3, PADDING_H=0, PADDING_W=0, STRIDE_H=2, STRIDE_W=2, num_stages=4, num_warps=4
  triton_convolution2d_bwd_weight_492 0.0747 ms 48.2% ALLOW_TF32=False, BLOCK_K=16, BLOCK_M=64, BLOCK_N=128, DILATION_H=1, DILATION_W=1, GROUPS=128, KERNEL_H=3, KERNEL_W=3, PADDING_H=0, PADDING_W=0, STRIDE_H=2, STRIDE_W=2, num_stages=4, num_warps=4
  triton_convolution2d_bwd_weight_484 0.0767 ms 47.0% ALLOW_TF32=False, BLOCK_K=16, BLOCK_M=64, BLOCK_N=128, DILATION_H=1, DILATION_W=1, GROUPS=128, KERNEL_H=3, KERNEL_W=3, PADDING_H=0, PADDING_W=0, STRIDE_H=2, STRIDE_W=2, num_stages=2, num_warps=4
  triton_convolution2d_bwd_weight_487 0.0916 ms 39.3% ALLOW_TF32=False, BLOCK_K=16, BLOCK_M=128, BLOCK_N=128, DILATION_H=1, DILATION_W=1, GROUPS=128, KERNEL_H=3, KERNEL_W=3, PADDING_H=0, PADDING_W=0, STRIDE_H=2, STRIDE_W=2, num_stages=2, num_warps=8
  triton_convolution2d_bwd_weight_491 0.0921 ms 39.1% ALLOW_TF32=False, BLOCK_K=16, BLOCK_M=128, BLOCK_N=128, DILATION_H=1, DILATION_W=1, GROUPS=128, KERNEL_H=3, KERNEL_W=3, PADDING_H=0, PADDING_W=0, STRIDE_H=2, STRIDE_W=2, num_stages=3, num_warps=8
  triton_convolution2d_bwd_weight_490 0.1123 ms 32.1% ALLOW_TF32=False, BLOCK_K=16, BLOCK_M=256, BLOCK_N=64, DILATION_H=1, DILATION_W=1, GROUPS=128, KERNEL_H=3, KERNEL_W=3, PADDING_H=0, PADDING_W=0, STRIDE_H=2, STRIDE_W=2, num_stages=2, num_warps=8
  triton_convolution2d_bwd_weight_486 0.1333 ms 27.0% ALLOW_TF32=False, BLOCK_K=16, BLOCK_M=512, BLOCK_N=16, DILATION_H=1, DILATION_W=1, GROUPS=128, KERNEL_H=3, KERNEL_W=3, PADDING_H=0, PADDING_W=0, STRIDE_H=2, STRIDE_W=2, num_stages=1, num_warps=8
  triton_convolution2d_bwd_weight_485 0.1351 ms 26.7% ALLOW_TF32=False, BLOCK_K=16, BLOCK_M=256, BLOCK_N=64, DILATION_H=1, DILATION_W=1, GROUPS=128, KERNEL_H=3, KERNEL_W=3, PADDING_H=0, PADDING_W=0, STRIDE_H=2, STRIDE_W=2, num_stages=2, num_warps=4
SingleProcess AUTOTUNE benchmarking takes 0.4120 seconds and 15.3695 seconds precompiling for 11 choices
Autotune Choices Stats:
{"num_choices": 11, "num_triton_choices": 11, "best_kernel": "triton_convolution2d_bwd_input_497", "best_kernel_desc": "ALLOW_TF32=False, BLOCK_K=16, BLOCK_M=512, BLOCK_N=16, DILATION_H=1, DILATION_W=1, GROUPS=128, KERNEL_H=3, KERNEL_W=3, PADDING_H=0, PADDING_W=0, STRIDE_H=2, STRIDE_W=2, num_stages=1, num_warps=8", "best_time": 0.016543999314308167, "best_triton_pos": 0}
AUTOTUNE convolution_bwd_input(2x128x7x7, 128x1x3x3)
strides: [s32**2*s37, s32**2, s32, 1], [s18**2, s18**2, s18, 1]
dtypes: torch.float32, torch.float32
  triton_convolution2d_bwd_input_497 0.0165 ms 100.0% ALLOW_TF32=False, BLOCK_K=16, BLOCK_M=512, BLOCK_N=16, DILATION_H=1, DILATION_W=1, GROUPS=128, KERNEL_H=3, KERNEL_W=3, PADDING_H=0, PADDING_W=0, STRIDE_H=2, STRIDE_W=2, num_stages=1, num_warps=8
  triton_convolution2d_bwd_input_499 0.0168 ms 98.5% ALLOW_TF32=False, BLOCK_K=16, BLOCK_M=64, BLOCK_N=64, DILATION_H=1, DILATION_W=1, GROUPS=128, KERNEL_H=3, KERNEL_W=3, PADDING_H=0, PADDING_W=0, STRIDE_H=2, STRIDE_W=2, num_stages=2, num_warps=4
  triton_convolution2d_bwd_input_504 0.0182 ms 91.0% ALLOW_TF32=False, BLOCK_K=16, BLOCK_M=128, BLOCK_N=64, DILATION_H=1, DILATION_W=1, GROUPS=128, KERNEL_H=3, KERNEL_W=3, PADDING_H=0, PADDING_W=0, STRIDE_H=2, STRIDE_W=2, num_stages=4, num_warps=4
  triton_convolution2d_bwd_input_496 0.0201 ms 82.2% ALLOW_TF32=False, BLOCK_K=16, BLOCK_M=256, BLOCK_N=64, DILATION_H=1, DILATION_W=1, GROUPS=128, KERNEL_H=3, KERNEL_W=3, PADDING_H=0, PADDING_W=0, STRIDE_H=2, STRIDE_W=2, num_stages=2, num_warps=4
  triton_convolution2d_bwd_input_501 0.0211 ms 78.5% ALLOW_TF32=False, BLOCK_K=16, BLOCK_M=256, BLOCK_N=64, DILATION_H=1, DILATION_W=1, GROUPS=128, KERNEL_H=3, KERNEL_W=3, PADDING_H=0, PADDING_W=0, STRIDE_H=2, STRIDE_W=2, num_stages=2, num_warps=8
  triton_convolution2d_bwd_input_495 0.0247 ms 67.0% ALLOW_TF32=False, BLOCK_K=16, BLOCK_M=64, BLOCK_N=128, DILATION_H=1, DILATION_W=1, GROUPS=128, KERNEL_H=3, KERNEL_W=3, PADDING_H=0, PADDING_W=0, STRIDE_H=2, STRIDE_W=2, num_stages=2, num_warps=4
  triton_convolution2d_bwd_input_500 0.0270 ms 61.3% ALLOW_TF32=False, BLOCK_K=16, BLOCK_M=64, BLOCK_N=128, DILATION_H=1, DILATION_W=1, GROUPS=128, KERNEL_H=3, KERNEL_W=3, PADDING_H=0, PADDING_W=0, STRIDE_H=2, STRIDE_W=2, num_stages=2, num_warps=8
  triton_convolution2d_bwd_input_498 0.0273 ms 60.7% ALLOW_TF32=False, BLOCK_K=16, BLOCK_M=128, BLOCK_N=128, DILATION_H=1, DILATION_W=1, GROUPS=128, KERNEL_H=3, KERNEL_W=3, PADDING_H=0, PADDING_W=0, STRIDE_H=2, STRIDE_W=2, num_stages=2, num_warps=8
  triton_convolution2d_bwd_input_502 0.0276 ms 60.0% ALLOW_TF32=False, BLOCK_K=16, BLOCK_M=128, BLOCK_N=128, DILATION_H=1, DILATION_W=1, GROUPS=128, KERNEL_H=3, KERNEL_W=3, PADDING_H=0, PADDING_W=0, STRIDE_H=2, STRIDE_W=2, num_stages=3, num_warps=8
  triton_convolution2d_bwd_input_505 0.0336 ms 49.3% ALLOW_TF32=False, BLOCK_K=16, BLOCK_M=256, BLOCK_N=128, DILATION_H=1, DILATION_W=1, GROUPS=128, KERNEL_H=3, KERNEL_W=3, PADDING_H=0, PADDING_W=0, STRIDE_H=2, STRIDE_W=2, num_stages=2, num_warps=8
SingleProcess AUTOTUNE benchmarking takes 0.3038 seconds and 0.0006 seconds precompiling for 11 choices
.Autotune Choices Stats:
{"num_choices": 11, "num_triton_choices": 11, "best_kernel": "triton_convolution2d_bwd_weight_510", "best_kernel_desc": "ALLOW_TF32=False, BLOCK_K=16, BLOCK_M=64, BLOCK_N=64, DILATION_H=1, DILATION_W=1, GROUPS=128, KERNEL_H=3, KERNEL_W=3, PADDING_H=0, PADDING_W=0, STRIDE_H=2, STRIDE_W=2, num_stages=2, num_warps=4", "best_time": 0.041120000183582306, "best_triton_pos": 0}
AUTOTUNE convolution_bwd_weight(2x128x16x16, 2x128x7x7)
strides: [s13**2*s37, s13, s13*s37, 1], [s32**2*s37, s32, s32*s37, 1]
dtypes: torch.float32, torch.float32
  triton_convolution2d_bwd_weight_510 0.0411 ms 100.0% ALLOW_TF32=False, BLOCK_K=16, BLOCK_M=64, BLOCK_N=64, DILATION_H=1, DILATION_W=1, GROUPS=128, KERNEL_H=3, KERNEL_W=3, PADDING_H=0, PADDING_W=0, STRIDE_H=2, STRIDE_W=2, num_stages=2, num_warps=4
  triton_convolution2d_bwd_weight_514 0.0696 ms 59.1% ALLOW_TF32=False, BLOCK_K=16, BLOCK_M=64, BLOCK_N=128, DILATION_H=1, DILATION_W=1, GROUPS=128, KERNEL_H=3, KERNEL_W=3, PADDING_H=0, PADDING_W=0, STRIDE_H=2, STRIDE_W=2, num_stages=4, num_warps=4
  triton_convolution2d_bwd_weight_511 0.0719 ms 57.2% ALLOW_TF32=False, BLOCK_K=16, BLOCK_M=64, BLOCK_N=128, DILATION_H=1, DILATION_W=1, GROUPS=128, KERNEL_H=3, KERNEL_W=3, PADDING_H=0, PADDING_W=0, STRIDE_H=2, STRIDE_W=2, num_stages=2, num_warps=8
  triton_convolution2d_bwd_weight_515 0.0729 ms 56.4% ALLOW_TF32=False, BLOCK_K=16, BLOCK_M=128, BLOCK_N=64, DILATION_H=1, DILATION_W=1, GROUPS=128, KERNEL_H=3, KERNEL_W=3, PADDING_H=0, PADDING_W=0, STRIDE_H=2, STRIDE_W=2, num_stages=4, num_warps=4
  triton_convolution2d_bwd_weight_506 0.0775 ms 53.0% ALLOW_TF32=False, BLOCK_K=16, BLOCK_M=64, BLOCK_N=128, DILATION_H=1, DILATION_W=1, GROUPS=128, KERNEL_H=3, KERNEL_W=3, PADDING_H=0, PADDING_W=0, STRIDE_H=2, STRIDE_W=2, num_stages=2, num_warps=4
  triton_convolution2d_bwd_weight_513 0.0857 ms 48.0% ALLOW_TF32=False, BLOCK_K=16, BLOCK_M=128, BLOCK_N=128, DILATION_H=1, DILATION_W=1, GROUPS=128, KERNEL_H=3, KERNEL_W=3, PADDING_H=0, PADDING_W=0, STRIDE_H=2, STRIDE_W=2, num_stages=3, num_warps=8
  triton_convolution2d_bwd_weight_509 0.1060 ms 38.8% ALLOW_TF32=False, BLOCK_K=16, BLOCK_M=128, BLOCK_N=128, DILATION_H=1, DILATION_W=1, GROUPS=128, KERNEL_H=3, KERNEL_W=3, PADDING_H=0, PADDING_W=0, STRIDE_H=2, STRIDE_W=2, num_stages=2, num_warps=8
  triton_convolution2d_bwd_weight_512 0.1287 ms 31.9% ALLOW_TF32=False, BLOCK_K=16, BLOCK_M=256, BLOCK_N=64, DILATION_H=1, DILATION_W=1, GROUPS=128, KERNEL_H=3, KERNEL_W=3, PADDING_H=0, PADDING_W=0, STRIDE_H=2, STRIDE_W=2, num_stages=2, num_warps=8
  triton_convolution2d_bwd_weight_508 0.1348 ms 30.5% ALLOW_TF32=False, BLOCK_K=16, BLOCK_M=512, BLOCK_N=16, DILATION_H=1, DILATION_W=1, GROUPS=128, KERNEL_H=3, KERNEL_W=3, PADDING_H=0, PADDING_W=0, STRIDE_H=2, STRIDE_W=2, num_stages=1, num_warps=8
  triton_convolution2d_bwd_weight_507 0.1365 ms 30.1% ALLOW_TF32=False, BLOCK_K=16, BLOCK_M=256, BLOCK_N=64, DILATION_H=1, DILATION_W=1, GROUPS=128, KERNEL_H=3, KERNEL_W=3, PADDING_H=0, PADDING_W=0, STRIDE_H=2, STRIDE_W=2, num_stages=2, num_warps=4
SingleProcess AUTOTUNE benchmarking takes 0.3925 seconds and 15.1600 seconds precompiling for 11 choices
Autotune Choices Stats:
{"num_choices": 11, "num_triton_choices": 11, "best_kernel": "triton_convolution2d_bwd_input_521", "best_kernel_desc": "ALLOW_TF32=False, BLOCK_K=16, BLOCK_M=64, BLOCK_N=64, DILATION_H=1, DILATION_W=1, GROUPS=128, KERNEL_H=3, KERNEL_W=3, PADDING_H=0, PADDING_W=0, STRIDE_H=2, STRIDE_W=2, num_stages=2, num_warps=4", "best_time": 0.018400000408291817, "best_triton_pos": 0}
AUTOTUNE convolution_bwd_input(2x128x7x7, 128x1x3x3)
strides: [s32**2*s37, 1, s32*s37, s37], [s18**2, 1, s18, 1]
dtypes: torch.float32, torch.float32
  triton_convolution2d_bwd_input_521 0.0184 ms 100.0% ALLOW_TF32=False, BLOCK_K=16, BLOCK_M=64, BLOCK_N=64, DILATION_H=1, DILATION_W=1, GROUPS=128, KERNEL_H=3, KERNEL_W=3, PADDING_H=0, PADDING_W=0, STRIDE_H=2, STRIDE_W=2, num_stages=2, num_warps=4
  triton_convolution2d_bwd_input_526 0.0184 ms 100.0% ALLOW_TF32=False, BLOCK_K=16, BLOCK_M=128, BLOCK_N=64, DILATION_H=1, DILATION_W=1, GROUPS=128, KERNEL_H=3, KERNEL_W=3, PADDING_H=0, PADDING_W=0, STRIDE_H=2, STRIDE_W=2, num_stages=4, num_warps=4
  triton_convolution2d_bwd_input_519 0.0208 ms 88.5% ALLOW_TF32=False, BLOCK_K=16, BLOCK_M=512, BLOCK_N=16, DILATION_H=1, DILATION_W=1, GROUPS=128, KERNEL_H=3, KERNEL_W=3, PADDING_H=0, PADDING_W=0, STRIDE_H=2, STRIDE_W=2, num_stages=1, num_warps=8
  triton_convolution2d_bwd_input_518 0.0232 ms 79.4% ALLOW_TF32=False, BLOCK_K=16, BLOCK_M=256, BLOCK_N=64, DILATION_H=1, DILATION_W=1, GROUPS=128, KERNEL_H=3, KERNEL_W=3, PADDING_H=0, PADDING_W=0, STRIDE_H=2, STRIDE_W=2, num_stages=2, num_warps=4
  triton_convolution2d_bwd_input_523 0.0251 ms 73.2% ALLOW_TF32=False, BLOCK_K=16, BLOCK_M=256, BLOCK_N=64, DILATION_H=1, DILATION_W=1, GROUPS=128, KERNEL_H=3, KERNEL_W=3, PADDING_H=0, PADDING_W=0, STRIDE_H=2, STRIDE_W=2, num_stages=2, num_warps=8
  triton_convolution2d_bwd_input_525 0.0259 ms 71.1% ALLOW_TF32=False, BLOCK_K=16, BLOCK_M=64, BLOCK_N=128, DILATION_H=1, DILATION_W=1, GROUPS=128, KERNEL_H=3, KERNEL_W=3, PADDING_H=0, PADDING_W=0, STRIDE_H=2, STRIDE_W=2, num_stages=4, num_warps=4
  triton_convolution2d_bwd_input_517 0.0259 ms 71.0% ALLOW_TF32=False, BLOCK_K=16, BLOCK_M=64, BLOCK_N=128, DILATION_H=1, DILATION_W=1, GROUPS=128, KERNEL_H=3, KERNEL_W=3, PADDING_H=0, PADDING_W=0, STRIDE_H=2, STRIDE_W=2, num_stages=2, num_warps=4
  triton_convolution2d_bwd_input_522 0.0327 ms 56.3% ALLOW_TF32=False, BLOCK_K=16, BLOCK_M=64, BLOCK_N=128, DILATION_H=1, DILATION_W=1, GROUPS=128, KERNEL_H=3, KERNEL_W=3, PADDING_H=0, PADDING_W=0, STRIDE_H=2, STRIDE_W=2, num_stages=2, num_warps=8
  triton_convolution2d_bwd_input_524 0.0370 ms 49.7% ALLOW_TF32=False, BLOCK_K=16, BLOCK_M=128, BLOCK_N=128, DILATION_H=1, DILATION_W=1, GROUPS=128, KERNEL_H=3, KERNEL_W=3, PADDING_H=0, PADDING_W=0, STRIDE_H=2, STRIDE_W=2, num_stages=3, num_warps=8
  triton_convolution2d_bwd_input_520 0.0394 ms 46.7% ALLOW_TF32=False, BLOCK_K=16, BLOCK_M=128, BLOCK_N=128, DILATION_H=1, DILATION_W=1, GROUPS=128, KERNEL_H=3, KERNEL_W=3, PADDING_H=0, PADDING_W=0, STRIDE_H=2, STRIDE_W=2, num_stages=2, num_warps=8
SingleProcess AUTOTUNE benchmarking takes 0.3040 seconds and 0.0006 seconds precompiling for 11 choices
.ssssAutotune Choices Stats:
{"num_choices": 11, "num_triton_choices": 11, "best_kernel": "triton_convolution2d_bwd_weight_532", "best_kernel_desc": "ALLOW_TF32=False, BLOCK_K=16, BLOCK_M=64, BLOCK_N=64, DILATION_H=1, DILATION_W=1, GROUPS=4, KERNEL_H=1, KERNEL_W=1, PADDING_H=1, PADDING_W=1, STRIDE_H=2, STRIDE_W=2, num_stages=2, num_warps=4", "best_time": 0.06080000102519989, "best_triton_pos": 0}
AUTOTUNE convolution_bwd_weight(2x4x16x16, 2x128x9x9)
strides: [s13**2*s37, s13**2, s13, 1], [s32**2*s38, s32**2, s32, 1]
dtypes: torch.float32, torch.float32
  triton_convolution2d_bwd_weight_532 0.0608 ms 100.0% ALLOW_TF32=False, BLOCK_K=16, BLOCK_M=64, BLOCK_N=64, DILATION_H=1, DILATION_W=1, GROUPS=4, KERNEL_H=1, KERNEL_W=1, PADDING_H=1, PADDING_W=1, STRIDE_H=2, STRIDE_W=2, num_stages=2, num_warps=4
  triton_convolution2d_bwd_weight_535 0.0627 ms 97.0% ALLOW_TF32=False, BLOCK_K=16, BLOCK_M=128, BLOCK_N=128, DILATION_H=1, DILATION_W=1, GROUPS=4, KERNEL_H=1, KERNEL_W=1, PADDING_H=1, PADDING_W=1, STRIDE_H=2, STRIDE_W=2, num_stages=3, num_warps=8
  triton_convolution2d_bwd_weight_533 0.0652 ms 93.3% ALLOW_TF32=False, BLOCK_K=16, BLOCK_M=64, BLOCK_N=128, DILATION_H=1, DILATION_W=1, GROUPS=4, KERNEL_H=1, KERNEL_W=1, PADDING_H=1, PADDING_W=1, STRIDE_H=2, STRIDE_W=2, num_stages=2, num_warps=8
  triton_convolution2d_bwd_weight_536 0.0741 ms 82.0% ALLOW_TF32=False, BLOCK_K=16, BLOCK_M=64, BLOCK_N=128, DILATION_H=1, DILATION_W=1, GROUPS=4, KERNEL_H=1, KERNEL_W=1, PADDING_H=1, PADDING_W=1, STRIDE_H=2, STRIDE_W=2, num_stages=4, num_warps=4
  triton_convolution2d_bwd_weight_537 0.0780 ms 78.0% ALLOW_TF32=False, BLOCK_K=16, BLOCK_M=128, BLOCK_N=64, DILATION_H=1, DILATION_W=1, GROUPS=4, KERNEL_H=1, KERNEL_W=1, PADDING_H=1, PADDING_W=1, STRIDE_H=2, STRIDE_W=2, num_stages=4, num_warps=4
  triton_convolution2d_bwd_weight_530 0.0808 ms 75.2% ALLOW_TF32=False, BLOCK_K=16, BLOCK_M=512, BLOCK_N=16, DILATION_H=1, DILATION_W=1, GROUPS=4, KERNEL_H=1, KERNEL_W=1, PADDING_H=1, PADDING_W=1, STRIDE_H=2, STRIDE_W=2, num_stages=1, num_warps=8
  triton_convolution2d_bwd_weight_531 0.0848 ms 71.7% ALLOW_TF32=False, BLOCK_K=16, BLOCK_M=128, BLOCK_N=128, DILATION_H=1, DILATION_W=1, GROUPS=4, KERNEL_H=1, KERNEL_W=1, PADDING_H=1, PADDING_W=1, STRIDE_H=2, STRIDE_W=2, num_stages=2, num_warps=8
  triton_convolution2d_bwd_weight_528 0.0873 ms 69.6% ALLOW_TF32=False, BLOCK_K=16, BLOCK_M=64, BLOCK_N=128, DILATION_H=1, DILATION_W=1, GROUPS=4, KERNEL_H=1, KERNEL_W=1, PADDING_H=1, PADDING_W=1, STRIDE_H=2, STRIDE_W=2, num_stages=2, num_warps=4
  triton_convolution2d_bwd_weight_534 0.0936 ms 65.0% ALLOW_TF32=False, BLOCK_K=16, BLOCK_M=256, BLOCK_N=64, DILATION_H=1, DILATION_W=1, GROUPS=4, KERNEL_H=1, KERNEL_W=1, PADDING_H=1, PADDING_W=1, STRIDE_H=2, STRIDE_W=2, num_stages=2, num_warps=8
  triton_convolution2d_bwd_weight_529 0.1110 ms 54.8% ALLOW_TF32=False, BLOCK_K=16, BLOCK_M=256, BLOCK_N=64, DILATION_H=1, DILATION_W=1, GROUPS=4, KERNEL_H=1, KERNEL_W=1, PADDING_H=1, PADDING_W=1, STRIDE_H=2, STRIDE_W=2, num_stages=2, num_warps=4
SingleProcess AUTOTUNE benchmarking takes 0.3553 seconds and 12.9184 seconds precompiling for 11 choices
Autotune Choices Stats:
{"num_choices": 11, "num_triton_choices": 11, "best_kernel": "triton_convolution2d_bwd_input_543", "best_kernel_desc": "ALLOW_TF32=False, BLOCK_K=16, BLOCK_M=64, BLOCK_N=64, DILATION_H=1, DILATION_W=1, GROUPS=4, KERNEL_H=1, KERNEL_W=1, PADDING_H=1, PADDING_W=1, STRIDE_H=2, STRIDE_W=2, num_stages=2, num_warps=4", "best_time": 0.010143999941647053, "best_triton_pos": 0}
AUTOTUNE convolution_bwd_input(2x128x9x9, 128x1x1x1)
strides: [s32**2*s38, s32**2, s32, 1], [1, 1, 1, 1]
dtypes: torch.float32, torch.float32
  triton_convolution2d_bwd_input_543 0.0101 ms 100.0% ALLOW_TF32=False, BLOCK_K=16, BLOCK_M=64, BLOCK_N=64, DILATION_H=1, DILATION_W=1, GROUPS=4, KERNEL_H=1, KERNEL_W=1, PADDING_H=1, PADDING_W=1, STRIDE_H=2, STRIDE_W=2, num_stages=2, num_warps=4
  triton_convolution2d_bwd_input_548 0.0119 ms 85.2% ALLOW_TF32=False, BLOCK_K=16, BLOCK_M=128, BLOCK_N=64, DILATION_H=1, DILATION_W=1, GROUPS=4, KERNEL_H=1, KERNEL_W=1, PADDING_H=1, PADDING_W=1, STRIDE_H=2, STRIDE_W=2, num_stages=4, num_warps=4
  triton_convolution2d_bwd_input_544 0.0121 ms 84.1% ALLOW_TF32=False, BLOCK_K=16, BLOCK_M=64, BLOCK_N=128, DILATION_H=1, DILATION_W=1, GROUPS=4, KERNEL_H=1, KERNEL_W=1, PADDING_H=1, PADDING_W=1, STRIDE_H=2, STRIDE_W=2, num_stages=2, num_warps=8
  triton_convolution2d_bwd_input_546 0.0156 ms 64.8% ALLOW_TF32=False, BLOCK_K=16, BLOCK_M=128, BLOCK_N=128, DILATION_H=1, DILATION_W=1, GROUPS=4, KERNEL_H=1, KERNEL_W=1, PADDING_H=1, PADDING_W=1, STRIDE_H=2, STRIDE_W=2, num_stages=3, num_warps=8
  triton_convolution2d_bwd_input_542 0.0157 ms 64.4% ALLOW_TF32=False, BLOCK_K=16, BLOCK_M=128, BLOCK_N=128, DILATION_H=1, DILATION_W=1, GROUPS=4, KERNEL_H=1, KERNEL_W=1, PADDING_H=1, PADDING_W=1, STRIDE_H=2, STRIDE_W=2, num_stages=2, num_warps=8
  triton_convolution2d_bwd_input_541 0.0178 ms 57.1% ALLOW_TF32=False, BLOCK_K=16, BLOCK_M=512, BLOCK_N=16, DILATION_H=1, DILATION_W=1, GROUPS=4, KERNEL_H=1, KERNEL_W=1, PADDING_H=1, PADDING_W=1, STRIDE_H=2, STRIDE_W=2, num_stages=1, num_warps=8
  triton_convolution2d_bwd_input_545 0.0180 ms 56.4% ALLOW_TF32=False, BLOCK_K=16, BLOCK_M=256, BLOCK_N=64, DILATION_H=1, DILATION_W=1, GROUPS=4, KERNEL_H=1, KERNEL_W=1, PADDING_H=1, PADDING_W=1, STRIDE_H=2, STRIDE_W=2, num_stages=2, num_warps=8
  triton_convolution2d_bwd_input_540 0.0187 ms 54.4% ALLOW_TF32=False, BLOCK_K=16, BLOCK_M=256, BLOCK_N=64, DILATION_H=1, DILATION_W=1, GROUPS=4, KERNEL_H=1, KERNEL_W=1, PADDING_H=1, PADDING_W=1, STRIDE_H=2, STRIDE_W=2, num_stages=2, num_warps=4
  triton_convolution2d_bwd_input_549 0.0254 ms 39.9% ALLOW_TF32=False, BLOCK_K=16, BLOCK_M=256, BLOCK_N=128, DILATION_H=1, DILATION_W=1, GROUPS=4, KERNEL_H=1, KERNEL_W=1, PADDING_H=1, PADDING_W=1, STRIDE_H=2, STRIDE_W=2, num_stages=2, num_warps=8
  triton_convolution2d_bwd_input_547 0.0328 ms 30.9% ALLOW_TF32=False, BLOCK_K=16, BLOCK_M=64, BLOCK_N=128, DILATION_H=1, DILATION_W=1, GROUPS=4, KERNEL_H=1, KERNEL_W=1, PADDING_H=1, PADDING_W=1, STRIDE_H=2, STRIDE_W=2, num_stages=4, num_warps=4
SingleProcess AUTOTUNE benchmarking takes 0.3145 seconds and 0.0005 seconds precompiling for 11 choices
.Autotune Choices Stats:
{"num_choices": 11, "num_triton_choices": 11, "best_kernel": "triton_convolution2d_bwd_weight_554", "best_kernel_desc": "ALLOW_TF32=False, BLOCK_K=16, BLOCK_M=64, BLOCK_N=64, DILATION_H=1, DILATION_W=1, GROUPS=4, KERNEL_H=1, KERNEL_W=1, PADDING_H=1, PADDING_W=1, STRIDE_H=2, STRIDE_W=2, num_stages=2, num_warps=4", "best_time": 0.04460800066590309, "best_triton_pos": 0}
AUTOTUNE convolution_bwd_weight(2x4x16x16, 2x128x9x9)
strides: [s13**2*s37, s13**2, s13, 1], [s32**2*s38, s32**2, s32, 1]
dtypes: torch.float32, torch.float32
  triton_convolution2d_bwd_weight_554 0.0446 ms 100.0% ALLOW_TF32=False, BLOCK_K=16, BLOCK_M=64, BLOCK_N=64, DILATION_H=1, DILATION_W=1, GROUPS=4, KERNEL_H=1, KERNEL_W=1, PADDING_H=1, PADDING_W=1, STRIDE_H=2, STRIDE_W=2, num_stages=2, num_warps=4
  triton_convolution2d_bwd_weight_555 0.0652 ms 68.4% ALLOW_TF32=False, BLOCK_K=16, BLOCK_M=64, BLOCK_N=128, DILATION_H=1, DILATION_W=1, GROUPS=4, KERNEL_H=1, KERNEL_W=1, PADDING_H=1, PADDING_W=1, STRIDE_H=2, STRIDE_W=2, num_stages=2, num_warps=8
  triton_convolution2d_bwd_weight_558 0.0738 ms 60.4% ALLOW_TF32=False, BLOCK_K=16, BLOCK_M=64, BLOCK_N=128, DILATION_H=1, DILATION_W=1, GROUPS=4, KERNEL_H=1, KERNEL_W=1, PADDING_H=1, PADDING_W=1, STRIDE_H=2, STRIDE_W=2, num_stages=4, num_warps=4
  triton_convolution2d_bwd_weight_557 0.0768 ms 58.1% ALLOW_TF32=False, BLOCK_K=16, BLOCK_M=128, BLOCK_N=128, DILATION_H=1, DILATION_W=1, GROUPS=4, KERNEL_H=1, KERNEL_W=1, PADDING_H=1, PADDING_W=1, STRIDE_H=2, STRIDE_W=2, num_stages=3, num_warps=8
  triton_convolution2d_bwd_weight_559 0.0782 ms 57.0% ALLOW_TF32=False, BLOCK_K=16, BLOCK_M=128, BLOCK_N=64, DILATION_H=1, DILATION_W=1, GROUPS=4, KERNEL_H=1, KERNEL_W=1, PADDING_H=1, PADDING_W=1, STRIDE_H=2, STRIDE_W=2, num_stages=4, num_warps=4
  triton_convolution2d_bwd_weight_552 0.0811 ms 55.0% ALLOW_TF32=False, BLOCK_K=16, BLOCK_M=512, BLOCK_N=16, DILATION_H=1, DILATION_W=1, GROUPS=4, KERNEL_H=1, KERNEL_W=1, PADDING_H=1, PADDING_W=1, STRIDE_H=2, STRIDE_W=2, num_stages=1, num_warps=8
  triton_convolution2d_bwd_weight_553 0.0851 ms 52.4% ALLOW_TF32=False, BLOCK_K=16, BLOCK_M=128, BLOCK_N=128, DILATION_H=1, DILATION_W=1, GROUPS=4, KERNEL_H=1, KERNEL_W=1, PADDING_H=1, PADDING_W=1, STRIDE_H=2, STRIDE_W=2, num_stages=2, num_warps=8
  triton_convolution2d_bwd_weight_550 0.0874 ms 51.1% ALLOW_TF32=False, BLOCK_K=16, BLOCK_M=64, BLOCK_N=128, DILATION_H=1, DILATION_W=1, GROUPS=4, KERNEL_H=1, KERNEL_W=1, PADDING_H=1, PADDING_W=1, STRIDE_H=2, STRIDE_W=2, num_stages=2, num_warps=4
  triton_convolution2d_bwd_weight_551 0.1110 ms 40.2% ALLOW_TF32=False, BLOCK_K=16, BLOCK_M=256, BLOCK_N=64, DILATION_H=1, DILATION_W=1, GROUPS=4, KERNEL_H=1, KERNEL_W=1, PADDING_H=1, PADDING_W=1, STRIDE_H=2, STRIDE_W=2, num_stages=2, num_warps=4
  triton_convolution2d_bwd_weight_556 0.1146 ms 38.9% ALLOW_TF32=False, BLOCK_K=16, BLOCK_M=256, BLOCK_N=64, DILATION_H=1, DILATION_W=1, GROUPS=4, KERNEL_H=1, KERNEL_W=1, PADDING_H=1, PADDING_W=1, STRIDE_H=2, STRIDE_W=2, num_stages=2, num_warps=8
SingleProcess AUTOTUNE benchmarking takes 0.3423 seconds and 12.8224 seconds precompiling for 11 choices
Autotune Choices Stats:
{"num_choices": 11, "num_triton_choices": 11, "best_kernel": "triton_convolution2d_bwd_input_565", "best_kernel_desc": "ALLOW_TF32=False, BLOCK_K=16, BLOCK_M=64, BLOCK_N=64, DILATION_H=1, DILATION_W=1, GROUPS=4, KERNEL_H=1, KERNEL_W=1, PADDING_H=1, PADDING_W=1, STRIDE_H=2, STRIDE_W=2, num_stages=2, num_warps=4", "best_time": 0.010784000158309937, "best_triton_pos": 0}
AUTOTUNE convolution_bwd_input(2x128x9x9, 128x1x1x1)
strides: [s32**2*s38, s32**2, s32, 1], [1, 1, 1, 1]
dtypes: torch.float32, torch.float32
  triton_convolution2d_bwd_input_565 0.0108 ms 100.0% ALLOW_TF32=False, BLOCK_K=16, BLOCK_M=64, BLOCK_N=64, DILATION_H=1, DILATION_W=1, GROUPS=4, KERNEL_H=1, KERNEL_W=1, PADDING_H=1, PADDING_W=1, STRIDE_H=2, STRIDE_W=2, num_stages=2, num_warps=4
  triton_convolution2d_bwd_input_570 0.0118 ms 91.1% ALLOW_TF32=False, BLOCK_K=16, BLOCK_M=128, BLOCK_N=64, DILATION_H=1, DILATION_W=1, GROUPS=4, KERNEL_H=1, KERNEL_W=1, PADDING_H=1, PADDING_W=1, STRIDE_H=2, STRIDE_W=2, num_stages=4, num_warps=4
  triton_convolution2d_bwd_input_569 0.0120 ms 90.1% ALLOW_TF32=False, BLOCK_K=16, BLOCK_M=64, BLOCK_N=128, DILATION_H=1, DILATION_W=1, GROUPS=4, KERNEL_H=1, KERNEL_W=1, PADDING_H=1, PADDING_W=1, STRIDE_H=2, STRIDE_W=2, num_stages=4, num_warps=4
  triton_convolution2d_bwd_input_566 0.0121 ms 89.2% ALLOW_TF32=False, BLOCK_K=16, BLOCK_M=64, BLOCK_N=128, DILATION_H=1, DILATION_W=1, GROUPS=4, KERNEL_H=1, KERNEL_W=1, PADDING_H=1, PADDING_W=1, STRIDE_H=2, STRIDE_W=2, num_stages=2, num_warps=8
  triton_convolution2d_bwd_input_564 0.0156 ms 69.1% ALLOW_TF32=False, BLOCK_K=16, BLOCK_M=128, BLOCK_N=128, DILATION_H=1, DILATION_W=1, GROUPS=4, KERNEL_H=1, KERNEL_W=1, PADDING_H=1, PADDING_W=1, STRIDE_H=2, STRIDE_W=2, num_stages=2, num_warps=8
  triton_convolution2d_bwd_input_568 0.0156 ms 68.9% ALLOW_TF32=False, BLOCK_K=16, BLOCK_M=128, BLOCK_N=128, DILATION_H=1, DILATION_W=1, GROUPS=4, KERNEL_H=1, KERNEL_W=1, PADDING_H=1, PADDING_W=1, STRIDE_H=2, STRIDE_W=2, num_stages=3, num_warps=8
  triton_convolution2d_bwd_input_567 0.0176 ms 61.3% ALLOW_TF32=False, BLOCK_K=16, BLOCK_M=256, BLOCK_N=64, DILATION_H=1, DILATION_W=1, GROUPS=4, KERNEL_H=1, KERNEL_W=1, PADDING_H=1, PADDING_W=1, STRIDE_H=2, STRIDE_W=2, num_stages=2, num_warps=8
  triton_convolution2d_bwd_input_563 0.0179 ms 60.3% ALLOW_TF32=False, BLOCK_K=16, BLOCK_M=512, BLOCK_N=16, DILATION_H=1, DILATION_W=1, GROUPS=4, KERNEL_H=1, KERNEL_W=1, PADDING_H=1, PADDING_W=1, STRIDE_H=2, STRIDE_W=2, num_stages=1, num_warps=8
  triton_convolution2d_bwd_input_562 0.0188 ms 57.5% ALLOW_TF32=False, BLOCK_K=16, BLOCK_M=256, BLOCK_N=64, DILATION_H=1, DILATION_W=1, GROUPS=4, KERNEL_H=1, KERNEL_W=1, PADDING_H=1, PADDING_W=1, STRIDE_H=2, STRIDE_W=2, num_stages=2, num_warps=4
  triton_convolution2d_bwd_input_571 0.0255 ms 42.3% ALLOW_TF32=False, BLOCK_K=16, BLOCK_M=256, BLOCK_N=128, DILATION_H=1, DILATION_W=1, GROUPS=4, KERNEL_H=1, KERNEL_W=1, PADDING_H=1, PADDING_W=1, STRIDE_H=2, STRIDE_W=2, num_stages=2, num_warps=8
SingleProcess AUTOTUNE benchmarking takes 0.3132 seconds and 0.0005 seconds precompiling for 11 choices
.ssssAutotune Choices Stats:
{"num_choices": 11, "num_triton_choices": 11, "best_kernel": "triton_convolution2d_bwd_weight_576", "best_kernel_desc": "ALLOW_TF32=False, BLOCK_K=16, BLOCK_M=64, BLOCK_N=64, DILATION_H=1, DILATION_W=1, GROUPS=128, KERNEL_H=1, KERNEL_W=1, PADDING_H=1, PADDING_W=1, STRIDE_H=2, STRIDE_W=2, num_stages=2, num_warps=4", "best_time": 0.04790399968624115, "best_triton_pos": 0}
AUTOTUNE convolution_bwd_weight(2x128x16x16, 2x128x9x9)
strides: [s13**2*s37, s13**2, s13, 1], [s32**2*s37, s32**2, s32, 1]
dtypes: torch.float32, torch.float32
  triton_convolution2d_bwd_weight_576 0.0479 ms 100.0% ALLOW_TF32=False, BLOCK_K=16, BLOCK_M=64, BLOCK_N=64, DILATION_H=1, DILATION_W=1, GROUPS=128, KERNEL_H=1, KERNEL_W=1, PADDING_H=1, PADDING_W=1, STRIDE_H=2, STRIDE_W=2, num_stages=2, num_warps=4
  triton_convolution2d_bwd_weight_577 0.0845 ms 56.7% ALLOW_TF32=False, BLOCK_K=16, BLOCK_M=64, BLOCK_N=128, DILATION_H=1, DILATION_W=1, GROUPS=128, KERNEL_H=1, KERNEL_W=1, PADDING_H=1, PADDING_W=1, STRIDE_H=2, STRIDE_W=2, num_stages=2, num_warps=8
  triton_convolution2d_bwd_weight_580 0.0994 ms 48.2% ALLOW_TF32=False, BLOCK_K=16, BLOCK_M=64, BLOCK_N=128, DILATION_H=1, DILATION_W=1, GROUPS=128, KERNEL_H=1, KERNEL_W=1, PADDING_H=1, PADDING_W=1, STRIDE_H=2, STRIDE_W=2, num_stages=4, num_warps=4
  triton_convolution2d_bwd_weight_581 0.1057 ms 45.3% ALLOW_TF32=False, BLOCK_K=16, BLOCK_M=128, BLOCK_N=64, DILATION_H=1, DILATION_W=1, GROUPS=128, KERNEL_H=1, KERNEL_W=1, PADDING_H=1, PADDING_W=1, STRIDE_H=2, STRIDE_W=2, num_stages=4, num_warps=4
  triton_convolution2d_bwd_weight_572 0.1159 ms 41.3% ALLOW_TF32=False, BLOCK_K=16, BLOCK_M=64, BLOCK_N=128, DILATION_H=1, DILATION_W=1, GROUPS=128, KERNEL_H=1, KERNEL_W=1, PADDING_H=1, PADDING_W=1, STRIDE_H=2, STRIDE_W=2, num_stages=2, num_warps=4
  triton_convolution2d_bwd_weight_579 0.1202 ms 39.9% ALLOW_TF32=False, BLOCK_K=16, BLOCK_M=128, BLOCK_N=128, DILATION_H=1, DILATION_W=1, GROUPS=128, KERNEL_H=1, KERNEL_W=1, PADDING_H=1, PADDING_W=1, STRIDE_H=2, STRIDE_W=2, num_stages=3, num_warps=8
  triton_convolution2d_bwd_weight_575 0.1503 ms 31.9% ALLOW_TF32=False, BLOCK_K=16, BLOCK_M=128, BLOCK_N=128, DILATION_H=1, DILATION_W=1, GROUPS=128, KERNEL_H=1, KERNEL_W=1, PADDING_H=1, PADDING_W=1, STRIDE_H=2, STRIDE_W=2, num_stages=2, num_warps=8
  triton_convolution2d_bwd_weight_578 0.1590 ms 30.1% ALLOW_TF32=False, BLOCK_K=16, BLOCK_M=256, BLOCK_N=64, DILATION_H=1, DILATION_W=1, GROUPS=128, KERNEL_H=1, KERNEL_W=1, PADDING_H=1, PADDING_W=1, STRIDE_H=2, STRIDE_W=2, num_stages=2, num_warps=8
  triton_convolution2d_bwd_weight_574 0.1698 ms 28.2% ALLOW_TF32=False, BLOCK_K=16, BLOCK_M=512, BLOCK_N=16, DILATION_H=1, DILATION_W=1, GROUPS=128, KERNEL_H=1, KERNEL_W=1, PADDING_H=1, PADDING_W=1, STRIDE_H=2, STRIDE_W=2, num_stages=1, num_warps=8
  triton_convolution2d_bwd_weight_573 0.1736 ms 27.6% ALLOW_TF32=False, BLOCK_K=16, BLOCK_M=256, BLOCK_N=64, DILATION_H=1, DILATION_W=1, GROUPS=128, KERNEL_H=1, KERNEL_W=1, PADDING_H=1, PADDING_W=1, STRIDE_H=2, STRIDE_W=2, num_stages=2, num_warps=4
SingleProcess AUTOTUNE benchmarking takes 0.4303 seconds and 15.6332 seconds precompiling for 11 choices
Autotune Choices Stats:
{"num_choices": 11, "num_triton_choices": 11, "best_kernel": "triton_convolution2d_bwd_input_592", "best_kernel_desc": "ALLOW_TF32=False, BLOCK_K=16, BLOCK_M=128, BLOCK_N=64, DILATION_H=1, DILATION_W=1, GROUPS=128, KERNEL_H=1, KERNEL_W=1, PADDING_H=1, PADDING_W=1, STRIDE_H=2, STRIDE_W=2, num_stages=4, num_warps=4", "best_time": 0.016575999557971954, "best_triton_pos": 0}
AUTOTUNE convolution_bwd_input(2x128x9x9, 128x1x1x1)
strides: [s32**2*s37, s32**2, s32, 1], [1, 1, 1, 1]
dtypes: torch.float32, torch.float32
  triton_convolution2d_bwd_input_592 0.0166 ms 100.0% ALLOW_TF32=False, BLOCK_K=16, BLOCK_M=128, BLOCK_N=64, DILATION_H=1, DILATION_W=1, GROUPS=128, KERNEL_H=1, KERNEL_W=1, PADDING_H=1, PADDING_W=1, STRIDE_H=2, STRIDE_W=2, num_stages=4, num_warps=4
  triton_convolution2d_bwd_input_585 0.0166 ms 99.8% ALLOW_TF32=False, BLOCK_K=16, BLOCK_M=512, BLOCK_N=16, DILATION_H=1, DILATION_W=1, GROUPS=128, KERNEL_H=1, KERNEL_W=1, PADDING_H=1, PADDING_W=1, STRIDE_H=2, STRIDE_W=2, num_stages=1, num_warps=8
  triton_convolution2d_bwd_input_587 0.0169 ms 98.1% ALLOW_TF32=False, BLOCK_K=16, BLOCK_M=64, BLOCK_N=64, DILATION_H=1, DILATION_W=1, GROUPS=128, KERNEL_H=1, KERNEL_W=1, PADDING_H=1, PADDING_W=1, STRIDE_H=2, STRIDE_W=2, num_stages=2, num_warps=4
  triton_convolution2d_bwd_input_584 0.0201 ms 82.6% ALLOW_TF32=False, BLOCK_K=16, BLOCK_M=256, BLOCK_N=64, DILATION_H=1, DILATION_W=1, GROUPS=128, KERNEL_H=1, KERNEL_W=1, PADDING_H=1, PADDING_W=1, STRIDE_H=2, STRIDE_W=2, num_stages=2, num_warps=4
  triton_convolution2d_bwd_input_589 0.0205 ms 80.8% ALLOW_TF32=False, BLOCK_K=16, BLOCK_M=256, BLOCK_N=64, DILATION_H=1, DILATION_W=1, GROUPS=128, KERNEL_H=1, KERNEL_W=1, PADDING_H=1, PADDING_W=1, STRIDE_H=2, STRIDE_W=2, num_stages=2, num_warps=8
  triton_convolution2d_bwd_input_583 0.0247 ms 67.0% ALLOW_TF32=False, BLOCK_K=16, BLOCK_M=64, BLOCK_N=128, DILATION_H=1, DILATION_W=1, GROUPS=128, KERNEL_H=1, KERNEL_W=1, PADDING_H=1, PADDING_W=1, STRIDE_H=2, STRIDE_W=2, num_stages=2, num_warps=4
  triton_convolution2d_bwd_input_588 0.0260 ms 63.7% ALLOW_TF32=False, BLOCK_K=16, BLOCK_M=64, BLOCK_N=128, DILATION_H=1, DILATION_W=1, GROUPS=128, KERNEL_H=1, KERNEL_W=1, PADDING_H=1, PADDING_W=1, STRIDE_H=2, STRIDE_W=2, num_stages=2, num_warps=8
  triton_convolution2d_bwd_input_586 0.0280 ms 59.2% ALLOW_TF32=False, BLOCK_K=16, BLOCK_M=128, BLOCK_N=128, DILATION_H=1, DILATION_W=1, GROUPS=128, KERNEL_H=1, KERNEL_W=1, PADDING_H=1, PADDING_W=1, STRIDE_H=2, STRIDE_W=2, num_stages=2, num_warps=8
  triton_convolution2d_bwd_input_590 0.0282 ms 58.8% ALLOW_TF32=False, BLOCK_K=16, BLOCK_M=128, BLOCK_N=128, DILATION_H=1, DILATION_W=1, GROUPS=128, KERNEL_H=1, KERNEL_W=1, PADDING_H=1, PADDING_W=1, STRIDE_H=2, STRIDE_W=2, num_stages=3, num_warps=8
  triton_convolution2d_bwd_input_593 0.0342 ms 48.5% ALLOW_TF32=False, BLOCK_K=16, BLOCK_M=256, BLOCK_N=128, DILATION_H=1, DILATION_W=1, GROUPS=128, KERNEL_H=1, KERNEL_W=1, PADDING_H=1, PADDING_W=1, STRIDE_H=2, STRIDE_W=2, num_stages=2, num_warps=8
SingleProcess AUTOTUNE benchmarking takes 0.3282 seconds and 0.0005 seconds precompiling for 11 choices
.Autotune Choices Stats:
{"num_choices": 11, "num_triton_choices": 11, "best_kernel": "triton_convolution2d_bwd_weight_598", "best_kernel_desc": "ALLOW_TF32=False, BLOCK_K=16, BLOCK_M=64, BLOCK_N=64, DILATION_H=1, DILATION_W=1, GROUPS=128, KERNEL_H=1, KERNEL_W=1, PADDING_H=1, PADDING_W=1, STRIDE_H=2, STRIDE_W=2, num_stages=2, num_warps=4", "best_time": 0.04975999891757965, "best_triton_pos": 0}
AUTOTUNE convolution_bwd_weight(2x128x16x16, 2x128x9x9)
strides: [s13**2*s37, s13**2, s13, 1], [s32**2*s37, s32**2, s32, 1]
dtypes: torch.float32, torch.float32
  triton_convolution2d_bwd_weight_598 0.0498 ms 100.0% ALLOW_TF32=False, BLOCK_K=16, BLOCK_M=64, BLOCK_N=64, DILATION_H=1, DILATION_W=1, GROUPS=128, KERNEL_H=1, KERNEL_W=1, PADDING_H=1, PADDING_W=1, STRIDE_H=2, STRIDE_W=2, num_stages=2, num_warps=4
  triton_convolution2d_bwd_weight_599 0.0883 ms 56.4% ALLOW_TF32=False, BLOCK_K=16, BLOCK_M=64, BLOCK_N=128, DILATION_H=1, DILATION_W=1, GROUPS=128, KERNEL_H=1, KERNEL_W=1, PADDING_H=1, PADDING_W=1, STRIDE_H=2, STRIDE_W=2, num_stages=2, num_warps=8
  triton_convolution2d_bwd_weight_602 0.1036 ms 48.0% ALLOW_TF32=False, BLOCK_K=16, BLOCK_M=64, BLOCK_N=128, DILATION_H=1, DILATION_W=1, GROUPS=128, KERNEL_H=1, KERNEL_W=1, PADDING_H=1, PADDING_W=1, STRIDE_H=2, STRIDE_W=2, num_stages=4, num_warps=4
  triton_convolution2d_bwd_weight_603 0.1057 ms 47.1% ALLOW_TF32=False, BLOCK_K=16, BLOCK_M=128, BLOCK_N=64, DILATION_H=1, DILATION_W=1, GROUPS=128, KERNEL_H=1, KERNEL_W=1, PADDING_H=1, PADDING_W=1, STRIDE_H=2, STRIDE_W=2, num_stages=4, num_warps=4
  triton_convolution2d_bwd_weight_594 0.1161 ms 42.9% ALLOW_TF32=False, BLOCK_K=16, BLOCK_M=64, BLOCK_N=128, DILATION_H=1, DILATION_W=1, GROUPS=128, KERNEL_H=1, KERNEL_W=1, PADDING_H=1, PADDING_W=1, STRIDE_H=2, STRIDE_W=2, num_stages=2, num_warps=4
  triton_convolution2d_bwd_weight_601 0.1254 ms 39.7% ALLOW_TF32=False, BLOCK_K=16, BLOCK_M=128, BLOCK_N=128, DILATION_H=1, DILATION_W=1, GROUPS=128, KERNEL_H=1, KERNEL_W=1, PADDING_H=1, PADDING_W=1, STRIDE_H=2, STRIDE_W=2, num_stages=3, num_warps=8
  triton_convolution2d_bwd_weight_597 0.1279 ms 38.9% ALLOW_TF32=False, BLOCK_K=16, BLOCK_M=128, BLOCK_N=128, DILATION_H=1, DILATION_W=1, GROUPS=128, KERNEL_H=1, KERNEL_W=1, PADDING_H=1, PADDING_W=1, STRIDE_H=2, STRIDE_W=2, num_stages=2, num_warps=8
  triton_convolution2d_bwd_weight_600 0.1659 ms 30.0% ALLOW_TF32=False, BLOCK_K=16, BLOCK_M=256, BLOCK_N=64, DILATION_H=1, DILATION_W=1, GROUPS=128, KERNEL_H=1, KERNEL_W=1, PADDING_H=1, PADDING_W=1, STRIDE_H=2, STRIDE_W=2, num_stages=2, num_warps=8
  triton_convolution2d_bwd_weight_596 0.1698 ms 29.3% ALLOW_TF32=False, BLOCK_K=16, BLOCK_M=512, BLOCK_N=16, DILATION_H=1, DILATION_W=1, GROUPS=128, KERNEL_H=1, KERNEL_W=1, PADDING_H=1, PADDING_W=1, STRIDE_H=2, STRIDE_W=2, num_stages=1, num_warps=8
  triton_convolution2d_bwd_weight_595 0.1735 ms 28.7% ALLOW_TF32=False, BLOCK_K=16, BLOCK_M=256, BLOCK_N=64, DILATION_H=1, DILATION_W=1, GROUPS=128, KERNEL_H=1, KERNEL_W=1, PADDING_H=1, PADDING_W=1, STRIDE_H=2, STRIDE_W=2, num_stages=2, num_warps=4
SingleProcess AUTOTUNE benchmarking takes 0.4601 seconds and 13.6504 seconds precompiling for 11 choices
Autotune Choices Stats:
{"num_choices": 11, "num_triton_choices": 11, "best_kernel": "triton_convolution2d_bwd_input_614", "best_kernel_desc": "ALLOW_TF32=False, BLOCK_K=16, BLOCK_M=128, BLOCK_N=64, DILATION_H=1, DILATION_W=1, GROUPS=128, KERNEL_H=1, KERNEL_W=1, PADDING_H=1, PADDING_W=1, STRIDE_H=2, STRIDE_W=2, num_stages=4, num_warps=4", "best_time": 0.016543999314308167, "best_triton_pos": 0}
AUTOTUNE convolution_bwd_input(2x128x9x9, 128x1x1x1)
strides: [s32**2*s37, s32**2, s32, 1], [1, 1, 1, 1]
dtypes: torch.float32, torch.float32
  triton_convolution2d_bwd_input_614 0.0165 ms 100.0% ALLOW_TF32=False, BLOCK_K=16, BLOCK_M=128, BLOCK_N=64, DILATION_H=1, DILATION_W=1, GROUPS=128, KERNEL_H=1, KERNEL_W=1, PADDING_H=1, PADDING_W=1, STRIDE_H=2, STRIDE_W=2, num_stages=4, num_warps=4
  triton_convolution2d_bwd_input_609 0.0167 ms 99.0% ALLOW_TF32=False, BLOCK_K=16, BLOCK_M=64, BLOCK_N=64, DILATION_H=1, DILATION_W=1, GROUPS=128, KERNEL_H=1, KERNEL_W=1, PADDING_H=1, PADDING_W=1, STRIDE_H=2, STRIDE_W=2, num_stages=2, num_warps=4
  triton_convolution2d_bwd_input_607 0.0168 ms 98.3% ALLOW_TF32=False, BLOCK_K=16, BLOCK_M=512, BLOCK_N=16, DILATION_H=1, DILATION_W=1, GROUPS=128, KERNEL_H=1, KERNEL_W=1, PADDING_H=1, PADDING_W=1, STRIDE_H=2, STRIDE_W=2, num_stages=1, num_warps=8
  triton_convolution2d_bwd_input_606 0.0201 ms 82.2% ALLOW_TF32=False, BLOCK_K=16, BLOCK_M=256, BLOCK_N=64, DILATION_H=1, DILATION_W=1, GROUPS=128, KERNEL_H=1, KERNEL_W=1, PADDING_H=1, PADDING_W=1, STRIDE_H=2, STRIDE_W=2, num_stages=2, num_warps=4
  triton_convolution2d_bwd_input_611 0.0205 ms 80.7% ALLOW_TF32=False, BLOCK_K=16, BLOCK_M=256, BLOCK_N=64, DILATION_H=1, DILATION_W=1, GROUPS=128, KERNEL_H=1, KERNEL_W=1, PADDING_H=1, PADDING_W=1, STRIDE_H=2, STRIDE_W=2, num_stages=2, num_warps=8
  triton_convolution2d_bwd_input_605 0.0247 ms 67.0% ALLOW_TF32=False, BLOCK_K=16, BLOCK_M=64, BLOCK_N=128, DILATION_H=1, DILATION_W=1, GROUPS=128, KERNEL_H=1, KERNEL_W=1, PADDING_H=1, PADDING_W=1, STRIDE_H=2, STRIDE_W=2, num_stages=2, num_warps=4
  triton_convolution2d_bwd_input_613 0.0247 ms 67.0% ALLOW_TF32=False, BLOCK_K=16, BLOCK_M=64, BLOCK_N=128, DILATION_H=1, DILATION_W=1, GROUPS=128, KERNEL_H=1, KERNEL_W=1, PADDING_H=1, PADDING_W=1, STRIDE_H=2, STRIDE_W=2, num_stages=4, num_warps=4
  triton_convolution2d_bwd_input_610 0.0258 ms 64.1% ALLOW_TF32=False, BLOCK_K=16, BLOCK_M=64, BLOCK_N=128, DILATION_H=1, DILATION_W=1, GROUPS=128, KERNEL_H=1, KERNEL_W=1, PADDING_H=1, PADDING_W=1, STRIDE_H=2, STRIDE_W=2, num_stages=2, num_warps=8
  triton_convolution2d_bwd_input_608 0.0281 ms 59.0% ALLOW_TF32=False, BLOCK_K=16, BLOCK_M=128, BLOCK_N=128, DILATION_H=1, DILATION_W=1, GROUPS=128, KERNEL_H=1, KERNEL_W=1, PADDING_H=1, PADDING_W=1, STRIDE_H=2, STRIDE_W=2, num_stages=2, num_warps=8
  triton_convolution2d_bwd_input_612 0.0281 ms 59.0% ALLOW_TF32=False, BLOCK_K=16, BLOCK_M=128, BLOCK_N=128, DILATION_H=1, DILATION_W=1, GROUPS=128, KERNEL_H=1, KERNEL_W=1, PADDING_H=1, PADDING_W=1, STRIDE_H=2, STRIDE_W=2, num_stages=3, num_warps=8
SingleProcess AUTOTUNE benchmarking takes 0.3115 seconds and 0.0006 seconds precompiling for 11 choices
.ssssAutotune Choices Stats:
{"num_choices": 11, "num_triton_choices": 11, "best_kernel": "triton_convolution2d_bwd_weight_620", "best_kernel_desc": "ALLOW_TF32=False, BLOCK_K=16, BLOCK_M=64, BLOCK_N=64, DILATION_H=1, DILATION_W=1, GROUPS=4, KERNEL_H=3, KERNEL_W=3, PADDING_H=1, PADDING_W=1, STRIDE_H=2, STRIDE_W=2, num_stages=2, num_warps=4", "best_time": 0.03798399865627289, "best_triton_pos": 0}
AUTOTUNE convolution_bwd_weight(2x4x16x16, 2x128x8x8)
strides: [s13**2*s37, s13**2, s13, 1], [s32**2*s38, s32**2, s32, 1]
dtypes: torch.float32, torch.float32
  triton_convolution2d_bwd_weight_620 0.0380 ms 100.0% ALLOW_TF32=False, BLOCK_K=16, BLOCK_M=64, BLOCK_N=64, DILATION_H=1, DILATION_W=1, GROUPS=4, KERNEL_H=3, KERNEL_W=3, PADDING_H=1, PADDING_W=1, STRIDE_H=2, STRIDE_W=2, num_stages=2, num_warps=4
  triton_convolution2d_bwd_weight_621 0.0594 ms 64.0% ALLOW_TF32=False, BLOCK_K=16, BLOCK_M=64, BLOCK_N=128, DILATION_H=1, DILATION_W=1, GROUPS=4, KERNEL_H=3, KERNEL_W=3, PADDING_H=1, PADDING_W=1, STRIDE_H=2, STRIDE_W=2, num_stages=2, num_warps=8
  triton_convolution2d_bwd_weight_625 0.0658 ms 57.7% ALLOW_TF32=False, BLOCK_K=16, BLOCK_M=128, BLOCK_N=64, DILATION_H=1, DILATION_W=1, GROUPS=4, KERNEL_H=3, KERNEL_W=3, PADDING_H=1, PADDING_W=1, STRIDE_H=2, STRIDE_W=2, num_stages=4, num_warps=4
  triton_convolution2d_bwd_weight_624 0.0667 ms 56.9% ALLOW_TF32=False, BLOCK_K=16, BLOCK_M=64, BLOCK_N=128, DILATION_H=1, DILATION_W=1, GROUPS=4, KERNEL_H=3, KERNEL_W=3, PADDING_H=1, PADDING_W=1, STRIDE_H=2, STRIDE_W=2, num_stages=4, num_warps=4
  triton_convolution2d_bwd_weight_618 0.0677 ms 56.1% ALLOW_TF32=False, BLOCK_K=16, BLOCK_M=512, BLOCK_N=16, DILATION_H=1, DILATION_W=1, GROUPS=4, KERNEL_H=3, KERNEL_W=3, PADDING_H=1, PADDING_W=1, STRIDE_H=2, STRIDE_W=2, num_stages=1, num_warps=8
  triton_convolution2d_bwd_weight_619 0.0749 ms 50.7% ALLOW_TF32=False, BLOCK_K=16, BLOCK_M=128, BLOCK_N=128, DILATION_H=1, DILATION_W=1, GROUPS=4, KERNEL_H=3, KERNEL_W=3, PADDING_H=1, PADDING_W=1, STRIDE_H=2, STRIDE_W=2, num_stages=2, num_warps=8
  triton_convolution2d_bwd_weight_616 0.0774 ms 49.1% ALLOW_TF32=False, BLOCK_K=16, BLOCK_M=64, BLOCK_N=128, DILATION_H=1, DILATION_W=1, GROUPS=4, KERNEL_H=3, KERNEL_W=3, PADDING_H=1, PADDING_W=1, STRIDE_H=2, STRIDE_W=2, num_stages=2, num_warps=4
  triton_convolution2d_bwd_weight_623 0.0774 ms 49.1% ALLOW_TF32=False, BLOCK_K=16, BLOCK_M=128, BLOCK_N=128, DILATION_H=1, DILATION_W=1, GROUPS=4, KERNEL_H=3, KERNEL_W=3, PADDING_H=1, PADDING_W=1, STRIDE_H=2, STRIDE_W=2, num_stages=3, num_warps=8
  triton_convolution2d_bwd_weight_622 0.0900 ms 42.2% ALLOW_TF32=False, BLOCK_K=16, BLOCK_M=256, BLOCK_N=64, DILATION_H=1, DILATION_W=1, GROUPS=4, KERNEL_H=3, KERNEL_W=3, PADDING_H=1, PADDING_W=1, STRIDE_H=2, STRIDE_W=2, num_stages=2, num_warps=8
  triton_convolution2d_bwd_weight_626 0.1069 ms 35.5% ALLOW_TF32=False, BLOCK_K=16, BLOCK_M=256, BLOCK_N=128, DILATION_H=1, DILATION_W=1, GROUPS=4, KERNEL_H=3, KERNEL_W=3, PADDING_H=1, PADDING_W=1, STRIDE_H=2, STRIDE_W=2, num_stages=2, num_warps=8
SingleProcess AUTOTUNE benchmarking takes 0.3409 seconds and 15.8745 seconds precompiling for 11 choices
Autotune Choices Stats:
{"num_choices": 11, "num_triton_choices": 11, "best_kernel": "triton_convolution2d_bwd_input_631", "best_kernel_desc": "ALLOW_TF32=False, BLOCK_K=16, BLOCK_M=64, BLOCK_N=64, DILATION_H=1, DILATION_W=1, GROUPS=4, KERNEL_H=3, KERNEL_W=3, PADDING_H=1, PADDING_W=1, STRIDE_H=2, STRIDE_W=2, num_stages=2, num_warps=4", "best_time": 0.04825599864125252, "best_triton_pos": 0}
AUTOTUNE convolution_bwd_input(2x128x8x8, 128x1x3x3)
strides: [s32**2*s38, s32**2, s32, 1], [s18**2, s18**2, s18, 1]
dtypes: torch.float32, torch.float32
  triton_convolution2d_bwd_input_631 0.0483 ms 100.0% ALLOW_TF32=False, BLOCK_K=16, BLOCK_M=64, BLOCK_N=64, DILATION_H=1, DILATION_W=1, GROUPS=4, KERNEL_H=3, KERNEL_W=3, PADDING_H=1, PADDING_W=1, STRIDE_H=2, STRIDE_W=2, num_stages=2, num_warps=4
  triton_convolution2d_bwd_input_627 0.0558 ms 86.5% ALLOW_TF32=False, BLOCK_K=16, BLOCK_M=64, BLOCK_N=128, DILATION_H=1, DILATION_W=1, GROUPS=4, KERNEL_H=3, KERNEL_W=3, PADDING_H=1, PADDING_W=1, STRIDE_H=2, STRIDE_W=2, num_stages=2, num_warps=4
  triton_convolution2d_bwd_input_635 0.0588 ms 82.0% ALLOW_TF32=False, BLOCK_K=16, BLOCK_M=64, BLOCK_N=128, DILATION_H=1, DILATION_W=1, GROUPS=4, KERNEL_H=3, KERNEL_W=3, PADDING_H=1, PADDING_W=1, STRIDE_H=2, STRIDE_W=2, num_stages=4, num_warps=4
  triton_convolution2d_bwd_input_632 0.0625 ms 77.2% ALLOW_TF32=False, BLOCK_K=16, BLOCK_M=64, BLOCK_N=128, DILATION_H=1, DILATION_W=1, GROUPS=4, KERNEL_H=3, KERNEL_W=3, PADDING_H=1, PADDING_W=1, STRIDE_H=2, STRIDE_W=2, num_stages=2, num_warps=8
  triton_convolution2d_bwd_input_636 0.0722 ms 66.8% ALLOW_TF32=False, BLOCK_K=16, BLOCK_M=128, BLOCK_N=64, DILATION_H=1, DILATION_W=1, GROUPS=4, KERNEL_H=3, KERNEL_W=3, PADDING_H=1, PADDING_W=1, STRIDE_H=2, STRIDE_W=2, num_stages=4, num_warps=4
  triton_convolution2d_bwd_input_629 0.1055 ms 45.8% ALLOW_TF32=False, BLOCK_K=16, BLOCK_M=512, BLOCK_N=16, DILATION_H=1, DILATION_W=1, GROUPS=4, KERNEL_H=3, KERNEL_W=3, PADDING_H=1, PADDING_W=1, STRIDE_H=2, STRIDE_W=2, num_stages=1, num_warps=8
  triton_convolution2d_bwd_input_630 0.1142 ms 42.3% ALLOW_TF32=False, BLOCK_K=16, BLOCK_M=128, BLOCK_N=128, DILATION_H=1, DILATION_W=1, GROUPS=4, KERNEL_H=3, KERNEL_W=3, PADDING_H=1, PADDING_W=1, STRIDE_H=2, STRIDE_W=2, num_stages=2, num_warps=8
  triton_convolution2d_bwd_input_634 0.1182 ms 40.8% ALLOW_TF32=False, BLOCK_K=16, BLOCK_M=128, BLOCK_N=128, DILATION_H=1, DILATION_W=1, GROUPS=4, KERNEL_H=3, KERNEL_W=3, PADDING_H=1, PADDING_W=1, STRIDE_H=2, STRIDE_W=2, num_stages=3, num_warps=8
  triton_convolution2d_bwd_input_633 0.1229 ms 39.3% ALLOW_TF32=False, BLOCK_K=16, BLOCK_M=256, BLOCK_N=64, DILATION_H=1, DILATION_W=1, GROUPS=4, KERNEL_H=3, KERNEL_W=3, PADDING_H=1, PADDING_W=1, STRIDE_H=2, STRIDE_W=2, num_stages=2, num_warps=8
  triton_convolution2d_bwd_input_628 0.1361 ms 35.5% ALLOW_TF32=False, BLOCK_K=16, BLOCK_M=256, BLOCK_N=64, DILATION_H=1, DILATION_W=1, GROUPS=4, KERNEL_H=3, KERNEL_W=3, PADDING_H=1, PADDING_W=1, STRIDE_H=2, STRIDE_W=2, num_stages=2, num_warps=4
SingleProcess AUTOTUNE benchmarking takes 0.3936 seconds and 0.0006 seconds precompiling for 11 choices
.Autotune Choices Stats:
{"num_choices": 11, "num_triton_choices": 11, "best_kernel": "triton_convolution2d_bwd_weight_642", "best_kernel_desc": "ALLOW_TF32=False, BLOCK_K=16, BLOCK_M=64, BLOCK_N=64, DILATION_H=1, DILATION_W=1, GROUPS=4, KERNEL_H=3, KERNEL_W=3, PADDING_H=1, PADDING_W=1, STRIDE_H=2, STRIDE_W=2, num_stages=2, num_warps=4", "best_time": 0.03452799841761589, "best_triton_pos": 0}
AUTOTUNE convolution_bwd_weight(2x4x16x16, 2x128x8x8)
strides: [s13**2*s37, s13, s13*s37, 1], [s32**2*s38, s32, s32*s38, 1]
dtypes: torch.float32, torch.float32
  triton_convolution2d_bwd_weight_642 0.0345 ms 100.0% ALLOW_TF32=False, BLOCK_K=16, BLOCK_M=64, BLOCK_N=64, DILATION_H=1, DILATION_W=1, GROUPS=4, KERNEL_H=3, KERNEL_W=3, PADDING_H=1, PADDING_W=1, STRIDE_H=2, STRIDE_W=2, num_stages=2, num_warps=4
  triton_convolution2d_bwd_weight_643 0.0484 ms 71.4% ALLOW_TF32=False, BLOCK_K=16, BLOCK_M=64, BLOCK_N=128, DILATION_H=1, DILATION_W=1, GROUPS=4, KERNEL_H=3, KERNEL_W=3, PADDING_H=1, PADDING_W=1, STRIDE_H=2, STRIDE_W=2, num_stages=2, num_warps=8
  triton_convolution2d_bwd_weight_645 0.0605 ms 57.0% ALLOW_TF32=False, BLOCK_K=16, BLOCK_M=128, BLOCK_N=128, DILATION_H=1, DILATION_W=1, GROUPS=4, KERNEL_H=3, KERNEL_W=3, PADDING_H=1, PADDING_W=1, STRIDE_H=2, STRIDE_W=2, num_stages=3, num_warps=8
  triton_convolution2d_bwd_weight_641 0.0618 ms 55.9% ALLOW_TF32=False, BLOCK_K=16, BLOCK_M=128, BLOCK_N=128, DILATION_H=1, DILATION_W=1, GROUPS=4, KERNEL_H=3, KERNEL_W=3, PADDING_H=1, PADDING_W=1, STRIDE_H=2, STRIDE_W=2, num_stages=2, num_warps=8
  triton_convolution2d_bwd_weight_640 0.0668 ms 51.7% ALLOW_TF32=False, BLOCK_K=16, BLOCK_M=512, BLOCK_N=16, DILATION_H=1, DILATION_W=1, GROUPS=4, KERNEL_H=3, KERNEL_W=3, PADDING_H=1, PADDING_W=1, STRIDE_H=2, STRIDE_W=2, num_stages=1, num_warps=8
  triton_convolution2d_bwd_weight_638 0.0674 ms 51.2% ALLOW_TF32=False, BLOCK_K=16, BLOCK_M=64, BLOCK_N=128, DILATION_H=1, DILATION_W=1, GROUPS=4, KERNEL_H=3, KERNEL_W=3, PADDING_H=1, PADDING_W=1, STRIDE_H=2, STRIDE_W=2, num_stages=2, num_warps=4
  triton_convolution2d_bwd_weight_646 0.0722 ms 47.8% ALLOW_TF32=False, BLOCK_K=16, BLOCK_M=64, BLOCK_N=128, DILATION_H=1, DILATION_W=1, GROUPS=4, KERNEL_H=3, KERNEL_W=3, PADDING_H=1, PADDING_W=1, STRIDE_H=2, STRIDE_W=2, num_stages=4, num_warps=4
  triton_convolution2d_bwd_weight_647 0.0756 ms 45.7% ALLOW_TF32=False, BLOCK_K=16, BLOCK_M=128, BLOCK_N=64, DILATION_H=1, DILATION_W=1, GROUPS=4, KERNEL_H=3, KERNEL_W=3, PADDING_H=1, PADDING_W=1, STRIDE_H=2, STRIDE_W=2, num_stages=4, num_warps=4
  triton_convolution2d_bwd_weight_644 0.0856 ms 40.3% ALLOW_TF32=False, BLOCK_K=16, BLOCK_M=256, BLOCK_N=64, DILATION_H=1, DILATION_W=1, GROUPS=4, KERNEL_H=3, KERNEL_W=3, PADDING_H=1, PADDING_W=1, STRIDE_H=2, STRIDE_W=2, num_stages=2, num_warps=8
  triton_convolution2d_bwd_weight_648 0.1018 ms 33.9% ALLOW_TF32=False, BLOCK_K=16, BLOCK_M=256, BLOCK_N=128, DILATION_H=1, DILATION_W=1, GROUPS=4, KERNEL_H=3, KERNEL_W=3, PADDING_H=1, PADDING_W=1, STRIDE_H=2, STRIDE_W=2, num_stages=2, num_warps=8
SingleProcess AUTOTUNE benchmarking takes 0.3587 seconds and 15.6123 seconds precompiling for 11 choices
Autotune Choices Stats:
{"num_choices": 11, "num_triton_choices": 11, "best_kernel": "triton_convolution2d_bwd_input_653", "best_kernel_desc": "ALLOW_TF32=False, BLOCK_K=16, BLOCK_M=64, BLOCK_N=64, DILATION_H=1, DILATION_W=1, GROUPS=4, KERNEL_H=3, KERNEL_W=3, PADDING_H=1, PADDING_W=1, STRIDE_H=2, STRIDE_W=2, num_stages=2, num_warps=4", "best_time": 0.051872000098228455, "best_triton_pos": 0}
AUTOTUNE convolution_bwd_input(2x128x8x8, 128x1x3x3)
strides: [s32**2*s38, 1, s32*s38, s38], [s18**2, 1, s18, 1]
dtypes: torch.float32, torch.float32
  triton_convolution2d_bwd_input_653 0.0519 ms 100.0% ALLOW_TF32=False, BLOCK_K=16, BLOCK_M=64, BLOCK_N=64, DILATION_H=1, DILATION_W=1, GROUPS=4, KERNEL_H=3, KERNEL_W=3, PADDING_H=1, PADDING_W=1, STRIDE_H=2, STRIDE_W=2, num_stages=2, num_warps=4
  triton_convolution2d_bwd_input_657 0.0527 ms 98.4% ALLOW_TF32=False, BLOCK_K=16, BLOCK_M=64, BLOCK_N=128, DILATION_H=1, DILATION_W=1, GROUPS=4, KERNEL_H=3, KERNEL_W=3, PADDING_H=1, PADDING_W=1, STRIDE_H=2, STRIDE_W=2, num_stages=4, num_warps=4
  triton_convolution2d_bwd_input_649 0.0547 ms 94.9% ALLOW_TF32=False, BLOCK_K=16, BLOCK_M=64, BLOCK_N=128, DILATION_H=1, DILATION_W=1, GROUPS=4, KERNEL_H=3, KERNEL_W=3, PADDING_H=1, PADDING_W=1, STRIDE_H=2, STRIDE_W=2, num_stages=2, num_warps=4
  triton_convolution2d_bwd_input_654 0.0614 ms 84.4% ALLOW_TF32=False, BLOCK_K=16, BLOCK_M=64, BLOCK_N=128, DILATION_H=1, DILATION_W=1, GROUPS=4, KERNEL_H=3, KERNEL_W=3, PADDING_H=1, PADDING_W=1, STRIDE_H=2, STRIDE_W=2, num_stages=2, num_warps=8
  triton_convolution2d_bwd_input_658 0.0718 ms 72.2% ALLOW_TF32=False, BLOCK_K=16, BLOCK_M=128, BLOCK_N=64, DILATION_H=1, DILATION_W=1, GROUPS=4, KERNEL_H=3, KERNEL_W=3, PADDING_H=1, PADDING_W=1, STRIDE_H=2, STRIDE_W=2, num_stages=4, num_warps=4
  triton_convolution2d_bwd_input_652 0.1052 ms 49.3% ALLOW_TF32=False, BLOCK_K=16, BLOCK_M=128, BLOCK_N=128, DILATION_H=1, DILATION_W=1, GROUPS=4, KERNEL_H=3, KERNEL_W=3, PADDING_H=1, PADDING_W=1, STRIDE_H=2, STRIDE_W=2, num_stages=2, num_warps=8
  triton_convolution2d_bwd_input_656 0.1071 ms 48.4% ALLOW_TF32=False, BLOCK_K=16, BLOCK_M=128, BLOCK_N=128, DILATION_H=1, DILATION_W=1, GROUPS=4, KERNEL_H=3, KERNEL_W=3, PADDING_H=1, PADDING_W=1, STRIDE_H=2, STRIDE_W=2, num_stages=3, num_warps=8
  triton_convolution2d_bwd_input_651 0.1098 ms 47.3% ALLOW_TF32=False, BLOCK_K=16, BLOCK_M=512, BLOCK_N=16, DILATION_H=1, DILATION_W=1, GROUPS=4, KERNEL_H=3, KERNEL_W=3, PADDING_H=1, PADDING_W=1, STRIDE_H=2, STRIDE_W=2, num_stages=1, num_warps=8
  triton_convolution2d_bwd_input_655 0.1099 ms 47.2% ALLOW_TF32=False, BLOCK_K=16, BLOCK_M=256, BLOCK_N=64, DILATION_H=1, DILATION_W=1, GROUPS=4, KERNEL_H=3, KERNEL_W=3, PADDING_H=1, PADDING_W=1, STRIDE_H=2, STRIDE_W=2, num_stages=2, num_warps=8
  triton_convolution2d_bwd_input_650 0.1381 ms 37.6% ALLOW_TF32=False, BLOCK_K=16, BLOCK_M=256, BLOCK_N=64, DILATION_H=1, DILATION_W=1, GROUPS=4, KERNEL_H=3, KERNEL_W=3, PADDING_H=1, PADDING_W=1, STRIDE_H=2, STRIDE_W=2, num_stages=2, num_warps=4
SingleProcess AUTOTUNE benchmarking takes 0.3926 seconds and 0.0006 seconds precompiling for 11 choices
.ssssAutotune Choices Stats:
{"num_choices": 11, "num_triton_choices": 11, "best_kernel": "triton_convolution2d_bwd_weight_664", "best_kernel_desc": "ALLOW_TF32=False, BLOCK_K=16, BLOCK_M=64, BLOCK_N=64, DILATION_H=1, DILATION_W=1, GROUPS=128, KERNEL_H=3, KERNEL_W=3, PADDING_H=1, PADDING_W=1, STRIDE_H=2, STRIDE_W=2, num_stages=2, num_warps=4", "best_time": 0.0453759990632534, "best_triton_pos": 0}
AUTOTUNE convolution_bwd_weight(2x128x16x16, 2x128x8x8)
strides: [s13**2*s37, s13**2, s13, 1], [s32**2*s37, s32**2, s32, 1]
dtypes: torch.float32, torch.float32
  triton_convolution2d_bwd_weight_664 0.0454 ms 100.0% ALLOW_TF32=False, BLOCK_K=16, BLOCK_M=64, BLOCK_N=64, DILATION_H=1, DILATION_W=1, GROUPS=128, KERNEL_H=3, KERNEL_W=3, PADDING_H=1, PADDING_W=1, STRIDE_H=2, STRIDE_W=2, num_stages=2, num_warps=4
  triton_convolution2d_bwd_weight_665 0.0639 ms 71.0% ALLOW_TF32=False, BLOCK_K=16, BLOCK_M=64, BLOCK_N=128, DILATION_H=1, DILATION_W=1, GROUPS=128, KERNEL_H=3, KERNEL_W=3, PADDING_H=1, PADDING_W=1, STRIDE_H=2, STRIDE_W=2, num_stages=2, num_warps=8
  triton_convolution2d_bwd_weight_668 0.0770 ms 58.9% ALLOW_TF32=False, BLOCK_K=16, BLOCK_M=64, BLOCK_N=128, DILATION_H=1, DILATION_W=1, GROUPS=128, KERNEL_H=3, KERNEL_W=3, PADDING_H=1, PADDING_W=1, STRIDE_H=2, STRIDE_W=2, num_stages=4, num_warps=4
  triton_convolution2d_bwd_weight_669 0.0806 ms 56.3% ALLOW_TF32=False, BLOCK_K=16, BLOCK_M=128, BLOCK_N=64, DILATION_H=1, DILATION_W=1, GROUPS=128, KERNEL_H=3, KERNEL_W=3, PADDING_H=1, PADDING_W=1, STRIDE_H=2, STRIDE_W=2, num_stages=4, num_warps=4
  triton_convolution2d_bwd_weight_660 0.0855 ms 53.1% ALLOW_TF32=False, BLOCK_K=16, BLOCK_M=64, BLOCK_N=128, DILATION_H=1, DILATION_W=1, GROUPS=128, KERNEL_H=3, KERNEL_W=3, PADDING_H=1, PADDING_W=1, STRIDE_H=2, STRIDE_W=2, num_stages=2, num_warps=4
  triton_convolution2d_bwd_weight_667 0.0914 ms 49.6% ALLOW_TF32=False, BLOCK_K=16, BLOCK_M=128, BLOCK_N=128, DILATION_H=1, DILATION_W=1, GROUPS=128, KERNEL_H=3, KERNEL_W=3, PADDING_H=1, PADDING_W=1, STRIDE_H=2, STRIDE_W=2, num_stages=3, num_warps=8
  triton_convolution2d_bwd_weight_663 0.1131 ms 40.1% ALLOW_TF32=False, BLOCK_K=16, BLOCK_M=128, BLOCK_N=128, DILATION_H=1, DILATION_W=1, GROUPS=128, KERNEL_H=3, KERNEL_W=3, PADDING_H=1, PADDING_W=1, STRIDE_H=2, STRIDE_W=2, num_stages=2, num_warps=8
  triton_convolution2d_bwd_weight_666 0.1159 ms 39.1% ALLOW_TF32=False, BLOCK_K=16, BLOCK_M=256, BLOCK_N=64, DILATION_H=1, DILATION_W=1, GROUPS=128, KERNEL_H=3, KERNEL_W=3, PADDING_H=1, PADDING_W=1, STRIDE_H=2, STRIDE_W=2, num_stages=2, num_warps=8
  triton_convolution2d_bwd_weight_662 0.1495 ms 30.4% ALLOW_TF32=False, BLOCK_K=16, BLOCK_M=512, BLOCK_N=16, DILATION_H=1, DILATION_W=1, GROUPS=128, KERNEL_H=3, KERNEL_W=3, PADDING_H=1, PADDING_W=1, STRIDE_H=2, STRIDE_W=2, num_stages=1, num_warps=8
  triton_convolution2d_bwd_weight_661 0.1542 ms 29.4% ALLOW_TF32=False, BLOCK_K=16, BLOCK_M=256, BLOCK_N=64, DILATION_H=1, DILATION_W=1, GROUPS=128, KERNEL_H=3, KERNEL_W=3, PADDING_H=1, PADDING_W=1, STRIDE_H=2, STRIDE_W=2, num_stages=2, num_warps=4
SingleProcess AUTOTUNE benchmarking takes 0.4207 seconds and 15.6537 seconds precompiling for 11 choices
Autotune Choices Stats:
{"num_choices": 11, "num_triton_choices": 11, "best_kernel": "triton_convolution2d_bwd_input_680", "best_kernel_desc": "ALLOW_TF32=False, BLOCK_K=16, BLOCK_M=128, BLOCK_N=64, DILATION_H=1, DILATION_W=1, GROUPS=128, KERNEL_H=3, KERNEL_W=3, PADDING_H=1, PADDING_W=1, STRIDE_H=2, STRIDE_W=2, num_stages=4, num_warps=4", "best_time": 0.016767999157309532, "best_triton_pos": 0}
AUTOTUNE convolution_bwd_input(2x128x8x8, 128x1x3x3)
strides: [s32**2*s37, s32**2, s32, 1], [s18**2, s18**2, s18, 1]
dtypes: torch.float32, torch.float32
  triton_convolution2d_bwd_input_680 0.0168 ms 100.0% ALLOW_TF32=False, BLOCK_K=16, BLOCK_M=128, BLOCK_N=64, DILATION_H=1, DILATION_W=1, GROUPS=128, KERNEL_H=3, KERNEL_W=3, PADDING_H=1, PADDING_W=1, STRIDE_H=2, STRIDE_W=2, num_stages=4, num_warps=4
  triton_convolution2d_bwd_input_673 0.0172 ms 97.8% ALLOW_TF32=False, BLOCK_K=16, BLOCK_M=512, BLOCK_N=16, DILATION_H=1, DILATION_W=1, GROUPS=128, KERNEL_H=3, KERNEL_W=3, PADDING_H=1, PADDING_W=1, STRIDE_H=2, STRIDE_W=2, num_stages=1, num_warps=8
  triton_convolution2d_bwd_input_675 0.0174 ms 96.5% ALLOW_TF32=False, BLOCK_K=16, BLOCK_M=64, BLOCK_N=64, DILATION_H=1, DILATION_W=1, GROUPS=128, KERNEL_H=3, KERNEL_W=3, PADDING_H=1, PADDING_W=1, STRIDE_H=2, STRIDE_W=2, num_stages=2, num_warps=4
  triton_convolution2d_bwd_input_672 0.0201 ms 83.3% ALLOW_TF32=False, BLOCK_K=16, BLOCK_M=256, BLOCK_N=64, DILATION_H=1, DILATION_W=1, GROUPS=128, KERNEL_H=3, KERNEL_W=3, PADDING_H=1, PADDING_W=1, STRIDE_H=2, STRIDE_W=2, num_stages=2, num_warps=4
  triton_convolution2d_bwd_input_671 0.0244 ms 68.6% ALLOW_TF32=False, BLOCK_K=16, BLOCK_M=64, BLOCK_N=128, DILATION_H=1, DILATION_W=1, GROUPS=128, KERNEL_H=3, KERNEL_W=3, PADDING_H=1, PADDING_W=1, STRIDE_H=2, STRIDE_W=2, num_stages=2, num_warps=4
  triton_convolution2d_bwd_input_679 0.0245 ms 68.4% ALLOW_TF32=False, BLOCK_K=16, BLOCK_M=64, BLOCK_N=128, DILATION_H=1, DILATION_W=1, GROUPS=128, KERNEL_H=3, KERNEL_W=3, PADDING_H=1, PADDING_W=1, STRIDE_H=2, STRIDE_W=2, num_stages=4, num_warps=4
  triton_convolution2d_bwd_input_678 0.0281 ms 59.6% ALLOW_TF32=False, BLOCK_K=16, BLOCK_M=128, BLOCK_N=128, DILATION_H=1, DILATION_W=1, GROUPS=128, KERNEL_H=3, KERNEL_W=3, PADDING_H=1, PADDING_W=1, STRIDE_H=2, STRIDE_W=2, num_stages=3, num_warps=8
  triton_convolution2d_bwd_input_674 0.0294 ms 57.0% ALLOW_TF32=False, BLOCK_K=16, BLOCK_M=128, BLOCK_N=128, DILATION_H=1, DILATION_W=1, GROUPS=128, KERNEL_H=3, KERNEL_W=3, PADDING_H=1, PADDING_W=1, STRIDE_H=2, STRIDE_W=2, num_stages=2, num_warps=8
  triton_convolution2d_bwd_input_681 0.0339 ms 49.5% ALLOW_TF32=False, BLOCK_K=16, BLOCK_M=256, BLOCK_N=128, DILATION_H=1, DILATION_W=1, GROUPS=128, KERNEL_H=3, KERNEL_W=3, PADDING_H=1, PADDING_W=1, STRIDE_H=2, STRIDE_W=2, num_stages=2, num_warps=8
  triton_convolution2d_bwd_input_677 0.0473 ms 35.5% ALLOW_TF32=False, BLOCK_K=16, BLOCK_M=256, BLOCK_N=64, DILATION_H=1, DILATION_W=1, GROUPS=128, KERNEL_H=3, KERNEL_W=3, PADDING_H=1, PADDING_W=1, STRIDE_H=2, STRIDE_W=2, num_stages=2, num_warps=8
SingleProcess AUTOTUNE benchmarking takes 0.3410 seconds and 0.0007 seconds precompiling for 11 choices
.Autotune Choices Stats:
{"num_choices": 11, "num_triton_choices": 11, "best_kernel": "triton_convolution2d_bwd_weight_686", "best_kernel_desc": "ALLOW_TF32=False, BLOCK_K=16, BLOCK_M=64, BLOCK_N=64, DILATION_H=1, DILATION_W=1, GROUPS=128, KERNEL_H=3, KERNEL_W=3, PADDING_H=1, PADDING_W=1, STRIDE_H=2, STRIDE_W=2, num_stages=2, num_warps=4", "best_time": 0.04604800045490265, "best_triton_pos": 0}
AUTOTUNE convolution_bwd_weight(2x128x16x16, 2x128x8x8)
strides: [s13**2*s37, s13, s13*s37, 1], [s32**2*s37, s32, s32*s37, 1]
dtypes: torch.float32, torch.float32
  triton_convolution2d_bwd_weight_686 0.0460 ms 100.0% ALLOW_TF32=False, BLOCK_K=16, BLOCK_M=64, BLOCK_N=64, DILATION_H=1, DILATION_W=1, GROUPS=128, KERNEL_H=3, KERNEL_W=3, PADDING_H=1, PADDING_W=1, STRIDE_H=2, STRIDE_W=2, num_stages=2, num_warps=4
  triton_convolution2d_bwd_weight_687 0.0799 ms 57.6% ALLOW_TF32=False, BLOCK_K=16, BLOCK_M=64, BLOCK_N=128, DILATION_H=1, DILATION_W=1, GROUPS=128, KERNEL_H=3, KERNEL_W=3, PADDING_H=1, PADDING_W=1, STRIDE_H=2, STRIDE_W=2, num_stages=2, num_warps=8
  triton_convolution2d_bwd_weight_691 0.0806 ms 57.1% ALLOW_TF32=False, BLOCK_K=16, BLOCK_M=128, BLOCK_N=64, DILATION_H=1, DILATION_W=1, GROUPS=128, KERNEL_H=3, KERNEL_W=3, PADDING_H=1, PADDING_W=1, STRIDE_H=2, STRIDE_W=2, num_stages=4, num_warps=4
  triton_convolution2d_bwd_weight_682 0.0864 ms 53.3% ALLOW_TF32=False, BLOCK_K=16, BLOCK_M=64, BLOCK_N=128, DILATION_H=1, DILATION_W=1, GROUPS=128, KERNEL_H=3, KERNEL_W=3, PADDING_H=1, PADDING_W=1, STRIDE_H=2, STRIDE_W=2, num_stages=2, num_warps=4
  triton_convolution2d_bwd_weight_690 0.0944 ms 48.8% ALLOW_TF32=False, BLOCK_K=16, BLOCK_M=64, BLOCK_N=128, DILATION_H=1, DILATION_W=1, GROUPS=128, KERNEL_H=3, KERNEL_W=3, PADDING_H=1, PADDING_W=1, STRIDE_H=2, STRIDE_W=2, num_stages=4, num_warps=4
  triton_convolution2d_bwd_weight_689 0.1135 ms 40.6% ALLOW_TF32=False, BLOCK_K=16, BLOCK_M=128, BLOCK_N=128, DILATION_H=1, DILATION_W=1, GROUPS=128, KERNEL_H=3, KERNEL_W=3, PADDING_H=1, PADDING_W=1, STRIDE_H=2, STRIDE_W=2, num_stages=3, num_warps=8
  triton_convolution2d_bwd_weight_685 0.1153 ms 39.9% ALLOW_TF32=False, BLOCK_K=16, BLOCK_M=128, BLOCK_N=128, DILATION_H=1, DILATION_W=1, GROUPS=128, KERNEL_H=3, KERNEL_W=3, PADDING_H=1, PADDING_W=1, STRIDE_H=2, STRIDE_W=2, num_stages=2, num_warps=8
  triton_convolution2d_bwd_weight_688 0.1432 ms 32.1% ALLOW_TF32=False, BLOCK_K=16, BLOCK_M=256, BLOCK_N=64, DILATION_H=1, DILATION_W=1, GROUPS=128, KERNEL_H=3, KERNEL_W=3, PADDING_H=1, PADDING_W=1, STRIDE_H=2, STRIDE_W=2, num_stages=2, num_warps=8
  triton_convolution2d_bwd_weight_684 0.1512 ms 30.5% ALLOW_TF32=False, BLOCK_K=16, BLOCK_M=512, BLOCK_N=16, DILATION_H=1, DILATION_W=1, GROUPS=128, KERNEL_H=3, KERNEL_W=3, PADDING_H=1, PADDING_W=1, STRIDE_H=2, STRIDE_W=2, num_stages=1, num_warps=8
  triton_convolution2d_bwd_weight_683 0.1551 ms 29.7% ALLOW_TF32=False, BLOCK_K=16, BLOCK_M=256, BLOCK_N=64, DILATION_H=1, DILATION_W=1, GROUPS=128, KERNEL_H=3, KERNEL_W=3, PADDING_H=1, PADDING_W=1, STRIDE_H=2, STRIDE_W=2, num_stages=2, num_warps=4
SingleProcess AUTOTUNE benchmarking takes 0.4212 seconds and 15.8325 seconds precompiling for 11 choices
Autotune Choices Stats:
{"num_choices": 11, "num_triton_choices": 11, "best_kernel": "triton_convolution2d_bwd_input_694", "best_kernel_desc": "ALLOW_TF32=False, BLOCK_K=16, BLOCK_M=256, BLOCK_N=64, DILATION_H=1, DILATION_W=1, GROUPS=128, KERNEL_H=3, KERNEL_W=3, PADDING_H=1, PADDING_W=1, STRIDE_H=2, STRIDE_W=2, num_stages=2, num_warps=4", "best_time": 0.023296000435948372, "best_triton_pos": 0}
AUTOTUNE convolution_bwd_input(2x128x8x8, 128x1x3x3)
strides: [s32**2*s37, 1, s32*s37, s37], [s18**2, 1, s18, 1]
dtypes: torch.float32, torch.float32
  triton_convolution2d_bwd_input_694 0.0233 ms 100.0% ALLOW_TF32=False, BLOCK_K=16, BLOCK_M=256, BLOCK_N=64, DILATION_H=1, DILATION_W=1, GROUPS=128, KERNEL_H=3, KERNEL_W=3, PADDING_H=1, PADDING_W=1, STRIDE_H=2, STRIDE_W=2, num_stages=2, num_warps=4
  triton_convolution2d_bwd_input_699 0.0252 ms 92.6% ALLOW_TF32=False, BLOCK_K=16, BLOCK_M=256, BLOCK_N=64, DILATION_H=1, DILATION_W=1, GROUPS=128, KERNEL_H=3, KERNEL_W=3, PADDING_H=1, PADDING_W=1, STRIDE_H=2, STRIDE_W=2, num_stages=2, num_warps=8
  triton_convolution2d_bwd_input_701 0.0265 ms 87.9% ALLOW_TF32=False, BLOCK_K=16, BLOCK_M=64, BLOCK_N=128, DILATION_H=1, DILATION_W=1, GROUPS=128, KERNEL_H=3, KERNEL_W=3, PADDING_H=1, PADDING_W=1, STRIDE_H=2, STRIDE_W=2, num_stages=4, num_warps=4
  triton_convolution2d_bwd_input_693 0.0266 ms 87.5% ALLOW_TF32=False, BLOCK_K=16, BLOCK_M=64, BLOCK_N=128, DILATION_H=1, DILATION_W=1, GROUPS=128, KERNEL_H=3, KERNEL_W=3, PADDING_H=1, PADDING_W=1, STRIDE_H=2, STRIDE_W=2, num_stages=2, num_warps=4
  triton_convolution2d_bwd_input_698 0.0328 ms 71.0% ALLOW_TF32=False, BLOCK_K=16, BLOCK_M=64, BLOCK_N=128, DILATION_H=1, DILATION_W=1, GROUPS=128, KERNEL_H=3, KERNEL_W=3, PADDING_H=1, PADDING_W=1, STRIDE_H=2, STRIDE_W=2, num_stages=2, num_warps=8
  triton_convolution2d_bwd_input_700 0.0372 ms 62.6% ALLOW_TF32=False, BLOCK_K=16, BLOCK_M=128, BLOCK_N=128, DILATION_H=1, DILATION_W=1, GROUPS=128, KERNEL_H=3, KERNEL_W=3, PADDING_H=1, PADDING_W=1, STRIDE_H=2, STRIDE_W=2, num_stages=3, num_warps=8
  triton_convolution2d_bwd_input_696 0.0376 ms 61.9% ALLOW_TF32=False, BLOCK_K=16, BLOCK_M=128, BLOCK_N=128, DILATION_H=1, DILATION_W=1, GROUPS=128, KERNEL_H=3, KERNEL_W=3, PADDING_H=1, PADDING_W=1, STRIDE_H=2, STRIDE_W=2, num_stages=2, num_warps=8
  triton_convolution2d_bwd_input_702 0.0410 ms 56.9% ALLOW_TF32=False, BLOCK_K=16, BLOCK_M=128, BLOCK_N=64, DILATION_H=1, DILATION_W=1, GROUPS=128, KERNEL_H=3, KERNEL_W=3, PADDING_H=1, PADDING_W=1, STRIDE_H=2, STRIDE_W=2, num_stages=4, num_warps=4
  triton_convolution2d_bwd_input_703 0.0415 ms 56.2% ALLOW_TF32=False, BLOCK_K=16, BLOCK_M=256, BLOCK_N=128, DILATION_H=1, DILATION_W=1, GROUPS=128, KERNEL_H=3, KERNEL_W=3, PADDING_H=1, PADDING_W=1, STRIDE_H=2, STRIDE_W=2, num_stages=2, num_warps=8
  triton_convolution2d_bwd_input_695 0.0420 ms 55.4% ALLOW_TF32=False, BLOCK_K=16, BLOCK_M=512, BLOCK_N=16, DILATION_H=1, DILATION_W=1, GROUPS=128, KERNEL_H=3, KERNEL_W=3, PADDING_H=1, PADDING_W=1, STRIDE_H=2, STRIDE_W=2, num_stages=1, num_warps=8
SingleProcess AUTOTUNE benchmarking takes 0.3169 seconds and 0.0006 seconds precompiling for 11 choices
.sssssssssssssssssssssssssssssssssssssssssssssssssssssssssssssssssssssssssssssssssssssssssssssssssss..ss..........s...USDT:2026-08-26 22:42:29 38373:38373 SyncActivityProfilerHandler.cpp:52] profiler_start
USDT:2026-08-26 22:42:29 38373:38373 SyncActivityProfilerHandler.cpp:59] profiler_stop
.USDT:2026-08-26 22:42:48 38373:38373 SyncActivityProfilerHandler.cpp:52] profiler_start
USDT:2026-08-26 22:42:48 38373:38373 SyncActivityProfilerHandler.cpp:59] profiler_stop
...................................s./tmp/envpinned/lib/python3.12/site-packages/torch/_dynamo/pgo.py:605: UserWarning: dynamo_pgo force disabled by torch.compiler.config.force_disable_caches
  warn_once(
/tmp/envpinned/lib/python3.12/site-packages/torch/_dynamo/pgo.py:605: UserWarning: dynamo_pgo force disabled by torch.compiler.config.force_disable_caches
  warn_once(
/tmp/envpinned/lib/python3.12/site-packages/torch/_dynamo/pgo.py:605: UserWarning: dynamo_pgo force disabled by torch.compiler.config.force_disable_caches
  warn_once(
/tmp/envpinned/lib/python3.12/site-packages/torch/_dynamo/pgo.py:605: UserWarning: dynamo_pgo force disabled by torch.compiler.config.force_disable_caches
  warn_once(
/tmp/envpinned/lib/python3.12/site-packages/torch/_dynamo/pgo.py:605: UserWarning: dynamo_pgo force disabled by torch.compiler.config.force_disable_caches
  warn_once(
/tmp/envpinned/lib/python3.12/site-packages/torch/_dynamo/pgo.py:605: UserWarning: dynamo_pgo force disabled by torch.compiler.config.force_disable_caches
  warn_once(
/tmp/envpinned/lib/python3.12/site-packages/torch/_dynamo/pgo.py:605: UserWarning: dynamo_pgo force disabled by torch.compiler.config.force_disable_caches
  warn_once(
/tmp/envpinned/lib/python3.12/site-packages/torch/_dynamo/pgo.py:605: UserWarning: dynamo_pgo force disabled by torch.compiler.config.force_disable_caches
  warn_once(
/tmp/envpinned/lib/python3.12/site-packages/torch/_dynamo/pgo.py:605: UserWarning: dynamo_pgo force disabled by torch.compiler.config.force_disable_caches
  warn_once(
./tmp/envpinned/lib/python3.12/site-packages/torch/_dynamo/pgo.py:605: UserWarning: dynamo_pgo force disabled by torch.compiler.config.force_disable_caches
  warn_once(
./tmp/envpinned/lib/python3.12/site-packages/torch/_dynamo/pgo.py:605: UserWarning: dynamo_pgo force disabled by torch.compiler.config.force_disable_caches
  warn_once(
/tmp/envpinned/lib/python3.12/site-packages/torch/_dynamo/pgo.py:605: UserWarning: dynamo_pgo force disabled by torch.compiler.config.force_disable_caches
  warn_once(
.../tmp/envpinned/lib/python3.12/site-packages/torch/_inductor/lowering.py:2352: FutureWarning: `torch._prims_common.check` is deprecated and will be removed in the future. Please use `torch._check*` functions instead.
  check(
/tmp/envpinned/lib/python3.12/site-packages/torch/_inductor/lowering.py:2352: FutureWarning: `torch._prims_common.check` is deprecated and will be removed in the future. Please use `torch._check*` functions instead.
  check(
/tmp/envpinned/lib/python3.12/site-packages/torch/_inductor/lowering.py:2352: FutureWarning: `torch._prims_common.check` is deprecated and will be removed in the future. Please use `torch._check*` functions instead.
  check(
/tmp/envpinned/lib/python3.12/site-packages/torch/_inductor/lowering.py:2352: FutureWarning: `torch._prims_common.check` is deprecated and will be removed in the future. Please use `torch._check*` functions instead.
  check(
/tmp/envpinned/lib/python3.12/site-packages/torch/_inductor/lowering.py:2352: FutureWarning: `torch._prims_common.check` is deprecated and will be removed in the future. Please use `torch._check*` functions instead.
  check(
/tmp/envpinned/lib/python3.12/site-packages/torch/_inductor/lowering.py:2352: FutureWarning: `torch._prims_common.check` is deprecated and will be removed in the future. Please use `torch._check*` functions instead.
  check(
./tmp/envpinned/lib/python3.12/site-packages/torch/_inductor/lowering.py:2352: FutureWarning: `torch._prims_common.check` is deprecated and will be removed in the future. Please use `torch._check*` functions instead.
  check(
/tmp/envpinned/lib/python3.12/site-packages/torch/_inductor/lowering.py:2352: FutureWarning: `torch._prims_common.check` is deprecated and will be removed in the future. Please use `torch._check*` functions instead.
  check(
/tmp/envpinned/lib/python3.12/site-packages/torch/_inductor/lowering.py:2352: FutureWarning: `torch._prims_common.check` is deprecated and will be removed in the future. Please use `torch._check*` functions instead.
  check(
/tmp/envpinned/lib/python3.12/site-packages/torch/_inductor/lowering.py:2352: FutureWarning: `torch._prims_common.check` is deprecated and will be removed in the future. Please use `torch._check*` functions instead.
  check(
..................s............................................................................................s..s.............../usr2/tanngo/.local/share/uv/python/cpython-3.12.14-linux-x86_64-gnu/lib/python3.12/copyreg.py:99: FutureWarning: `isinstance(treespec, LeafSpec)` is deprecated, use `isinstance(treespec, TreeSpec) and treespec.is_leaf()` instead.
  return cls.__new__(cls, *args)
...................s...s...s..............s....W0826 22:46:13.972000 38373 torch/_functorch/_aot_autograd/graph_compile.py:2384] [0/0] failed to eagerly compile backwards for dynamic, suppressing in case backwards not needed
W0826 22:46:13.972000 38373 torch/_functorch/_aot_autograd/graph_compile.py:2384] [0/0] Traceback (most recent call last):
W0826 22:46:13.972000 38373 torch/_functorch/_aot_autograd/graph_compile.py:2384] [0/0]   File "/tmp/envpinned/lib/python3.12/site-packages/torch/_functorch/_aot_autograd/graph_compile.py", line 2366, in _aot_stage2b_bw_compile
W0826 22:46:13.972000 38373 torch/_functorch/_aot_autograd/graph_compile.py:2384] [0/0]     compiled_bw_func = bw_compiler(bw_module_copy, placeholder_list)
W0826 22:46:13.972000 38373 torch/_functorch/_aot_autograd/graph_compile.py:2384] [0/0]                        ^^^^^^^^^^^^^^^^^^^^^^^^^^^^^^^^^^^^^^^^^^^^^
W0826 22:46:13.972000 38373 torch/_functorch/_aot_autograd/graph_compile.py:2384] [0/0]   File "/tmp/envpinned/lib/python3.12/site-packages/torch/_functorch/_aot_autograd/schemas.py", line 1472, in __call__
W0826 22:46:13.972000 38373 torch/_functorch/_aot_autograd/graph_compile.py:2384] [0/0]     output_code = self.compiler_fn(gm, example_inputs)
W0826 22:46:13.972000 38373 torch/_functorch/_aot_autograd/graph_compile.py:2384] [0/0]                   ^^^^^^^^^^^^^^^^^^^^^^^^^^^^^^^^^^^^
W0826 22:46:13.972000 38373 torch/_functorch/_aot_autograd/graph_compile.py:2384] [0/0]   File "/tmp/envpinned/lib/python3.12/site-packages/torch/_dynamo/backends/common.py", line 83, in _wrapped_bw_compiler
W0826 22:46:13.972000 38373 torch/_functorch/_aot_autograd/graph_compile.py:2384] [0/0]     disable(
W0826 22:46:13.972000 38373 torch/_functorch/_aot_autograd/graph_compile.py:2384] [0/0]   File "/tmp/envpinned/lib/python3.12/site-packages/torch/_dynamo/eval_frame.py", line 1446, in _fn
W0826 22:46:13.972000 38373 torch/_functorch/_aot_autograd/graph_compile.py:2384] [0/0]     return fn(*args, **kwargs)
W0826 22:46:13.972000 38373 torch/_functorch/_aot_autograd/graph_compile.py:2384] [0/0]            ^^^^^^^^^^^^^^^^^^^
W0826 22:46:13.972000 38373 torch/_functorch/_aot_autograd/graph_compile.py:2384] [0/0]   File "/tmp/envpinned/lib/python3.12/site-packages/torch/_utils_internal.py", line 96, in wrapper_function
W0826 22:46:13.972000 38373 torch/_functorch/_aot_autograd/graph_compile.py:2384] [0/0]     return function(*args, **kwargs)
W0826 22:46:13.972000 38373 torch/_functorch/_aot_autograd/graph_compile.py:2384] [0/0]            ^^^^^^^^^^^^^^^^^^^^^^^^^
W0826 22:46:13.972000 38373 torch/_functorch/_aot_autograd/graph_compile.py:2384] [0/0]   File "/tmp/envpinned/lib/python3.12/site-packages/torch/_inductor/compile_fx.py", line 2962, in bw_compiler
W0826 22:46:13.972000 38373 torch/_functorch/_aot_autograd/graph_compile.py:2384] [0/0]     return compile_fx_backward(
W0826 22:46:13.972000 38373 torch/_functorch/_aot_autograd/graph_compile.py:2384] [0/0]            ^^^^^^^^^^^^^^^^^^^^
W0826 22:46:13.972000 38373 torch/_functorch/_aot_autograd/graph_compile.py:2384] [0/0]   File "/tmp/envpinned/lib/python3.12/site-packages/torch/_inductor/compile_fx.py", line 2609, in compile_fx_backward
W0826 22:46:13.972000 38373 torch/_functorch/_aot_autograd/graph_compile.py:2384] [0/0]     return inner_compile(
W0826 22:46:13.972000 38373 torch/_functorch/_aot_autograd/graph_compile.py:2384] [0/0]            ^^^^^^^^^^^^^^
W0826 22:46:13.972000 38373 torch/_functorch/_aot_autograd/graph_compile.py:2384] [0/0]   File "/tmp/envpinned/lib/python3.12/site-packages/torch/_inductor/compile_fx.py", line 837, in compile_fx_inner
W0826 22:46:13.972000 38373 torch/_functorch/_aot_autograd/graph_compile.py:2384] [0/0]     return wrap_compiler_debug(_compile_fx_inner, compiler_name="inductor")(
W0826 22:46:13.972000 38373 torch/_functorch/_aot_autograd/graph_compile.py:2384] [0/0]            ^^^^^^^^^^^^^^^^^^^^^^^^^^^^^^^^^^^^^^^^^^^^^^^^^^^^^^^^^^^^^^^^^
W0826 22:46:13.972000 38373 torch/_functorch/_aot_autograd/graph_compile.py:2384] [0/0]   File "/tmp/envpinned/lib/python3.12/site-packages/torch/_dynamo/repro/after_aot.py", line 317, in debug_wrapper
W0826 22:46:13.972000 38373 torch/_functorch/_aot_autograd/graph_compile.py:2384] [0/0]     inner_compiled_fn = compiler_fn(gm, example_inputs)
W0826 22:46:13.972000 38373 torch/_functorch/_aot_autograd/graph_compile.py:2384] [0/0]                         ^^^^^^^^^^^^^^^^^^^^^^^^^^^^^^^
W0826 22:46:13.972000 38373 torch/_functorch/_aot_autograd/graph_compile.py:2384] [0/0]   File "/tmp/envpinned/lib/python3.12/site-packages/torch/_inductor/compile_fx.py", line 1079, in _compile_fx_inner
W0826 22:46:13.972000 38373 torch/_functorch/_aot_autograd/graph_compile.py:2384] [0/0]     raise InductorError(e, currentframe()).with_traceback(
W0826 22:46:13.972000 38373 torch/_functorch/_aot_autograd/graph_compile.py:2384] [0/0]   File "/tmp/envpinned/lib/python3.12/site-packages/torch/_inductor/compile_fx.py", line 1059, in _compile_fx_inner
W0826 22:46:13.972000 38373 torch/_functorch/_aot_autograd/graph_compile.py:2384] [0/0]     mb_compiled_graph = fx_codegen_and_compile(
W0826 22:46:13.972000 38373 torch/_functorch/_aot_autograd/graph_compile.py:2384] [0/0]                         ^^^^^^^^^^^^^^^^^^^^^^^
W0826 22:46:13.972000 38373 torch/_functorch/_aot_autograd/graph_compile.py:2384] [0/0]   File "/tmp/envpinned/lib/python3.12/site-packages/torch/_inductor/compile_fx.py", line 1847, in fx_codegen_and_compile
W0826 22:46:13.972000 38373 torch/_functorch/_aot_autograd/graph_compile.py:2384] [0/0]     return scheme.codegen_and_compile(gm, example_inputs, inputs_to_check, graph_kwargs)
W0826 22:46:13.972000 38373 torch/_functorch/_aot_autograd/graph_compile.py:2384] [0/0]            ^^^^^^^^^^^^^^^^^^^^^^^^^^^^^^^^^^^^^^^^^^^^^^^^^^^^^^^^^^^^^^^^^^^^^^^^^^^^^
W0826 22:46:13.972000 38373 torch/_functorch/_aot_autograd/graph_compile.py:2384] [0/0]   File "/tmp/envpinned/lib/python3.12/site-packages/torch/_inductor/compile_fx.py", line 1380, in codegen_and_compile
W0826 22:46:13.972000 38373 torch/_functorch/_aot_autograd/graph_compile.py:2384] [0/0]     _recursive_post_grad_passes(gm, is_inference=is_inference)
W0826 22:46:13.972000 38373 torch/_functorch/_aot_autograd/graph_compile.py:2384] [0/0]   File "/tmp/envpinned/lib/python3.12/site-packages/torch/_inductor/compile_fx.py", line 582, in _recursive_post_grad_passes
W0826 22:46:13.972000 38373 torch/_functorch/_aot_autograd/graph_compile.py:2384] [0/0]     post_grad_passes(gm, is_inference)
W0826 22:46:13.972000 38373 torch/_functorch/_aot_autograd/graph_compile.py:2384] [0/0]   File "/tmp/envpinned/lib/python3.12/site-packages/torch/_inductor/fx_passes/post_grad.py", line 423, in post_grad_passes
W0826 22:46:13.972000 38373 torch/_functorch/_aot_autograd/graph_compile.py:2384] [0/0]     GraphTransformObserver(gm, "reinplace_inplaceable_ops").apply_graph_pass(
W0826 22:46:13.972000 38373 torch/_functorch/_aot_autograd/graph_compile.py:2384] [0/0]   File "/tmp/envpinned/lib/python3.12/site-packages/torch/fx/passes/graph_transform_observer.py", line 103, in apply_graph_pass
W0826 22:46:13.972000 38373 torch/_functorch/_aot_autograd/graph_compile.py:2384] [0/0]     return pass_fn(self.gm.graph)
W0826 22:46:13.972000 38373 torch/_functorch/_aot_autograd/graph_compile.py:2384] [0/0]            ^^^^^^^^^^^^^^^^^^^^^^
W0826 22:46:13.972000 38373 torch/_functorch/_aot_autograd/graph_compile.py:2384] [0/0]   File "/tmp/envpinned/lib/python3.12/site-packages/torch/_inductor/fx_passes/reinplace.py", line 1048, in reinplace_inplaceable_ops
W0826 22:46:13.972000 38373 torch/_functorch/_aot_autograd/graph_compile.py:2384] [0/0]     fake_tensor_updater.incremental_update()
W0826 22:46:13.972000 38373 torch/_functorch/_aot_autograd/graph_compile.py:2384] [0/0]   File "/tmp/envpinned/lib/python3.12/site-packages/torch/_inductor/fx_utils.py", line 622, in incremental_update
W0826 22:46:13.972000 38373 torch/_functorch/_aot_autograd/graph_compile.py:2384] [0/0]     if "val" in node.meta and _is_fake_tensor_same(
W0826 22:46:13.972000 38373 torch/_functorch/_aot_autograd/graph_compile.py:2384] [0/0]                               ^^^^^^^^^^^^^^^^^^^^^
W0826 22:46:13.972000 38373 torch/_functorch/_aot_autograd/graph_compile.py:2384] [0/0]   File "/tmp/envpinned/lib/python3.12/site-packages/torch/_inductor/fx_utils.py", line 161, in _is_fake_tensor_same
W0826 22:46:13.972000 38373 torch/_functorch/_aot_autograd/graph_compile.py:2384] [0/0]     ) or get_storage(new) != get_storage(old):
W0826 22:46:13.972000 38373 torch/_functorch/_aot_autograd/graph_compile.py:2384] [0/0]          ^^^^^^^^^^^^^^^^
W0826 22:46:13.972000 38373 torch/_functorch/_aot_autograd/graph_compile.py:2384] [0/0]   File "/tmp/envpinned/lib/python3.12/site-packages/torch/_inductor/fx_utils.py", line 650, in get_storage
W0826 22:46:13.972000 38373 torch/_functorch/_aot_autograd/graph_compile.py:2384] [0/0]     return t.untyped_storage()._cdata
W0826 22:46:13.972000 38373 torch/_functorch/_aot_autograd/graph_compile.py:2384] [0/0]            ^^^^^^^^^^^^^^^^^^^
W0826 22:46:13.972000 38373 torch/_functorch/_aot_autograd/graph_compile.py:2384] [0/0] torch._inductor.exc.InductorError: NotImplementedError: Cannot access storage of SparseTensorImpl
W0826 22:46:14.797000 38373 torch/_functorch/_aot_autograd/graph_compile.py:2384] [0/0] failed to eagerly compile backwards for dynamic, suppressing in case backwards not needed
W0826 22:46:14.797000 38373 torch/_functorch/_aot_autograd/graph_compile.py:2384] [0/0] Traceback (most recent call last):
W0826 22:46:14.797000 38373 torch/_functorch/_aot_autograd/graph_compile.py:2384] [0/0]   File "/tmp/envpinned/lib/python3.12/site-packages/torch/_functorch/_aot_autograd/graph_compile.py", line 2366, in _aot_stage2b_bw_compile
W0826 22:46:14.797000 38373 torch/_functorch/_aot_autograd/graph_compile.py:2384] [0/0]     compiled_bw_func = bw_compiler(bw_module_copy, placeholder_list)
W0826 22:46:14.797000 38373 torch/_functorch/_aot_autograd/graph_compile.py:2384] [0/0]                        ^^^^^^^^^^^^^^^^^^^^^^^^^^^^^^^^^^^^^^^^^^^^^
W0826 22:46:14.797000 38373 torch/_functorch/_aot_autograd/graph_compile.py:2384] [0/0]   File "/tmp/envpinned/lib/python3.12/site-packages/torch/_functorch/_aot_autograd/schemas.py", line 1472, in __call__
W0826 22:46:14.797000 38373 torch/_functorch/_aot_autograd/graph_compile.py:2384] [0/0]     output_code = self.compiler_fn(gm, example_inputs)
W0826 22:46:14.797000 38373 torch/_functorch/_aot_autograd/graph_compile.py:2384] [0/0]                   ^^^^^^^^^^^^^^^^^^^^^^^^^^^^^^^^^^^^
W0826 22:46:14.797000 38373 torch/_functorch/_aot_autograd/graph_compile.py:2384] [0/0]   File "/tmp/envpinned/lib/python3.12/site-packages/torch/_dynamo/backends/common.py", line 83, in _wrapped_bw_compiler
W0826 22:46:14.797000 38373 torch/_functorch/_aot_autograd/graph_compile.py:2384] [0/0]     disable(
W0826 22:46:14.797000 38373 torch/_functorch/_aot_autograd/graph_compile.py:2384] [0/0]   File "/tmp/envpinned/lib/python3.12/site-packages/torch/_dynamo/eval_frame.py", line 1446, in _fn
W0826 22:46:14.797000 38373 torch/_functorch/_aot_autograd/graph_compile.py:2384] [0/0]     return fn(*args, **kwargs)
W0826 22:46:14.797000 38373 torch/_functorch/_aot_autograd/graph_compile.py:2384] [0/0]            ^^^^^^^^^^^^^^^^^^^
W0826 22:46:14.797000 38373 torch/_functorch/_aot_autograd/graph_compile.py:2384] [0/0]   File "/tmp/envpinned/lib/python3.12/site-packages/torch/_utils_internal.py", line 96, in wrapper_function
W0826 22:46:14.797000 38373 torch/_functorch/_aot_autograd/graph_compile.py:2384] [0/0]     return function(*args, **kwargs)
W0826 22:46:14.797000 38373 torch/_functorch/_aot_autograd/graph_compile.py:2384] [0/0]            ^^^^^^^^^^^^^^^^^^^^^^^^^
W0826 22:46:14.797000 38373 torch/_functorch/_aot_autograd/graph_compile.py:2384] [0/0]   File "/tmp/envpinned/lib/python3.12/site-packages/torch/_inductor/compile_fx.py", line 2962, in bw_compiler
W0826 22:46:14.797000 38373 torch/_functorch/_aot_autograd/graph_compile.py:2384] [0/0]     return compile_fx_backward(
W0826 22:46:14.797000 38373 torch/_functorch/_aot_autograd/graph_compile.py:2384] [0/0]            ^^^^^^^^^^^^^^^^^^^^
W0826 22:46:14.797000 38373 torch/_functorch/_aot_autograd/graph_compile.py:2384] [0/0]   File "/tmp/envpinned/lib/python3.12/site-packages/torch/_inductor/compile_fx.py", line 2609, in compile_fx_backward
W0826 22:46:14.797000 38373 torch/_functorch/_aot_autograd/graph_compile.py:2384] [0/0]     return inner_compile(
W0826 22:46:14.797000 38373 torch/_functorch/_aot_autograd/graph_compile.py:2384] [0/0]            ^^^^^^^^^^^^^^
W0826 22:46:14.797000 38373 torch/_functorch/_aot_autograd/graph_compile.py:2384] [0/0]   File "/tmp/envpinned/lib/python3.12/site-packages/torch/_inductor/compile_fx.py", line 837, in compile_fx_inner
W0826 22:46:14.797000 38373 torch/_functorch/_aot_autograd/graph_compile.py:2384] [0/0]     return wrap_compiler_debug(_compile_fx_inner, compiler_name="inductor")(
W0826 22:46:14.797000 38373 torch/_functorch/_aot_autograd/graph_compile.py:2384] [0/0]            ^^^^^^^^^^^^^^^^^^^^^^^^^^^^^^^^^^^^^^^^^^^^^^^^^^^^^^^^^^^^^^^^^
W0826 22:46:14.797000 38373 torch/_functorch/_aot_autograd/graph_compile.py:2384] [0/0]   File "/tmp/envpinned/lib/python3.12/site-packages/torch/_dynamo/repro/after_aot.py", line 317, in debug_wrapper
W0826 22:46:14.797000 38373 torch/_functorch/_aot_autograd/graph_compile.py:2384] [0/0]     inner_compiled_fn = compiler_fn(gm, example_inputs)
W0826 22:46:14.797000 38373 torch/_functorch/_aot_autograd/graph_compile.py:2384] [0/0]                         ^^^^^^^^^^^^^^^^^^^^^^^^^^^^^^^
W0826 22:46:14.797000 38373 torch/_functorch/_aot_autograd/graph_compile.py:2384] [0/0]   File "/tmp/envpinned/lib/python3.12/site-packages/torch/_inductor/compile_fx.py", line 1079, in _compile_fx_inner
W0826 22:46:14.797000 38373 torch/_functorch/_aot_autograd/graph_compile.py:2384] [0/0]     raise InductorError(e, currentframe()).with_traceback(
W0826 22:46:14.797000 38373 torch/_functorch/_aot_autograd/graph_compile.py:2384] [0/0]   File "/tmp/envpinned/lib/python3.12/site-packages/torch/_inductor/compile_fx.py", line 1059, in _compile_fx_inner
W0826 22:46:14.797000 38373 torch/_functorch/_aot_autograd/graph_compile.py:2384] [0/0]     mb_compiled_graph = fx_codegen_and_compile(
W0826 22:46:14.797000 38373 torch/_functorch/_aot_autograd/graph_compile.py:2384] [0/0]                         ^^^^^^^^^^^^^^^^^^^^^^^
W0826 22:46:14.797000 38373 torch/_functorch/_aot_autograd/graph_compile.py:2384] [0/0]   File "/tmp/envpinned/lib/python3.12/site-packages/torch/_inductor/compile_fx.py", line 1847, in fx_codegen_and_compile
W0826 22:46:14.797000 38373 torch/_functorch/_aot_autograd/graph_compile.py:2384] [0/0]     return scheme.codegen_and_compile(gm, example_inputs, inputs_to_check, graph_kwargs)
W0826 22:46:14.797000 38373 torch/_functorch/_aot_autograd/graph_compile.py:2384] [0/0]            ^^^^^^^^^^^^^^^^^^^^^^^^^^^^^^^^^^^^^^^^^^^^^^^^^^^^^^^^^^^^^^^^^^^^^^^^^^^^^
W0826 22:46:14.797000 38373 torch/_functorch/_aot_autograd/graph_compile.py:2384] [0/0]   File "/tmp/envpinned/lib/python3.12/site-packages/torch/_inductor/compile_fx.py", line 1380, in codegen_and_compile
W0826 22:46:14.797000 38373 torch/_functorch/_aot_autograd/graph_compile.py:2384] [0/0]     _recursive_post_grad_passes(gm, is_inference=is_inference)
W0826 22:46:14.797000 38373 torch/_functorch/_aot_autograd/graph_compile.py:2384] [0/0]   File "/tmp/envpinned/lib/python3.12/site-packages/torch/_inductor/compile_fx.py", line 582, in _recursive_post_grad_passes
W0826 22:46:14.797000 38373 torch/_functorch/_aot_autograd/graph_compile.py:2384] [0/0]     post_grad_passes(gm, is_inference)
W0826 22:46:14.797000 38373 torch/_functorch/_aot_autograd/graph_compile.py:2384] [0/0]   File "/tmp/envpinned/lib/python3.12/site-packages/torch/_inductor/fx_passes/post_grad.py", line 423, in post_grad_passes
W0826 22:46:14.797000 38373 torch/_functorch/_aot_autograd/graph_compile.py:2384] [0/0]     GraphTransformObserver(gm, "reinplace_inplaceable_ops").apply_graph_pass(
W0826 22:46:14.797000 38373 torch/_functorch/_aot_autograd/graph_compile.py:2384] [0/0]   File "/tmp/envpinned/lib/python3.12/site-packages/torch/fx/passes/graph_transform_observer.py", line 103, in apply_graph_pass
W0826 22:46:14.797000 38373 torch/_functorch/_aot_autograd/graph_compile.py:2384] [0/0]     return pass_fn(self.gm.graph)
W0826 22:46:14.797000 38373 torch/_functorch/_aot_autograd/graph_compile.py:2384] [0/0]            ^^^^^^^^^^^^^^^^^^^^^^
W0826 22:46:14.797000 38373 torch/_functorch/_aot_autograd/graph_compile.py:2384] [0/0]   File "/tmp/envpinned/lib/python3.12/site-packages/torch/_inductor/fx_passes/reinplace.py", line 1048, in reinplace_inplaceable_ops
W0826 22:46:14.797000 38373 torch/_functorch/_aot_autograd/graph_compile.py:2384] [0/0]     fake_tensor_updater.incremental_update()
W0826 22:46:14.797000 38373 torch/_functorch/_aot_autograd/graph_compile.py:2384] [0/0]   File "/tmp/envpinned/lib/python3.12/site-packages/torch/_inductor/fx_utils.py", line 622, in incremental_update
W0826 22:46:14.797000 38373 torch/_functorch/_aot_autograd/graph_compile.py:2384] [0/0]     if "val" in node.meta and _is_fake_tensor_same(
W0826 22:46:14.797000 38373 torch/_functorch/_aot_autograd/graph_compile.py:2384] [0/0]                               ^^^^^^^^^^^^^^^^^^^^^
W0826 22:46:14.797000 38373 torch/_functorch/_aot_autograd/graph_compile.py:2384] [0/0]   File "/tmp/envpinned/lib/python3.12/site-packages/torch/_inductor/fx_utils.py", line 161, in _is_fake_tensor_same
W0826 22:46:14.797000 38373 torch/_functorch/_aot_autograd/graph_compile.py:2384] [0/0]     ) or get_storage(new) != get_storage(old):
W0826 22:46:14.797000 38373 torch/_functorch/_aot_autograd/graph_compile.py:2384] [0/0]          ^^^^^^^^^^^^^^^^
W0826 22:46:14.797000 38373 torch/_functorch/_aot_autograd/graph_compile.py:2384] [0/0]   File "/tmp/envpinned/lib/python3.12/site-packages/torch/_inductor/fx_utils.py", line 650, in get_storage
W0826 22:46:14.797000 38373 torch/_functorch/_aot_autograd/graph_compile.py:2384] [0/0]     return t.untyped_storage()._cdata
W0826 22:46:14.797000 38373 torch/_functorch/_aot_autograd/graph_compile.py:2384] [0/0]            ^^^^^^^^^^^^^^^^^^^
W0826 22:46:14.797000 38373 torch/_functorch/_aot_autograd/graph_compile.py:2384] [0/0] torch._inductor.exc.InductorError: NotImplementedError: Cannot access storage of SparseTensorImpl
................./tmp/envpinned/lib/python3.12/site-packages/torch/_inductor/lowering.py:2352: FutureWarning: `torch._prims_common.check` is deprecated and will be removed in the future. Please use `torch._check*` functions instead.
  check(
........ss.................................../tmp/t213/test/inductor/test_torchinductor.py:18185: UserWarning: index_reduce() is in beta and the API may change at any time. (Triggered internally at /__w/pytorch/pytorch/aten/src/ATen/native/cuda/Indexing.cu:1478.)
  return x.index_reduce_(2, index, source, "mean", include_self=False)
.......Autotune Choices Stats:
{"num_choices": 12, "num_triton_choices": 12, "best_kernel": "triton_mm_713", "best_kernel_desc": "ACC_TYPE='tl.float32', ALLOW_TF32=False, BLOCK_K=128, BLOCK_M=16, BLOCK_N=16, EVEN_K=True, GROUP_M=8, USE_FAST_ACCUM=False, num_stages=4, num_warps=1", "best_time": 0.02723200060427189, "best_triton_pos": 0}
AUTOTUNE mm(16x1280, 1280x16)
strides: [1280, 1], [s20, 1]
dtypes: torch.bfloat16, torch.bfloat16
  triton_mm_713 0.0272 ms 100.0% ACC_TYPE='tl.float32', ALLOW_TF32=False, BLOCK_K=128, BLOCK_M=16, BLOCK_N=16, EVEN_K=True, GROUP_M=8, USE_FAST_ACCUM=False, num_stages=4, num_warps=1
  triton_mm_707 0.0316 ms 86.2% ACC_TYPE='tl.float32', ALLOW_TF32=False, BLOCK_K=128, BLOCK_M=16, BLOCK_N=16, EVEN_K=True, GROUP_M=8, USE_FAST_ACCUM=False, num_stages=5, num_warps=1
  triton_mm_714 0.0558 ms 48.8% ACC_TYPE='tl.float32', ALLOW_TF32=False, BLOCK_K=64, BLOCK_M=16, BLOCK_N=16, EVEN_K=True, GROUP_M=8, USE_FAST_ACCUM=False, num_stages=5, num_warps=1
  triton_mm_705 0.0562 ms 48.4% ACC_TYPE='tl.float32', ALLOW_TF32=False, BLOCK_K=128, BLOCK_M=16, BLOCK_N=16, EVEN_K=True, GROUP_M=8, USE_FAST_ACCUM=False, num_stages=2, num_warps=1
  triton_mm_715 0.0599 ms 45.4% ACC_TYPE='tl.float32', ALLOW_TF32=False, BLOCK_K=64, BLOCK_M=16, BLOCK_N=16, EVEN_K=True, GROUP_M=8, USE_FAST_ACCUM=False, num_stages=4, num_warps=1
  triton_mm_704 0.0616 ms 44.2% ACC_TYPE='tl.float32', ALLOW_TF32=False, BLOCK_K=16, BLOCK_M=16, BLOCK_N=16, EVEN_K=True, GROUP_M=8, USE_FAST_ACCUM=False, num_stages=1, num_warps=1
  triton_mm_711 0.0656 ms 41.5% ACC_TYPE='tl.float32', ALLOW_TF32=False, BLOCK_K=32, BLOCK_M=16, BLOCK_N=16, EVEN_K=True, GROUP_M=8, USE_FAST_ACCUM=False, num_stages=3, num_warps=1
  triton_mm_712 0.0693 ms 39.3% ACC_TYPE='tl.float32', ALLOW_TF32=False, BLOCK_K=32, BLOCK_M=16, BLOCK_N=16, EVEN_K=True, GROUP_M=8, USE_FAST_ACCUM=False, num_stages=4, num_warps=1
  triton_mm_710 0.0697 ms 39.1% ACC_TYPE='tl.float32', ALLOW_TF32=False, BLOCK_K=64, BLOCK_M=16, BLOCK_N=16, EVEN_K=True, GROUP_M=8, USE_FAST_ACCUM=False, num_stages=3, num_warps=1
  triton_mm_706 0.0764 ms 35.7% ACC_TYPE='tl.float32', ALLOW_TF32=False, BLOCK_K=32, BLOCK_M=16, BLOCK_N=16, EVEN_K=True, GROUP_M=8, USE_FAST_ACCUM=False, num_stages=5, num_warps=1
SingleProcess AUTOTUNE benchmarking takes 0.4344 seconds and 3.2516 seconds precompiling for 12 choices
Autotune Choices Stats:
{"num_choices": 12, "num_triton_choices": 12, "best_kernel": "triton_mm_725", "best_kernel_desc": "ACC_TYPE='tl.float32', ALLOW_TF32=False, BLOCK_K=128, BLOCK_M=16, BLOCK_N=16, EVEN_K=False, GROUP_M=8, USE_FAST_ACCUM=False, num_stages=4, num_warps=1", "best_time": 0.02486399933695793, "best_triton_pos": 0}
AUTOTUNE mm(16x1280, 1280x16)
strides: [s49, 1], [s46, 1]
dtypes: torch.bfloat16, torch.bfloat16
  triton_mm_725 0.0249 ms 100.0% ACC_TYPE='tl.float32', ALLOW_TF32=False, BLOCK_K=128, BLOCK_M=16, BLOCK_N=16, EVEN_K=False, GROUP_M=8, USE_FAST_ACCUM=False, num_stages=4, num_warps=1
  triton_mm_719 0.0292 ms 85.0% ACC_TYPE='tl.float32', ALLOW_TF32=False, BLOCK_K=128, BLOCK_M=16, BLOCK_N=16, EVEN_K=False, GROUP_M=8, USE_FAST_ACCUM=False, num_stages=5, num_warps=1
  triton_mm_717 0.0293 ms 84.8% ACC_TYPE='tl.float32', ALLOW_TF32=False, BLOCK_K=128, BLOCK_M=16, BLOCK_N=16, EVEN_K=False, GROUP_M=8, USE_FAST_ACCUM=False, num_stages=2, num_warps=1
  triton_mm_726 0.0394 ms 63.1% ACC_TYPE='tl.float32', ALLOW_TF32=False, BLOCK_K=64, BLOCK_M=16, BLOCK_N=16, EVEN_K=False, GROUP_M=8, USE_FAST_ACCUM=False, num_stages=5, num_warps=1
  triton_mm_727 0.0394 ms 63.1% ACC_TYPE='tl.float32', ALLOW_TF32=False, BLOCK_K=64, BLOCK_M=16, BLOCK_N=16, EVEN_K=False, GROUP_M=8, USE_FAST_ACCUM=False, num_stages=4, num_warps=1
  triton_mm_722 0.0397 ms 62.6% ACC_TYPE='tl.float32', ALLOW_TF32=False, BLOCK_K=64, BLOCK_M=16, BLOCK_N=16, EVEN_K=False, GROUP_M=8, USE_FAST_ACCUM=False, num_stages=3, num_warps=1
  triton_mm_724 0.0471 ms 52.7% ACC_TYPE='tl.float32', ALLOW_TF32=False, BLOCK_K=32, BLOCK_M=16, BLOCK_N=16, EVEN_K=False, GROUP_M=8, USE_FAST_ACCUM=False, num_stages=4, num_warps=1
  triton_mm_723 0.0477 ms 52.1% ACC_TYPE='tl.float32', ALLOW_TF32=False, BLOCK_K=32, BLOCK_M=16, BLOCK_N=16, EVEN_K=False, GROUP_M=8, USE_FAST_ACCUM=False, num_stages=3, num_warps=1
  triton_mm_718 0.0548 ms 45.4% ACC_TYPE='tl.float32', ALLOW_TF32=False, BLOCK_K=32, BLOCK_M=16, BLOCK_N=16, EVEN_K=False, GROUP_M=8, USE_FAST_ACCUM=False, num_stages=5, num_warps=1
  triton_mm_721 0.0553 ms 44.9% ACC_TYPE='tl.float32', ALLOW_TF32=False, BLOCK_K=32, BLOCK_M=16, BLOCK_N=16, EVEN_K=False, GROUP_M=8, USE_FAST_ACCUM=False, num_stages=2, num_warps=1
SingleProcess AUTOTUNE benchmarking takes 0.4191 seconds and 4.0499 seconds precompiling for 12 choices
..........E0826 22:48:21.860000 38373 torch/_dynamo/utils.py:3722] Accuracy failed: allclose not within tol=0.0001
...W0826 22:48:22.940000 38373 torch/_inductor/cudagraph_utils.py:380] [__cudagraphs] skipping cudagraphs due to mutated inputs (1 instances). Found from : 
W0826 22:48:22.940000 38373 torch/_inductor/cudagraph_utils.py:380] [__cudagraphs]    File "/tmp/t213/test/inductor/test_torchinductor.py", line 9857, in fn
W0826 22:48:22.940000 38373 torch/_inductor/cudagraph_utils.py:380] [__cudagraphs]     a.copy_(b)
W0826 22:48:22.940000 38373 torch/_inductor/cudagraph_utils.py:380] [__cudagraphs] 
..............s....W0826 22:48:49.322000 38373 torch/fx/experimental/symbolic_shapes.py:8238] [0/0] failed during evaluate_expr(1 < ps1, hint=None, size_oblivious=False, forcing_spec=False
/tmp/envpinned/lib/python3.12/site-packages/triton/language/core.py:2284: UserWarning: tl.make_block_ptr is deprecated. Use TensorDescriptor or tl.make_tensor_descriptor instead.
  warn("tl.make_block_ptr is deprecated. Use TensorDescriptor or tl.make_tensor_descriptor instead.")
.....W0826 22:49:00.384000 38373 torch/_inductor/debug.py:545] [0/0_1] model__2792_inference_2678 debug trace: /tmp/t213/test/torch_compile_debug/run_2026_08_26_22_13_05_537431-pid_38373/torchinductor/model__2792_inference_2678.1
...............Autotune Choices Stats:
{"num_choices": 5, "num_triton_choices": 5, "best_kernel": "triton_mm_728", "best_kernel_desc": "ACC_TYPE='tl.float32', ALLOW_TF32=False, BLOCK_K=16, BLOCK_M=16, BLOCK_N=16, EVEN_K=False, GROUP_M=8, USE_FAST_ACCUM=False, num_stages=1, num_warps=1", "best_time": 0.008031999692320824, "best_triton_pos": 0}
AUTOTUNE addmm(10x1, 10x1, 1x1)
strides: [1, 1], [1, 1], [1, 1]
dtypes: torch.float32, torch.float32, torch.float32
  triton_mm_728 0.0080 ms 100.0% ACC_TYPE='tl.float32', ALLOW_TF32=False, BLOCK_K=16, BLOCK_M=16, BLOCK_N=16, EVEN_K=False, GROUP_M=8, USE_FAST_ACCUM=False, num_stages=1, num_warps=1
  triton_mm_730 0.0082 ms 98.4% ACC_TYPE='tl.float32', ALLOW_TF32=False, BLOCK_K=16, BLOCK_M=16, BLOCK_N=16, EVEN_K=False, GROUP_M=8, USE_FAST_ACCUM=False, num_stages=5, num_warps=1
  triton_mm_729 0.0082 ms 98.0% ACC_TYPE='tl.float32', ALLOW_TF32=False, BLOCK_K=16, BLOCK_M=16, BLOCK_N=16, EVEN_K=False, GROUP_M=8, USE_FAST_ACCUM=False, num_stages=2, num_warps=1
  triton_mm_731 0.0082 ms 98.0% ACC_TYPE='tl.float32', ALLOW_TF32=False, BLOCK_K=16, BLOCK_M=16, BLOCK_N=16, EVEN_K=False, GROUP_M=8, USE_FAST_ACCUM=False, num_stages=3, num_warps=1
  triton_mm_732 0.0082 ms 97.7% ACC_TYPE='tl.float32', ALLOW_TF32=False, BLOCK_K=16, BLOCK_M=16, BLOCK_N=16, EVEN_K=False, GROUP_M=8, USE_FAST_ACCUM=False, num_stages=4, num_warps=1
SingleProcess AUTOTUNE benchmarking takes 0.1572 seconds and 0.9736 seconds precompiling for 5 choices
Autotune Choices Stats:
{"num_choices": 5, "num_triton_choices": 5, "best_kernel": "triton_mm_733", "best_kernel_desc": "ACC_TYPE='tl.float32', ALLOW_TF32=False, BLOCK_K=16, BLOCK_M=16, BLOCK_N=16, EVEN_K=False, GROUP_M=8, USE_FAST_ACCUM=False, num_stages=1, num_warps=1", "best_time": 0.008224000222980976, "best_triton_pos": 0}
AUTOTUNE mm(1x10, 10x1)
strides: [1, 1], [1, 1]
dtypes: torch.float32, torch.float32
  triton_mm_733 0.0082 ms 100.0% ACC_TYPE='tl.float32', ALLOW_TF32=False, BLOCK_K=16, BLOCK_M=16, BLOCK_N=16, EVEN_K=False, GROUP_M=8, USE_FAST_ACCUM=False, num_stages=1, num_warps=1
  triton_mm_737 0.0084 ms 98.5% ACC_TYPE='tl.float32', ALLOW_TF32=False, BLOCK_K=16, BLOCK_M=16, BLOCK_N=16, EVEN_K=False, GROUP_M=8, USE_FAST_ACCUM=False, num_stages=4, num_warps=1
  triton_mm_735 0.0087 ms 94.5% ACC_TYPE='tl.float32', ALLOW_TF32=False, BLOCK_K=16, BLOCK_M=16, BLOCK_N=16, EVEN_K=False, GROUP_M=8, USE_FAST_ACCUM=False, num_stages=5, num_warps=1
  triton_mm_736 0.0087 ms 94.5% ACC_TYPE='tl.float32', ALLOW_TF32=False, BLOCK_K=16, BLOCK_M=16, BLOCK_N=16, EVEN_K=False, GROUP_M=8, USE_FAST_ACCUM=False, num_stages=3, num_warps=1
  triton_mm_734 0.0087 ms 94.1% ACC_TYPE='tl.float32', ALLOW_TF32=False, BLOCK_K=16, BLOCK_M=16, BLOCK_N=16, EVEN_K=False, GROUP_M=8, USE_FAST_ACCUM=False, num_stages=2, num_warps=1
SingleProcess AUTOTUNE benchmarking takes 0.1336 seconds and 0.9730 seconds precompiling for 5 choices
Autotune Choices Stats:
{"num_choices": 5, "num_triton_choices": 5, "best_kernel": "triton_mm_749", "best_kernel_desc": "ACC_TYPE='tl.float32', ALLOW_TF32=False, BLOCK_K=16, BLOCK_M=16, BLOCK_N=16, EVEN_K=False, GROUP_M=8, USE_FAST_ACCUM=False, num_stages=2, num_warps=1", "best_time": 0.00774399982765317, "best_triton_pos": 0}
AUTOTUNE addmm(10x1, 10x1, 1x1)
strides: [1, 1], [1, 1], [1, 1]
dtypes: torch.float16, torch.float16, torch.float16
  triton_mm_749 0.0077 ms 100.0% ACC_TYPE='tl.float32', ALLOW_TF32=False, BLOCK_K=16, BLOCK_M=16, BLOCK_N=16, EVEN_K=False, GROUP_M=8, USE_FAST_ACCUM=False, num_stages=2, num_warps=1
  triton_mm_752 0.0078 ms 98.8% ACC_TYPE='tl.float32', ALLOW_TF32=False, BLOCK_K=16, BLOCK_M=16, BLOCK_N=16, EVEN_K=False, GROUP_M=8, USE_FAST_ACCUM=False, num_stages=4, num_warps=1
  triton_mm_750 0.0079 ms 98.4% ACC_TYPE='tl.float32', ALLOW_TF32=False, BLOCK_K=16, BLOCK_M=16, BLOCK_N=16, EVEN_K=False, GROUP_M=8, USE_FAST_ACCUM=False, num_stages=5, num_warps=1
  triton_mm_751 0.0079 ms 98.4% ACC_TYPE='tl.float32', ALLOW_TF32=False, BLOCK_K=16, BLOCK_M=16, BLOCK_N=16, EVEN_K=False, GROUP_M=8, USE_FAST_ACCUM=False, num_stages=3, num_warps=1
  triton_mm_748 0.0402 ms 19.3% ACC_TYPE='tl.float32', ALLOW_TF32=False, BLOCK_K=16, BLOCK_M=16, BLOCK_N=16, EVEN_K=False, GROUP_M=8, USE_FAST_ACCUM=False, num_stages=1, num_warps=1
SingleProcess AUTOTUNE benchmarking takes 0.1565 seconds and 0.7982 seconds precompiling for 5 choices
Autotune Choices Stats:
{"num_choices": 5, "num_triton_choices": 5, "best_kernel": "triton_mm_753", "best_kernel_desc": "ACC_TYPE='tl.float32', ALLOW_TF32=False, BLOCK_K=16, BLOCK_M=16, BLOCK_N=16, EVEN_K=False, GROUP_M=8, USE_FAST_ACCUM=False, num_stages=1, num_warps=1", "best_time": 0.007391999941319227, "best_triton_pos": 0}
AUTOTUNE mm(1x10, 10x1)
strides: [1, 1], [1, 1]
dtypes: torch.float16, torch.float16
  triton_mm_753 0.0074 ms 100.0% ACC_TYPE='tl.float32', ALLOW_TF32=False, BLOCK_K=16, BLOCK_M=16, BLOCK_N=16, EVEN_K=False, GROUP_M=8, USE_FAST_ACCUM=False, num_stages=1, num_warps=1
  triton_mm_757 0.0076 ms 97.9% ACC_TYPE='tl.float32', ALLOW_TF32=False, BLOCK_K=16, BLOCK_M=16, BLOCK_N=16, EVEN_K=False, GROUP_M=8, USE_FAST_ACCUM=False, num_stages=4, num_warps=1
  triton_mm_754 0.0076 ms 97.1% ACC_TYPE='tl.float32', ALLOW_TF32=False, BLOCK_K=16, BLOCK_M=16, BLOCK_N=16, EVEN_K=False, GROUP_M=8, USE_FAST_ACCUM=False, num_stages=2, num_warps=1
  triton_mm_756 0.0076 ms 97.1% ACC_TYPE='tl.float32', ALLOW_TF32=False, BLOCK_K=16, BLOCK_M=16, BLOCK_N=16, EVEN_K=False, GROUP_M=8, USE_FAST_ACCUM=False, num_stages=3, num_warps=1
  triton_mm_755 0.0079 ms 93.5% ACC_TYPE='tl.float32', ALLOW_TF32=False, BLOCK_K=16, BLOCK_M=16, BLOCK_N=16, EVEN_K=False, GROUP_M=8, USE_FAST_ACCUM=False, num_stages=5, num_warps=1
SingleProcess AUTOTUNE benchmarking takes 0.1356 seconds and 0.6146 seconds precompiling for 5 choices
.s....s............s............/tmp/envpinned/lib/python3.12/site-packages/torch/_dynamo/pgo.py:605: UserWarning: dynamo_pgo force disabled by torch.compiler.config.force_disable_caches
  warn_once(
/tmp/envpinned/lib/python3.12/site-packages/torch/_dynamo/pgo.py:605: UserWarning: dynamo_pgo force disabled by torch.compiler.config.force_disable_caches
  warn_once(
./tmp/envpinned/lib/python3.12/site-packages/torch/_dynamo/pgo.py:605: UserWarning: dynamo_pgo force disabled by torch.compiler.config.force_disable_caches
  warn_once(
/tmp/envpinned/lib/python3.12/site-packages/torch/_dynamo/pgo.py:605: UserWarning: dynamo_pgo force disabled by torch.compiler.config.force_disable_caches
  warn_once(
.............................ssss......ss..........................................ss...................................................................USDT:2026-08-26 22:53:41 38373:38373 SyncActivityProfilerHandler.cpp:52] profiler_start
USDT:2026-08-26 22:53:42 38373:38373 SyncActivityProfilerHandler.cpp:59] profiler_stop
...........x.s............s...sssss.......s.......s.s..........s....s........./tmp/envpinned/lib/python3.12/site-packages/triton/language/core.py:2284: UserWarning: tl.make_block_ptr is deprecated. Use TensorDescriptor or tl.make_tensor_descriptor instead.
  warn("tl.make_block_ptr is deprecated. Use TensorDescriptor or tl.make_tensor_descriptor instead.")
../tmp/envpinned/lib/python3.12/site-packages/triton/language/core.py:2284: UserWarning: tl.make_block_ptr is deprecated. Use TensorDescriptor or tl.make_tensor_descriptor instead.
  warn("tl.make_block_ptr is deprecated. Use TensorDescriptor or tl.make_tensor_descriptor instead.")
..................................................s........................s......................s/tmp/envpinned/lib/python3.12/site-packages/triton/language/core.py:2284: UserWarning: tl.make_block_ptr is deprecated. Use TensorDescriptor or tl.make_tensor_descriptor instead.
  warn("tl.make_block_ptr is deprecated. Use TensorDescriptor or tl.make_tensor_descriptor instead.")
/tmp/envpinned/lib/python3.12/site-packages/triton/language/core.py:2284: UserWarning: tl.make_block_ptr is deprecated. Use TensorDescriptor or tl.make_tensor_descriptor instead.
  warn("tl.make_block_ptr is deprecated. Use TensorDescriptor or tl.make_tensor_descriptor instead.")
.................................................s....../tmp/t213/test/inductor/test_torchinductor.py:6928: UserWarning: var(): degrees of freedom is <= 0. Correction should be strictly less than the reduction factor (input numel divided by output numel). (Triggered internally at /__w/pytorch/pytorch/aten/src/ATen/native/ReduceOps.cpp:1861.)
  torch.var(x, dim=dim, correction=10),
/tmp/t213/test/inductor/test_torchinductor.py:6928: UserWarning: var(): degrees of freedom is <= 0. Correction should be strictly less than the reduction factor (input numel divided by output numel). (Triggered internally at /__w/pytorch/pytorch/aten/src/ATen/native/ReduceOps.cpp:1861.)
  torch.var(x, dim=dim, correction=10),
/tmp/t213/test/inductor/test_torchinductor.py:6928: UserWarning: var(): degrees of freedom is <= 0. Correction should be strictly less than the reduction factor (input numel divided by output numel). (Triggered internally at /__w/pytorch/pytorch/aten/src/ATen/native/ReduceOps.cpp:1861.)
  torch.var(x, dim=dim, correction=10),
............................................s.s...s..............................s.........s....F...........s...........s....................................s.................
======================================================================
FAIL: test_unbacked_reduction_cpu (__main__.TestInductorDynamicCPU.test_unbacked_reduction_cpu)
----------------------------------------------------------------------
Traceback (most recent call last):
  File "/tmp/envpinned/lib/python3.12/site-packages/torch/testing/_internal/common_utils.py", line 3553, in wrapper
    method(*args, **kwargs)
  File "/tmp/envpinned/lib/python3.12/site-packages/torch/testing/_internal/common_device_type.py", line 551, in instantiated_test
    result = test(self, **param_kwargs)
             ^^^^^^^^^^^^^^^^^^^^^^^^^^
  File "/usr2/tanngo/.local/share/uv/python/cpython-3.12.14-linux-x86_64-gnu/lib/python3.12/contextlib.py", line 81, in inner
    return func(*args, **kwds)
           ^^^^^^^^^^^^^^^^^^^
  File "/tmp/t213/test/inductor/test_torchinductor_dynamic_shapes.py", line 629, in test_unbacked_reduction
    self.fail("expected to fail, but actually passed")
AssertionError: expected to fail, but actually passed

To execute this test, run the following from the base repo dir:
    python test/inductor/test_torchinductor_dynamic_shapes.py TestInductorDynamicCPU.test_unbacked_reduction_cpu

This message can be suppressed by setting PYTORCH_PRINT_REPRO_ON_FAILURE=0

----------------------------------------------------------------------
Ran 2621 tests in 4656.207s

FAILED (failures=1, skipped=523, expected failures=2)
----------------------------------  ------------  ------------  ------------  ------------  ------------  ------------  ------------  ------------  ------------  ------------  
                              Name    Self CPU %      Self CPU   CPU total %     CPU total  CPU time avg     Self CUDA   Self CUDA %    CUDA total  CUDA time avg    # of Calls  
----------------------------------  ------------  ------------  ------------  ------------  ------------  ------------  ------------  ------------  ------------  ------------  
                     cudaHostAlloc        24.83%     588.192us        24.83%     588.192us       5.882us       0.000us         0.00%       0.000us       0.000us           100  
           Activity Buffer Request         9.29%     220.170us         9.29%     220.170us     220.170us       0.000us         0.00%       0.000us       0.000us             1  
             cudaStreamIsCapturing         1.96%      46.350us         1.96%      46.350us       0.464us       0.000us         0.00%       0.000us       0.000us           100  
                   cudaMemcpyAsync        28.84%     683.150us        28.84%     683.150us       6.832us       0.000us         0.00%       0.000us       0.000us           100  
    Memcpy DtoH (Device -> Pinned)         0.00%       0.000us         0.00%       0.000us       0.000us     270.081us       100.00%     270.081us       2.701us           100  
                   cudaEventRecord         7.85%     185.830us         7.85%     185.830us       0.929us       0.000us         0.00%       0.000us       0.000us           200  
              cudaEventSynchronize        26.81%     634.960us        26.81%     634.960us       3.175us       0.000us         0.00%       0.000us       0.000us           200  
             cudaDeviceSynchronize         0.43%      10.110us         0.43%      10.110us      10.110us       0.000us         0.00%       0.000us       0.000us             1  
----------------------------------  ------------  ------------  ------------  ------------  ------------  ------------  ------------  ------------  ------------  ------------  
Self CPU time total: 2.369ms
Self CUDA time total: 270.081us

----------------------------------  ------------  ------------  ------------  ------------  ------------  ------------  ------------  ------------  ------------  ------------  
                              Name    Self CPU %      Self CPU   CPU total %     CPU total  CPU time avg     Self CUDA   Self CUDA %    CUDA total  CUDA time avg    # of Calls  
----------------------------------  ------------  ------------  ------------  ------------  ------------  ------------  ------------  ------------  ------------  ------------  
                    cudaEventQuery         1.77%     221.630us         1.77%     221.630us       2.216us       0.000us         0.00%       0.000us       0.000us           100  
           Activity Buffer Request         1.92%     239.530us         1.92%     239.530us     239.530us       0.000us         0.00%       0.000us       0.000us             1  
             cudaStreamIsCapturing         0.56%      70.020us         0.56%      70.020us       0.350us       0.000us         0.00%       0.000us       0.000us           200  
                   cudaMemcpyAsync         5.16%     644.871us         5.16%     644.871us       6.449us       0.000us         0.00%       0.000us       0.000us           100  
    Memcpy DtoH (Device -> Pinned)         0.00%       0.000us         0.00%       0.000us       0.000us       1.527ms       100.00%       1.527ms      15.271us           100  
                   cudaEventRecord         1.40%     175.280us         1.40%     175.280us       0.876us       0.000us         0.00%       0.000us       0.000us           200  
              cudaEventSynchronize        88.43%      11.043ms        88.43%      11.043ms      55.214us       0.000us         0.00%       0.000us       0.000us           200  
                     cudaHostAlloc         0.16%      19.500us         0.16%      19.500us      19.500us       0.000us         0.00%       0.000us       0.000us             1  
          cudaEventRecordWithFlags         0.50%      62.010us         0.50%      62.010us       0.620us       0.000us         0.00%       0.000us       0.000us           100  
             cudaDeviceSynchronize         0.09%      11.790us         0.09%      11.790us      11.790us       0.000us         0.00%       0.000us       0.000us             1  
----------------------------------  ------------  ------------  ------------  ------------  ------------  ------------  ------------  ------------  ------------  ------------  
Self CPU time total: 12.487ms
Self CUDA time total: 1.527ms

--> 5
----------------------------------  ------------  ------------  ------------  ------------  ------------  ------------  ------------  ------------  ------------  ------------  
                              Name    Self CPU %      Self CPU   CPU total %     CPU total  CPU time avg     Self CUDA   Self CUDA %    CUDA total  CUDA time avg    # of Calls  
----------------------------------  ------------  ------------  ------------  ------------  ------------  ------------  ------------  ------------  ------------  ------------  
                     cudaHostAlloc        17.75%     770.241us        17.75%     770.241us       7.702us       0.000us         0.00%       0.000us       0.000us           100  
           Activity Buffer Request        17.44%     756.551us        17.44%     756.551us     756.551us       0.000us         0.00%       0.000us       0.000us             1  
             cudaStreamIsCapturing         1.06%      46.140us         1.06%      46.140us       0.461us       0.000us         0.00%       0.000us       0.000us           100  
                   cudaMemcpyAsync        43.82%       1.901ms        43.82%       1.901ms      19.013us       0.000us         0.00%       0.000us       0.000us           100  
    Memcpy DtoH (Device -> Pinned)         0.00%       0.000us         0.00%       0.000us       0.000us     243.228us       100.00%     243.228us       2.432us           100  
                   cudaEventRecord         4.33%     187.750us         4.33%     187.750us       0.939us       0.000us         0.00%       0.000us       0.000us           200  
              cudaEventSynchronize        14.68%     637.031us        14.68%     637.031us       3.185us       0.000us         0.00%       0.000us       0.000us           200  
             cudaDeviceSynchronize         0.93%      40.230us         0.93%      40.230us      40.230us       0.000us         0.00%       0.000us       0.000us             1  
----------------------------------  ------------  ------------  ------------  ------------  ------------  ------------  ------------  ------------  ------------  ------------  
Self CPU time total: 4.339ms
Self CUDA time total: 243.228us

----------------------------------  ------------  ------------  ------------  ------------  ------------  ------------  ------------  ------------  ------------  ------------  
                              Name    Self CPU %      Self CPU   CPU total %     CPU total  CPU time avg     Self CUDA   Self CUDA %    CUDA total  CUDA time avg    # of Calls  
----------------------------------  ------------  ------------  ------------  ------------  ------------  ------------  ------------  ------------  ------------  ------------  
                    cudaEventQuery         8.81%     253.240us         8.81%     253.240us       2.532us       0.000us         0.00%       0.000us       0.000us           100  
           Activity Buffer Request        10.58%     304.200us        10.58%     304.200us     304.200us       0.000us         0.00%       0.000us       0.000us             1  
             cudaStreamIsCapturing         2.57%      73.980us         2.57%      73.980us       0.370us       0.000us         0.00%       0.000us       0.000us           200  
                   cudaMemcpyAsync        37.51%       1.079ms        37.51%       1.079ms      10.787us       0.000us         0.00%       0.000us       0.000us           100  
    Memcpy DtoH (Device -> Pinned)         0.00%       0.000us         0.00%       0.000us       0.000us     246.269us       100.00%     246.269us       2.463us           100  
                   cudaEventRecord        12.95%     372.490us        12.95%     372.490us       1.862us       0.000us         0.00%       0.000us       0.000us           200  
              cudaEventSynchronize        22.66%     651.440us        22.66%     651.440us       3.257us       0.000us         0.00%       0.000us       0.000us           200  
                     cudaHostAlloc         0.96%      27.521us         0.96%      27.521us      27.521us       0.000us         0.00%       0.000us       0.000us             1  
          cudaEventRecordWithFlags         2.47%      71.040us         2.47%      71.040us       0.710us       0.000us         0.00%       0.000us       0.000us           100  
             cudaDeviceSynchronize         1.49%      42.700us         1.49%      42.700us      42.700us       0.000us         0.00%       0.000us       0.000us             1  
----------------------------------  ------------  ------------  ------------  ------------  ------------  ------------  ------------  ------------  ------------  ------------  
Self CPU time total: 2.875ms
Self CUDA time total: 246.269us

--> 7
tensor([[0., 0., 0., 0., 0.],
        [0., 0., 0., 0., 0.],
        [0., 0., 0., 0., 0.],
        [0., -0., 0., -0., -0.],
        [-0., 0., -0., 0., 0.]]) tensor([[0., 0., 0., 0., 0.],
        [0., 0., 0., 0., 0.],
        [0., 0., 0., 0., 0.],
        [0., 0., 0., 0., 0.],
        [0., 0., 0., 0., 0.]])
tensor([[0., 0., 0., 0., 0.],
        [0., 0., 0., 0., 0.],
        [0., 0., 0., 0., 0.],
        [0., -0., 0., -0., -0.],
        [-0., 0., -0., 0., 0.]]) tensor([[0., 0., 0., 0., 0.],
        [0., 0., 0., 0., 0.],
        [0., 0., 0., 0., 0.],
        [0., 0., 0., 0., 0.],
        [0., 0., 0., 0., 0.]])
